ISO-10303-21;
HEADER;
FILE_DESCRIPTION(('KiCad electronic assembly'),'2;1');
FILE_NAME('BUTTON neo-switch CH32V003J4M6.step','2026-06-05T13:21:03',(
    'Pcbnew'),('Kicad'),'Open CASCADE STEP processor 7.9',
  'KiCad to STEP converter','Unknown');
FILE_SCHEMA(('AUTOMOTIVE_DESIGN { 1 0 10303 214 1 1 1 1 }'));
ENDSEC;
DATA;
#1 = APPLICATION_PROTOCOL_DEFINITION('international standard',
  'automotive_design',2000,#2);
#2 = APPLICATION_CONTEXT(
  'core data for automotive mechanical design processes');
#3 = SHAPE_DEFINITION_REPRESENTATION(#4,#10);
#4 = PRODUCT_DEFINITION_SHAPE('','',#5);
#5 = PRODUCT_DEFINITION('design','',#6,#9);
#6 = PRODUCT_DEFINITION_FORMATION('','',#7);
#7 = PRODUCT('BUTTON neo-switch CH32V003J4M6 1',
  'BUTTON neo-switch CH32V003J4M6 1','',(#8));
#8 = PRODUCT_CONTEXT('',#2,'mechanical');
#9 = PRODUCT_DEFINITION_CONTEXT('part definition',#2,'design');
#10 = SHAPE_REPRESENTATION('',(#11,#15,#19,#23,#27,#31,#35,#39,#43,#47,
    #51,#55),#59);
#11 = AXIS2_PLACEMENT_3D('',#12,#13,#14);
#12 = CARTESIAN_POINT('',(0.,0.,0.));
#13 = DIRECTION('',(0.,0.,1.));
#14 = DIRECTION('',(1.,0.,-0.));
#15 = AXIS2_PLACEMENT_3D('',#16,#17,#18);
#16 = CARTESIAN_POINT('',(48.762,-40.34,1.595));
#17 = DIRECTION('',(0.,0.,1.));
#18 = DIRECTION('',(1.,0.,0.));
#19 = AXIS2_PLACEMENT_3D('',#20,#21,#22);
#20 = CARTESIAN_POINT('',(44.613861,-48.001475,1.595));
#21 = DIRECTION('',(0.,-0.,1.));
#22 = DIRECTION('',(1.144237745222E-17,1.,0.));
#23 = AXIS2_PLACEMENT_3D('',#24,#25,#26);
#24 = CARTESIAN_POINT('',(32.762,-51.46,1.595));
#25 = DIRECTION('',(0.,-0.,1.));
#26 = DIRECTION('',(1.144237745222E-17,1.,0.));
#27 = AXIS2_PLACEMENT_3D('',#28,#29,#30);
#28 = CARTESIAN_POINT('',(38.95,-50.,1.595));
#29 = DIRECTION('',(0.,-0.,1.));
#30 = DIRECTION('',(1.144237745222E-17,1.,0.));
#31 = AXIS2_PLACEMENT_3D('',#32,#33,#34);
#32 = CARTESIAN_POINT('',(44.512,-50.21,1.595));
#33 = DIRECTION('',(-0.,0.,1.));
#34 = DIRECTION('',(1.110223024625E-16,-1.,0.));
#35 = AXIS2_PLACEMENT_3D('',#36,#37,#38);
#36 = CARTESIAN_POINT('',(32.512,-47.54,1.595));
#37 = DIRECTION('',(0.,0.,1.));
#38 = DIRECTION('',(-1.,1.224646799147E-16,0.));
#39 = AXIS2_PLACEMENT_3D('',#40,#41,#42);
#40 = CARTESIAN_POINT('',(39.937,-44.075,1.595));
#41 = DIRECTION('',(0.,0.,1.));
#42 = DIRECTION('',(1.,0.,0.));
#43 = AXIS2_PLACEMENT_3D('',#44,#45,#46);
#44 = CARTESIAN_POINT('',(0.,0.,0.));
#45 = DIRECTION('',(0.,0.,1.));
#46 = DIRECTION('',(1.,0.,-0.));
#47 = AXIS2_PLACEMENT_3D('',#48,#49,#50);
#48 = CARTESIAN_POINT('',(0.,0.,0.));
#49 = DIRECTION('',(0.,0.,1.));
#50 = DIRECTION('',(1.,0.,-0.));
#51 = AXIS2_PLACEMENT_3D('',#52,#53,#54);
#52 = CARTESIAN_POINT('',(0.,0.,0.));
#53 = DIRECTION('',(0.,0.,1.));
#54 = DIRECTION('',(1.,0.,-0.));
#55 = AXIS2_PLACEMENT_3D('',#56,#57,#58);
#56 = CARTESIAN_POINT('',(0.,0.,0.));
#57 = DIRECTION('',(0.,0.,1.));
#58 = DIRECTION('',(1.,0.,-0.));
#59 = ( GEOMETRIC_REPRESENTATION_CONTEXT(3) 
GLOBAL_UNCERTAINTY_ASSIGNED_CONTEXT((#63)) GLOBAL_UNIT_ASSIGNED_CONTEXT(
(#60,#61,#62)) REPRESENTATION_CONTEXT('Context #1',
  '3D Context with UNIT and UNCERTAINTY') );
#60 = ( LENGTH_UNIT() NAMED_UNIT(*) SI_UNIT(.MILLI.,.METRE.) );
#61 = ( NAMED_UNIT(*) PLANE_ANGLE_UNIT() SI_UNIT($,.RADIAN.) );
#62 = ( NAMED_UNIT(*) SI_UNIT($,.STERADIAN.) SOLID_ANGLE_UNIT() );
#63 = UNCERTAINTY_MEASURE_WITH_UNIT(LENGTH_MEASURE(1.E-07),#60,
  'distance_accuracy_value','confusion accuracy');
#64 = PRODUCT_RELATED_PRODUCT_CATEGORY('part',$,(#7));
#65 = SHAPE_DEFINITION_REPRESENTATION(#66,#72);
#66 = PRODUCT_DEFINITION_SHAPE('','',#67);
#67 = PRODUCT_DEFINITION('design','',#68,#71);
#68 = PRODUCT_DEFINITION_FORMATION('','',#69);
#69 = PRODUCT('Header_SMD_01x04_P2.54mm_Horizontal_Male',
  'Header_SMD_01x04_P2.54mm_Horizontal_Male','',(#70));
#70 = PRODUCT_CONTEXT('',#2,'mechanical');
#71 = PRODUCT_DEFINITION_CONTEXT('part definition',#2,'design');
#72 = SHAPE_REPRESENTATION('',(#11,#73,#77),#81);
#73 = AXIS2_PLACEMENT_3D('',#74,#75,#76);
#74 = CARTESIAN_POINT('',(0.,0.,0.));
#75 = DIRECTION('',(0.,0.,1.));
#76 = DIRECTION('',(1.,0.,0.));
#77 = AXIS2_PLACEMENT_3D('',#78,#79,#80);
#78 = CARTESIAN_POINT('',(0.,0.,0.));
#79 = DIRECTION('',(0.,0.,1.));
#80 = DIRECTION('',(1.,0.,0.));
#81 = ( GEOMETRIC_REPRESENTATION_CONTEXT(3) 
GLOBAL_UNCERTAINTY_ASSIGNED_CONTEXT((#85)) GLOBAL_UNIT_ASSIGNED_CONTEXT(
(#82,#83,#84)) REPRESENTATION_CONTEXT('Context #1',
  '3D Context with UNIT and UNCERTAINTY') );
#82 = ( LENGTH_UNIT() NAMED_UNIT(*) SI_UNIT(.MILLI.,.METRE.) );
#83 = ( NAMED_UNIT(*) PLANE_ANGLE_UNIT() SI_UNIT($,.RADIAN.) );
#84 = ( NAMED_UNIT(*) SI_UNIT($,.STERADIAN.) SOLID_ANGLE_UNIT() );
#85 = UNCERTAINTY_MEASURE_WITH_UNIT(LENGTH_MEASURE(1.E-07),#82,
  'distance_accuracy_value','confusion accuracy');
#86 = CONTEXT_DEPENDENT_SHAPE_REPRESENTATION(#87,#89);
#87 = ( REPRESENTATION_RELATIONSHIP('','',#72,#10) 
REPRESENTATION_RELATIONSHIP_WITH_TRANSFORMATION(#88) 
SHAPE_REPRESENTATION_RELATIONSHIP() );
#88 = ITEM_DEFINED_TRANSFORMATION('','',#11,#15);
#89 = PRODUCT_DEFINITION_SHAPE('Placement','Placement of an item',#90);
#90 = NEXT_ASSEMBLY_USAGE_OCCURRENCE('3','J4','',#5,#67,$);
#91 = PRODUCT_RELATED_PRODUCT_CATEGORY('part',$,(#69));
#92 = SHAPE_DEFINITION_REPRESENTATION(#93,#99);
#93 = PRODUCT_DEFINITION_SHAPE('','',#94);
#94 = PRODUCT_DEFINITION('design','',#95,#98);
#95 = PRODUCT_DEFINITION_FORMATION('','',#96);
#96 = PRODUCT('BUTTON neo-switch CH32V003J4M6 1.1.1',
  'BUTTON neo-switch CH32V003J4M6 1.1.1','',(#97));
#97 = PRODUCT_CONTEXT('',#2,'mechanical');
#98 = PRODUCT_DEFINITION_CONTEXT('part definition',#2,'design');
#99 = SHAPE_REPRESENTATION('',(#11,#100,#902,#1704,#2506),#3308);
#100 = MANIFOLD_SOLID_BREP('',#101);
#101 = CLOSED_SHELL('',(#102,#142,#173,#204,#235,#266,#288,#312,#336,
    #360,#377,#408,#432,#444,#461,#493,#529,#561,#578,#623,#634,#658,
    #674,#707,#724,#748,#780,#804,#836,#853,#873,#890));
#102 = ADVANCED_FACE('',(#103),#137,.F.);
#103 = FACE_BOUND('',#104,.F.);
#104 = EDGE_LOOP('',(#105,#115,#123,#131));
#105 = ORIENTED_EDGE('',*,*,#106,.F.);
#106 = EDGE_CURVE('',#107,#109,#111,.T.);
#107 = VERTEX_POINT('',#108);
#108 = CARTESIAN_POINT('',(6.348333333333,-0.32,2.1));
#109 = VERTEX_POINT('',#110);
#110 = CARTESIAN_POINT('',(14.228333333333,-0.32,2.1));
#111 = LINE('',#112,#113);
#112 = CARTESIAN_POINT('',(6.348333333333,-0.32,2.1));
#113 = VECTOR('',#114,1.);
#114 = DIRECTION('',(1.,-2.22044604925E-16,1.110223024625E-16));
#115 = ORIENTED_EDGE('',*,*,#116,.T.);
#116 = EDGE_CURVE('',#107,#117,#119,.T.);
#117 = VERTEX_POINT('',#118);
#118 = CARTESIAN_POINT('',(6.348333333333,0.32,2.1));
#119 = LINE('',#120,#121);
#120 = CARTESIAN_POINT('',(6.348333333333,-0.32,2.1));
#121 = VECTOR('',#122,1.);
#122 = DIRECTION('',(2.22044604925E-16,1.,-5.551115123126E-16));
#123 = ORIENTED_EDGE('',*,*,#124,.T.);
#124 = EDGE_CURVE('',#117,#125,#127,.T.);
#125 = VERTEX_POINT('',#126);
#126 = CARTESIAN_POINT('',(14.228333333333,0.32,2.1));
#127 = LINE('',#128,#129);
#128 = CARTESIAN_POINT('',(6.348333333333,0.32,2.1));
#129 = VECTOR('',#130,1.);
#130 = DIRECTION('',(1.,-2.22044604925E-16,1.110223024625E-16));
#131 = ORIENTED_EDGE('',*,*,#132,.F.);
#132 = EDGE_CURVE('',#109,#125,#133,.T.);
#133 = LINE('',#134,#135);
#134 = CARTESIAN_POINT('',(14.228333333333,-0.32,2.1));
#135 = VECTOR('',#136,1.);
#136 = DIRECTION('',(2.22044604925E-16,1.,-5.551115123126E-16));
#137 = PLANE('',#138);
#138 = AXIS2_PLACEMENT_3D('',#139,#140,#141);
#139 = CARTESIAN_POINT('',(6.348333333333,-0.32,2.1));
#140 = DIRECTION('',(1.110223024625E-16,-5.551115123126E-16,-1.));
#141 = DIRECTION('',(2.22044604925E-16,1.,-5.551115123126E-16));
#142 = ADVANCED_FACE('',(#143),#168,.F.);
#143 = FACE_BOUND('',#144,.F.);
#144 = EDGE_LOOP('',(#145,#155,#161,#162));
#145 = ORIENTED_EDGE('',*,*,#146,.F.);
#146 = EDGE_CURVE('',#147,#149,#151,.T.);
#147 = VERTEX_POINT('',#148);
#148 = CARTESIAN_POINT('',(6.348333333333,-0.32,1.46));
#149 = VERTEX_POINT('',#150);
#150 = CARTESIAN_POINT('',(14.228333333333,-0.32,1.46));
#151 = LINE('',#152,#153);
#152 = CARTESIAN_POINT('',(6.348333333333,-0.32,1.46));
#153 = VECTOR('',#154,1.);
#154 = DIRECTION('',(1.,-2.22044604925E-16,1.110223024625E-16));
#155 = ORIENTED_EDGE('',*,*,#156,.T.);
#156 = EDGE_CURVE('',#147,#107,#157,.T.);
#157 = LINE('',#158,#159);
#158 = CARTESIAN_POINT('',(6.348333333333,-0.32,1.46));
#159 = VECTOR('',#160,1.);
#160 = DIRECTION('',(-5.551115123126E-16,3.330669073875E-16,1.));
#161 = ORIENTED_EDGE('',*,*,#106,.T.);
#162 = ORIENTED_EDGE('',*,*,#163,.F.);
#163 = EDGE_CURVE('',#149,#109,#164,.T.);
#164 = LINE('',#165,#166);
#165 = CARTESIAN_POINT('',(14.228333333333,-0.32,1.46));
#166 = VECTOR('',#167,1.);
#167 = DIRECTION('',(-5.551115123126E-16,3.330669073875E-16,1.));
#168 = PLANE('',#169);
#169 = AXIS2_PLACEMENT_3D('',#170,#171,#172);
#170 = CARTESIAN_POINT('',(6.348333333333,-0.32,1.46));
#171 = DIRECTION('',(2.22044604925E-16,1.,-3.330669073875E-16));
#172 = DIRECTION('',(-5.551115123126E-16,3.330669073875E-16,1.));
#173 = ADVANCED_FACE('',(#174),#199,.T.);
#174 = FACE_BOUND('',#175,.F.);
#175 = EDGE_LOOP('',(#176,#184,#185,#193));
#176 = ORIENTED_EDGE('',*,*,#177,.F.);
#177 = EDGE_CURVE('',#109,#178,#180,.T.);
#178 = VERTEX_POINT('',#179);
#179 = CARTESIAN_POINT('',(14.428333333333,-0.12,1.9));
#180 = LINE('',#181,#182);
#181 = CARTESIAN_POINT('',(14.401666666667,-0.146666666667,
    1.926666666667));
#182 = VECTOR('',#183,1.);
#183 = DIRECTION('',(0.57735026919,0.57735026919,-0.57735026919));
#184 = ORIENTED_EDGE('',*,*,#132,.T.);
#185 = ORIENTED_EDGE('',*,*,#186,.T.);
#186 = EDGE_CURVE('',#125,#187,#189,.T.);
#187 = VERTEX_POINT('',#188);
#188 = CARTESIAN_POINT('',(14.428333333333,0.12,1.9));
#189 = LINE('',#190,#191);
#190 = CARTESIAN_POINT('',(14.401666666667,0.146666666667,1.926666666667
    ));
#191 = VECTOR('',#192,1.);
#192 = DIRECTION('',(0.57735026919,-0.57735026919,-0.57735026919));
#193 = ORIENTED_EDGE('',*,*,#194,.F.);
#194 = EDGE_CURVE('',#178,#187,#195,.T.);
#195 = LINE('',#196,#197);
#196 = CARTESIAN_POINT('',(14.428333333333,-0.32,1.9));
#197 = VECTOR('',#198,1.);
#198 = DIRECTION('',(2.22044604925E-16,1.,-5.551115123126E-16));
#199 = PLANE('',#200);
#200 = AXIS2_PLACEMENT_3D('',#201,#202,#203);
#201 = CARTESIAN_POINT('',(14.328333333333,-0.32,2.));
#202 = DIRECTION('',(0.707106781187,3.943505581832E-16,0.707106781187));
#203 = DIRECTION('',(-1.097301047627E-16,-1.,6.674260124749E-16));
#204 = ADVANCED_FACE('',(#205),#230,.F.);
#205 = FACE_BOUND('',#206,.F.);
#206 = EDGE_LOOP('',(#207,#215,#223,#229));
#207 = ORIENTED_EDGE('',*,*,#208,.F.);
#208 = EDGE_CURVE('',#209,#107,#211,.T.);
#209 = VERTEX_POINT('',#210);
#210 = CARTESIAN_POINT('',(3.808333333333,-0.32,2.1));
#211 = LINE('',#212,#213);
#212 = CARTESIAN_POINT('',(3.808333333333,-0.32,2.1));
#213 = VECTOR('',#214,1.);
#214 = DIRECTION('',(1.,-2.22044604925E-16,1.110223024625E-16));
#215 = ORIENTED_EDGE('',*,*,#216,.T.);
#216 = EDGE_CURVE('',#209,#217,#219,.T.);
#217 = VERTEX_POINT('',#218);
#218 = CARTESIAN_POINT('',(3.808333333333,0.32,2.1));
#219 = LINE('',#220,#221);
#220 = CARTESIAN_POINT('',(3.808333333333,-0.32,2.1));
#221 = VECTOR('',#222,1.);
#222 = DIRECTION('',(2.22044604925E-16,1.,-5.551115123126E-16));
#223 = ORIENTED_EDGE('',*,*,#224,.T.);
#224 = EDGE_CURVE('',#217,#117,#225,.T.);
#225 = LINE('',#226,#227);
#226 = CARTESIAN_POINT('',(3.808333333333,0.32,2.1));
#227 = VECTOR('',#228,1.);
#228 = DIRECTION('',(1.,-2.22044604925E-16,1.110223024625E-16));
#229 = ORIENTED_EDGE('',*,*,#116,.F.);
#230 = PLANE('',#231);
#231 = AXIS2_PLACEMENT_3D('',#232,#233,#234);
#232 = CARTESIAN_POINT('',(3.808333333333,-0.32,2.1));
#233 = DIRECTION('',(1.110223024625E-16,-5.551115123126E-16,-1.));
#234 = DIRECTION('',(2.22044604925E-16,1.,-5.551115123126E-16));
#235 = ADVANCED_FACE('',(#236),#261,.F.);
#236 = FACE_BOUND('',#237,.F.);
#237 = EDGE_LOOP('',(#238,#239,#247,#255));
#238 = ORIENTED_EDGE('',*,*,#124,.F.);
#239 = ORIENTED_EDGE('',*,*,#240,.T.);
#240 = EDGE_CURVE('',#117,#241,#243,.T.);
#241 = VERTEX_POINT('',#242);
#242 = CARTESIAN_POINT('',(6.348333333333,0.32,1.46));
#243 = LINE('',#244,#245);
#244 = CARTESIAN_POINT('',(6.348333333333,0.32,2.1));
#245 = VECTOR('',#246,1.);
#246 = DIRECTION('',(5.551115123126E-16,-3.330669073875E-16,-1.));
#247 = ORIENTED_EDGE('',*,*,#248,.T.);
#248 = EDGE_CURVE('',#241,#249,#251,.T.);
#249 = VERTEX_POINT('',#250);
#250 = CARTESIAN_POINT('',(14.228333333333,0.32,1.46));
#251 = LINE('',#252,#253);
#252 = CARTESIAN_POINT('',(6.348333333333,0.32,1.46));
#253 = VECTOR('',#254,1.);
#254 = DIRECTION('',(1.,-2.22044604925E-16,5.551115123126E-16));
#255 = ORIENTED_EDGE('',*,*,#256,.F.);
#256 = EDGE_CURVE('',#125,#249,#257,.T.);
#257 = LINE('',#258,#259);
#258 = CARTESIAN_POINT('',(14.228333333333,0.32,2.1));
#259 = VECTOR('',#260,1.);
#260 = DIRECTION('',(5.551115123126E-16,-3.330669073875E-16,-1.));
#261 = PLANE('',#262);
#262 = AXIS2_PLACEMENT_3D('',#263,#264,#265);
#263 = CARTESIAN_POINT('',(6.348333333333,0.32,2.1));
#264 = DIRECTION('',(-2.22044604925E-16,-1.,3.330669073875E-16));
#265 = DIRECTION('',(5.551115123126E-16,-3.330669073875E-16,-1.));
#266 = ADVANCED_FACE('',(#267),#283,.F.);
#267 = FACE_BOUND('',#268,.F.);
#268 = EDGE_LOOP('',(#269,#270,#276,#277));
#269 = ORIENTED_EDGE('',*,*,#248,.F.);
#270 = ORIENTED_EDGE('',*,*,#271,.T.);
#271 = EDGE_CURVE('',#241,#147,#272,.T.);
#272 = LINE('',#273,#274);
#273 = CARTESIAN_POINT('',(6.348333333333,0.32,1.46));
#274 = VECTOR('',#275,1.);
#275 = DIRECTION('',(-2.22044604925E-16,-1.,5.551115123126E-16));
#276 = ORIENTED_EDGE('',*,*,#146,.T.);
#277 = ORIENTED_EDGE('',*,*,#278,.F.);
#278 = EDGE_CURVE('',#249,#149,#279,.T.);
#279 = LINE('',#280,#281);
#280 = CARTESIAN_POINT('',(14.228333333333,0.32,1.46));
#281 = VECTOR('',#282,1.);
#282 = DIRECTION('',(-2.22044604925E-16,-1.,5.551115123126E-16));
#283 = PLANE('',#284);
#284 = AXIS2_PLACEMENT_3D('',#285,#286,#287);
#285 = CARTESIAN_POINT('',(6.348333333333,0.32,1.46));
#286 = DIRECTION('',(-1.110223024625E-16,5.551115123126E-16,1.));
#287 = DIRECTION('',(-2.22044604925E-16,-1.,5.551115123126E-16));
#288 = ADVANCED_FACE('',(#289),#307,.T.);
#289 = FACE_BOUND('',#290,.T.);
#290 = EDGE_LOOP('',(#291,#299,#305,#306));
#291 = ORIENTED_EDGE('',*,*,#292,.F.);
#292 = EDGE_CURVE('',#293,#149,#295,.T.);
#293 = VERTEX_POINT('',#294);
#294 = CARTESIAN_POINT('',(14.428333333333,-0.12,1.66));
#295 = LINE('',#296,#297);
#296 = CARTESIAN_POINT('',(14.401666666667,-0.146666666667,
    1.633333333333));
#297 = VECTOR('',#298,1.);
#298 = DIRECTION('',(-0.57735026919,-0.57735026919,-0.57735026919));
#299 = ORIENTED_EDGE('',*,*,#300,.T.);
#300 = EDGE_CURVE('',#293,#178,#301,.T.);
#301 = LINE('',#302,#303);
#302 = CARTESIAN_POINT('',(14.428333333333,-0.12,1.46));
#303 = VECTOR('',#304,1.);
#304 = DIRECTION('',(-5.551115123126E-16,3.330669073875E-16,1.));
#305 = ORIENTED_EDGE('',*,*,#177,.F.);
#306 = ORIENTED_EDGE('',*,*,#163,.F.);
#307 = PLANE('',#308);
#308 = AXIS2_PLACEMENT_3D('',#309,#310,#311);
#309 = CARTESIAN_POINT('',(14.328333333333,-0.22,1.46));
#310 = DIRECTION('',(0.707106781187,-0.707106781187,3.149322134929E-16)
  );
#311 = DIRECTION('',(-3.337130062374E-16,1.116684013124E-16,1.));
#312 = ADVANCED_FACE('',(#313),#331,.F.);
#313 = FACE_BOUND('',#314,.F.);
#314 = EDGE_LOOP('',(#315,#323,#329,#330));
#315 = ORIENTED_EDGE('',*,*,#316,.F.);
#316 = EDGE_CURVE('',#317,#147,#319,.T.);
#317 = VERTEX_POINT('',#318);
#318 = CARTESIAN_POINT('',(3.808333333333,-0.32,1.46));
#319 = LINE('',#320,#321);
#320 = CARTESIAN_POINT('',(3.808333333333,-0.32,1.46));
#321 = VECTOR('',#322,1.);
#322 = DIRECTION('',(1.,-2.22044604925E-16,1.110223024625E-16));
#323 = ORIENTED_EDGE('',*,*,#324,.T.);
#324 = EDGE_CURVE('',#317,#209,#325,.T.);
#325 = LINE('',#326,#327);
#326 = CARTESIAN_POINT('',(3.808333333333,-0.32,1.46));
#327 = VECTOR('',#328,1.);
#328 = DIRECTION('',(-5.551115123126E-16,3.330669073875E-16,1.));
#329 = ORIENTED_EDGE('',*,*,#208,.T.);
#330 = ORIENTED_EDGE('',*,*,#156,.F.);
#331 = PLANE('',#332);
#332 = AXIS2_PLACEMENT_3D('',#333,#334,#335);
#333 = CARTESIAN_POINT('',(3.808333333333,-0.32,1.46));
#334 = DIRECTION('',(2.22044604925E-16,1.,-3.330669073875E-16));
#335 = DIRECTION('',(-5.551115123126E-16,3.330669073875E-16,1.));
#336 = ADVANCED_FACE('',(#337),#355,.F.);
#337 = FACE_BOUND('',#338,.F.);
#338 = EDGE_LOOP('',(#339,#340,#348,#354));
#339 = ORIENTED_EDGE('',*,*,#194,.T.);
#340 = ORIENTED_EDGE('',*,*,#341,.T.);
#341 = EDGE_CURVE('',#187,#342,#344,.T.);
#342 = VERTEX_POINT('',#343);
#343 = CARTESIAN_POINT('',(14.428333333333,0.12,1.66));
#344 = LINE('',#345,#346);
#345 = CARTESIAN_POINT('',(14.428333333333,0.12,2.1));
#346 = VECTOR('',#347,1.);
#347 = DIRECTION('',(5.551115123126E-16,-3.330669073875E-16,-1.));
#348 = ORIENTED_EDGE('',*,*,#349,.T.);
#349 = EDGE_CURVE('',#342,#293,#350,.T.);
#350 = LINE('',#351,#352);
#351 = CARTESIAN_POINT('',(14.428333333333,0.32,1.66));
#352 = VECTOR('',#353,1.);
#353 = DIRECTION('',(-2.22044604925E-16,-1.,5.551115123126E-16));
#354 = ORIENTED_EDGE('',*,*,#300,.T.);
#355 = PLANE('',#356);
#356 = AXIS2_PLACEMENT_3D('',#357,#358,#359);
#357 = CARTESIAN_POINT('',(14.428333333333,-2.567095841455E-15,1.78));
#358 = DIRECTION('',(-1.,-1.232595164408E-32,-1.110223024625E-16));
#359 = DIRECTION('',(5.167288087198E-45,-1.,1.110223024625E-16));
#360 = ADVANCED_FACE('',(#361),#372,.T.);
#361 = FACE_BOUND('',#362,.T.);
#362 = EDGE_LOOP('',(#363,#364,#365,#371));
#363 = ORIENTED_EDGE('',*,*,#186,.T.);
#364 = ORIENTED_EDGE('',*,*,#341,.T.);
#365 = ORIENTED_EDGE('',*,*,#366,.T.);
#366 = EDGE_CURVE('',#342,#249,#367,.T.);
#367 = LINE('',#368,#369);
#368 = CARTESIAN_POINT('',(14.401666666667,0.146666666667,1.633333333333
    ));
#369 = VECTOR('',#370,1.);
#370 = DIRECTION('',(-0.57735026919,0.57735026919,-0.57735026919));
#371 = ORIENTED_EDGE('',*,*,#256,.F.);
#372 = PLANE('',#373);
#373 = AXIS2_PLACEMENT_3D('',#374,#375,#376);
#374 = CARTESIAN_POINT('',(14.328333333333,0.22,2.1));
#375 = DIRECTION('',(0.707106781187,0.707106781187,-1.544521331713E-16)
  );
#376 = DIRECTION('',(3.348750591159E-16,-5.533033605842E-16,-1.));
#377 = ADVANCED_FACE('',(#378),#403,.F.);
#378 = FACE_BOUND('',#379,.F.);
#379 = EDGE_LOOP('',(#380,#388,#396,#402));
#380 = ORIENTED_EDGE('',*,*,#381,.F.);
#381 = EDGE_CURVE('',#382,#209,#384,.T.);
#382 = VERTEX_POINT('',#383);
#383 = CARTESIAN_POINT('',(2.221666666667,-0.32,2.1));
#384 = LINE('',#385,#386);
#385 = CARTESIAN_POINT('',(2.221666666667,-0.32,2.1));
#386 = VECTOR('',#387,1.);
#387 = DIRECTION('',(1.,-2.22044604925E-16,1.110223024625E-16));
#388 = ORIENTED_EDGE('',*,*,#389,.T.);
#389 = EDGE_CURVE('',#382,#390,#392,.T.);
#390 = VERTEX_POINT('',#391);
#391 = CARTESIAN_POINT('',(2.221666666667,0.32,2.1));
#392 = LINE('',#393,#394);
#393 = CARTESIAN_POINT('',(2.221666666667,-0.32,2.1));
#394 = VECTOR('',#395,1.);
#395 = DIRECTION('',(2.22044604925E-16,1.,-5.551115123126E-16));
#396 = ORIENTED_EDGE('',*,*,#397,.T.);
#397 = EDGE_CURVE('',#390,#217,#398,.T.);
#398 = LINE('',#399,#400);
#399 = CARTESIAN_POINT('',(2.221666666667,0.32,2.1));
#400 = VECTOR('',#401,1.);
#401 = DIRECTION('',(1.,-2.22044604925E-16,1.110223024625E-16));
#402 = ORIENTED_EDGE('',*,*,#216,.F.);
#403 = PLANE('',#404);
#404 = AXIS2_PLACEMENT_3D('',#405,#406,#407);
#405 = CARTESIAN_POINT('',(2.221666666667,-0.32,2.1));
#406 = DIRECTION('',(1.110223024625E-16,-5.551115123126E-16,-1.));
#407 = DIRECTION('',(2.22044604925E-16,1.,-5.551115123126E-16));
#408 = ADVANCED_FACE('',(#409),#427,.F.);
#409 = FACE_BOUND('',#410,.F.);
#410 = EDGE_LOOP('',(#411,#412,#420,#426));
#411 = ORIENTED_EDGE('',*,*,#224,.F.);
#412 = ORIENTED_EDGE('',*,*,#413,.T.);
#413 = EDGE_CURVE('',#217,#414,#416,.T.);
#414 = VERTEX_POINT('',#415);
#415 = CARTESIAN_POINT('',(3.808333333333,0.32,1.46));
#416 = LINE('',#417,#418);
#417 = CARTESIAN_POINT('',(3.808333333333,0.32,2.1));
#418 = VECTOR('',#419,1.);
#419 = DIRECTION('',(5.551115123126E-16,-3.330669073875E-16,-1.));
#420 = ORIENTED_EDGE('',*,*,#421,.T.);
#421 = EDGE_CURVE('',#414,#241,#422,.T.);
#422 = LINE('',#423,#424);
#423 = CARTESIAN_POINT('',(3.808333333333,0.32,1.46));
#424 = VECTOR('',#425,1.);
#425 = DIRECTION('',(1.,-2.22044604925E-16,5.551115123126E-16));
#426 = ORIENTED_EDGE('',*,*,#240,.F.);
#427 = PLANE('',#428);
#428 = AXIS2_PLACEMENT_3D('',#429,#430,#431);
#429 = CARTESIAN_POINT('',(3.808333333333,0.32,2.1));
#430 = DIRECTION('',(-2.22044604925E-16,-1.,3.330669073875E-16));
#431 = DIRECTION('',(5.551115123126E-16,-3.330669073875E-16,-1.));
#432 = ADVANCED_FACE('',(#433),#439,.T.);
#433 = FACE_BOUND('',#434,.T.);
#434 = EDGE_LOOP('',(#435,#436,#437,#438));
#435 = ORIENTED_EDGE('',*,*,#366,.F.);
#436 = ORIENTED_EDGE('',*,*,#349,.T.);
#437 = ORIENTED_EDGE('',*,*,#292,.T.);
#438 = ORIENTED_EDGE('',*,*,#278,.F.);
#439 = PLANE('',#440);
#440 = AXIS2_PLACEMENT_3D('',#441,#442,#443);
#441 = CARTESIAN_POINT('',(14.328333333333,0.32,1.56));
#442 = DIRECTION('',(0.707106781187,-3.943505581832E-16,-0.707106781187)
  );
#443 = DIRECTION('',(-1.123145001623E-16,-1.,4.453814075499E-16));
#444 = ADVANCED_FACE('',(#445),#456,.F.);
#445 = FACE_BOUND('',#446,.F.);
#446 = EDGE_LOOP('',(#447,#448,#454,#455));
#447 = ORIENTED_EDGE('',*,*,#421,.F.);
#448 = ORIENTED_EDGE('',*,*,#449,.T.);
#449 = EDGE_CURVE('',#414,#317,#450,.T.);
#450 = LINE('',#451,#452);
#451 = CARTESIAN_POINT('',(3.808333333333,0.32,1.46));
#452 = VECTOR('',#453,1.);
#453 = DIRECTION('',(-2.22044604925E-16,-1.,5.551115123126E-16));
#454 = ORIENTED_EDGE('',*,*,#316,.T.);
#455 = ORIENTED_EDGE('',*,*,#271,.F.);
#456 = PLANE('',#457);
#457 = AXIS2_PLACEMENT_3D('',#458,#459,#460);
#458 = CARTESIAN_POINT('',(3.808333333333,0.32,1.46));
#459 = DIRECTION('',(-1.110223024625E-16,5.551115123126E-16,1.));
#460 = DIRECTION('',(-2.22044604925E-16,-1.,5.551115123126E-16));
#461 = ADVANCED_FACE('',(#462),#488,.F.);
#462 = FACE_BOUND('',#463,.F.);
#463 = EDGE_LOOP('',(#464,#472,#480,#486,#487));
#464 = ORIENTED_EDGE('',*,*,#465,.F.);
#465 = EDGE_CURVE('',#466,#317,#468,.T.);
#466 = VERTEX_POINT('',#467);
#467 = CARTESIAN_POINT('',(2.354215006626,-0.32,1.46));
#468 = LINE('',#469,#470);
#469 = CARTESIAN_POINT('',(2.221666666667,-0.32,1.46));
#470 = VECTOR('',#471,1.);
#471 = DIRECTION('',(1.,-2.22044604925E-16,1.110223024625E-16));
#472 = ORIENTED_EDGE('',*,*,#473,.T.);
#473 = EDGE_CURVE('',#466,#474,#476,.T.);
#474 = VERTEX_POINT('',#475);
#475 = CARTESIAN_POINT('',(2.221666666667,-0.32,1.78));
#476 = LINE('',#477,#478);
#477 = CARTESIAN_POINT('',(2.354215006626,-0.32,1.46));
#478 = VECTOR('',#479,1.);
#479 = DIRECTION('',(-0.382683432365,1.025712328974E-16,0.923879532511)
  );
#480 = ORIENTED_EDGE('',*,*,#481,.T.);
#481 = EDGE_CURVE('',#474,#382,#482,.T.);
#482 = LINE('',#483,#484);
#483 = CARTESIAN_POINT('',(2.221666666667,-0.32,1.46));
#484 = VECTOR('',#485,1.);
#485 = DIRECTION('',(-5.551115123126E-16,3.330669073875E-16,1.));
#486 = ORIENTED_EDGE('',*,*,#381,.T.);
#487 = ORIENTED_EDGE('',*,*,#324,.F.);
#488 = PLANE('',#489);
#489 = AXIS2_PLACEMENT_3D('',#490,#491,#492);
#490 = CARTESIAN_POINT('',(2.221666666667,-0.32,1.46));
#491 = DIRECTION('',(2.22044604925E-16,1.,-3.330669073875E-16));
#492 = DIRECTION('',(-5.551115123126E-16,3.330669073875E-16,1.));
#493 = ADVANCED_FACE('',(#494),#521,.T.);
#494 = FACE_BOUND('',#495,.T.);
#495 = EDGE_LOOP('',(#496,#506,#513,#514));
#496 = ORIENTED_EDGE('',*,*,#497,.F.);
#497 = EDGE_CURVE('',#498,#500,#502,.T.);
#498 = VERTEX_POINT('',#499);
#499 = CARTESIAN_POINT('',(1.995392496687,-0.32,2.00627416998));
#500 = VERTEX_POINT('',#501);
#501 = CARTESIAN_POINT('',(1.995392496687,0.32,2.00627416998));
#502 = LINE('',#503,#504);
#503 = CARTESIAN_POINT('',(1.995392496687,-0.32,2.00627416998));
#504 = VECTOR('',#505,1.);
#505 = DIRECTION('',(3.925231146709E-16,1.,-5.035454171335E-16));
#506 = ORIENTED_EDGE('',*,*,#507,.T.);
#507 = EDGE_CURVE('',#498,#382,#508,.T.);
#508 = CIRCLE('',#509,0.32);
#509 = AXIS2_PLACEMENT_3D('',#510,#511,#512);
#510 = CARTESIAN_POINT('',(2.221666666667,-0.32,1.78));
#511 = DIRECTION('',(2.22044604925E-16,1.,-3.330669073875E-16));
#512 = DIRECTION('',(-0.707106781187,3.925231146709E-16,0.707106781187)
  );
#513 = ORIENTED_EDGE('',*,*,#389,.T.);
#514 = ORIENTED_EDGE('',*,*,#515,.F.);
#515 = EDGE_CURVE('',#500,#390,#516,.T.);
#516 = CIRCLE('',#517,0.32);
#517 = AXIS2_PLACEMENT_3D('',#518,#519,#520);
#518 = CARTESIAN_POINT('',(2.221666666667,0.32,1.78));
#519 = DIRECTION('',(2.22044604925E-16,1.,-3.330669073875E-16));
#520 = DIRECTION('',(-0.707106781187,3.925231146709E-16,0.707106781187)
  );
#521 = SURFACE_OF_REVOLUTION('',#522,#526);
#522 = LINE('',#523,#524);
#523 = CARTESIAN_POINT('',(1.995392496687,-0.32,2.00627416998));
#524 = VECTOR('',#525,1.);
#525 = DIRECTION('',(3.925231146709E-16,1.,-5.035454171335E-16));
#526 = AXIS1_PLACEMENT('',#527,#528);
#527 = CARTESIAN_POINT('',(2.221666666667,9.954999787472E-17,1.78));
#528 = DIRECTION('',(2.22044604925E-16,1.,-3.330669073875E-16));
#529 = ADVANCED_FACE('',(#530),#556,.F.);
#530 = FACE_BOUND('',#531,.F.);
#531 = EDGE_LOOP('',(#532,#533,#541,#549,#555));
#532 = ORIENTED_EDGE('',*,*,#397,.F.);
#533 = ORIENTED_EDGE('',*,*,#534,.T.);
#534 = EDGE_CURVE('',#390,#535,#537,.T.);
#535 = VERTEX_POINT('',#536);
#536 = CARTESIAN_POINT('',(2.221666666667,0.32,1.78));
#537 = LINE('',#538,#539);
#538 = CARTESIAN_POINT('',(2.221666666667,0.32,2.1));
#539 = VECTOR('',#540,1.);
#540 = DIRECTION('',(5.551115123126E-16,-3.330669073875E-16,-1.));
#541 = ORIENTED_EDGE('',*,*,#542,.T.);
#542 = EDGE_CURVE('',#535,#543,#545,.T.);
#543 = VERTEX_POINT('',#544);
#544 = CARTESIAN_POINT('',(2.354215006626,0.32,1.46));
#545 = LINE('',#546,#547);
#546 = CARTESIAN_POINT('',(2.221666666667,0.32,1.78));
#547 = VECTOR('',#548,1.);
#548 = DIRECTION('',(0.382683432365,-4.231063357019E-16,-0.923879532511)
  );
#549 = ORIENTED_EDGE('',*,*,#550,.T.);
#550 = EDGE_CURVE('',#543,#414,#551,.T.);
#551 = LINE('',#552,#553);
#552 = CARTESIAN_POINT('',(2.221666666667,0.32,1.46));
#553 = VECTOR('',#554,1.);
#554 = DIRECTION('',(1.,-2.22044604925E-16,5.551115123126E-16));
#555 = ORIENTED_EDGE('',*,*,#413,.F.);
#556 = PLANE('',#557);
#557 = AXIS2_PLACEMENT_3D('',#558,#559,#560);
#558 = CARTESIAN_POINT('',(2.221666666667,0.32,2.1));
#559 = DIRECTION('',(-2.22044604925E-16,-1.,3.330669073875E-16));
#560 = DIRECTION('',(5.551115123126E-16,-3.330669073875E-16,-1.));
#561 = ADVANCED_FACE('',(#562),#573,.F.);
#562 = FACE_BOUND('',#563,.F.);
#563 = EDGE_LOOP('',(#564,#565,#571,#572));
#564 = ORIENTED_EDGE('',*,*,#550,.F.);
#565 = ORIENTED_EDGE('',*,*,#566,.F.);
#566 = EDGE_CURVE('',#466,#543,#567,.T.);
#567 = LINE('',#568,#569);
#568 = CARTESIAN_POINT('',(2.354215006626,0.32,1.46));
#569 = VECTOR('',#570,1.);
#570 = DIRECTION('',(3.409570194918E-16,1.,-5.551115123126E-16));
#571 = ORIENTED_EDGE('',*,*,#465,.T.);
#572 = ORIENTED_EDGE('',*,*,#449,.F.);
#573 = PLANE('',#574);
#574 = AXIS2_PLACEMENT_3D('',#575,#576,#577);
#575 = CARTESIAN_POINT('',(2.221666666667,0.32,1.46));
#576 = DIRECTION('',(-1.110223024625E-16,5.551115123126E-16,1.));
#577 = DIRECTION('',(-2.22044604925E-16,-1.,5.551115123126E-16));
#578 = ADVANCED_FACE('',(#579),#618,.F.);
#579 = FACE_BOUND('',#580,.F.);
#580 = EDGE_LOOP('',(#581,#589,#597,#605,#611,#617));
#581 = ORIENTED_EDGE('',*,*,#582,.F.);
#582 = EDGE_CURVE('',#583,#466,#585,.T.);
#583 = VERTEX_POINT('',#584);
#584 = CARTESIAN_POINT('',(0.987940836646,-0.32,9.372583002031E-02));
#585 = LINE('',#586,#587);
#586 = CARTESIAN_POINT('',(0.987940836646,-0.32,9.372583002031E-02));
#587 = VECTOR('',#588,1.);
#588 = DIRECTION('',(0.707106781187,7.850462293414E-17,0.707106781187));
#589 = ORIENTED_EDGE('',*,*,#590,.T.);
#590 = EDGE_CURVE('',#583,#591,#593,.T.);
#591 = VERTEX_POINT('',#592);
#592 = CARTESIAN_POINT('',(0.761666666667,-0.32,0.32));
#593 = LINE('',#594,#595);
#594 = CARTESIAN_POINT('',(0.987940836646,-0.32,9.372583002031E-02));
#595 = VECTOR('',#596,1.);
#596 = DIRECTION('',(-0.707106781187,4.115715303214E-16,0.707106781187)
  );
#597 = ORIENTED_EDGE('',*,*,#598,.T.);
#598 = EDGE_CURVE('',#591,#599,#601,.T.);
#599 = VERTEX_POINT('',#600);
#600 = CARTESIAN_POINT('',(0.629118326707,-0.32,0.64));
#601 = LINE('',#602,#603);
#602 = CARTESIAN_POINT('',(0.761666666667,-0.32,0.32));
#603 = VECTOR('',#604,1.);
#604 = DIRECTION('',(-0.382683432365,5.833738871041E-16,0.923879532511)
  );
#605 = ORIENTED_EDGE('',*,*,#606,.T.);
#606 = EDGE_CURVE('',#599,#498,#607,.T.);
#607 = LINE('',#608,#609);
#608 = CARTESIAN_POINT('',(0.535392496687,-0.32,0.54627416998));
#609 = VECTOR('',#610,1.);
#610 = DIRECTION('',(0.707106781187,7.850462293414E-17,0.707106781187));
#611 = ORIENTED_EDGE('',*,*,#612,.F.);
#612 = EDGE_CURVE('',#474,#498,#613,.T.);
#613 = LINE('',#614,#615);
#614 = CARTESIAN_POINT('',(2.447940836646,-0.32,1.55372583002));
#615 = VECTOR('',#616,1.);
#616 = DIRECTION('',(-0.707106781187,4.115715303214E-16,0.707106781187)
  );
#617 = ORIENTED_EDGE('',*,*,#473,.F.);
#618 = PLANE('',#619);
#619 = AXIS2_PLACEMENT_3D('',#620,#621,#622);
#620 = CARTESIAN_POINT('',(0.987940836646,-0.32,9.372583002031E-02));
#621 = DIRECTION('',(2.355138688026E-16,1.,-3.465361712651E-16));
#622 = DIRECTION('',(-0.707106781187,4.115715303218E-16,0.707106781187)
  );
#623 = ADVANCED_FACE('',(#624),#629,.T.);
#624 = FACE_BOUND('',#625,.T.);
#625 = EDGE_LOOP('',(#626,#627,#628));
#626 = ORIENTED_EDGE('',*,*,#612,.F.);
#627 = ORIENTED_EDGE('',*,*,#481,.T.);
#628 = ORIENTED_EDGE('',*,*,#507,.F.);
#629 = PLANE('',#630);
#630 = AXIS2_PLACEMENT_3D('',#631,#632,#633);
#631 = CARTESIAN_POINT('',(2.160437317488,-0.32,1.927820725202));
#632 = DIRECTION('',(-2.22044604925E-16,-1.,3.330669073875E-16));
#633 = DIRECTION('',(0.923879532511,-7.768327846848E-17,0.382683432365)
  );
#634 = ADVANCED_FACE('',(#635),#653,.F.);
#635 = FACE_BOUND('',#636,.F.);
#636 = EDGE_LOOP('',(#637,#638,#646,#652));
#637 = ORIENTED_EDGE('',*,*,#606,.F.);
#638 = ORIENTED_EDGE('',*,*,#639,.F.);
#639 = EDGE_CURVE('',#640,#599,#642,.T.);
#640 = VERTEX_POINT('',#641);
#641 = CARTESIAN_POINT('',(0.629118326707,0.32,0.64));
#642 = LINE('',#643,#644);
#643 = CARTESIAN_POINT('',(0.629118326707,-0.32,0.64));
#644 = VECTOR('',#645,1.);
#645 = DIRECTION('',(-3.409570194918E-16,-1.,5.551115123126E-16));
#646 = ORIENTED_EDGE('',*,*,#647,.T.);
#647 = EDGE_CURVE('',#640,#500,#648,.T.);
#648 = LINE('',#649,#650);
#649 = CARTESIAN_POINT('',(0.535392496687,0.32,0.54627416998));
#650 = VECTOR('',#651,1.);
#651 = DIRECTION('',(0.707106781187,7.850462293414E-17,0.707106781187));
#652 = ORIENTED_EDGE('',*,*,#497,.F.);
#653 = PLANE('',#654);
#654 = AXIS2_PLACEMENT_3D('',#655,#656,#657);
#655 = CARTESIAN_POINT('',(0.535392496687,-0.32,0.54627416998));
#656 = DIRECTION('',(0.707106781187,-6.336161352464E-16,-0.707106781187)
  );
#657 = DIRECTION('',(3.925231146706E-16,1.,-5.035454171332E-16));
#658 = ADVANCED_FACE('',(#659),#669,.T.);
#659 = FACE_BOUND('',#660,.T.);
#660 = EDGE_LOOP('',(#661,#667,#668));
#661 = ORIENTED_EDGE('',*,*,#662,.F.);
#662 = EDGE_CURVE('',#500,#535,#663,.T.);
#663 = LINE('',#664,#665);
#664 = CARTESIAN_POINT('',(1.995392496687,0.32,2.00627416998));
#665 = VECTOR('',#666,1.);
#666 = DIRECTION('',(0.707106781187,-4.115715303214E-16,-0.707106781187)
  );
#667 = ORIENTED_EDGE('',*,*,#515,.T.);
#668 = ORIENTED_EDGE('',*,*,#534,.T.);
#669 = PLANE('',#670);
#670 = AXIS2_PLACEMENT_3D('',#671,#672,#673);
#671 = CARTESIAN_POINT('',(2.160437317488,0.32,1.927820725202));
#672 = DIRECTION('',(2.22044604925E-16,1.,-3.330669073875E-16));
#673 = DIRECTION('',(0.923879532511,-7.768327846848E-17,0.382683432365)
  );
#674 = ADVANCED_FACE('',(#675),#702,.F.);
#675 = FACE_BOUND('',#676,.F.);
#676 = EDGE_LOOP('',(#677,#678,#686,#694,#700,#701));
#677 = ORIENTED_EDGE('',*,*,#647,.F.);
#678 = ORIENTED_EDGE('',*,*,#679,.T.);
#679 = EDGE_CURVE('',#640,#680,#682,.T.);
#680 = VERTEX_POINT('',#681);
#681 = CARTESIAN_POINT('',(0.761666666667,0.32,0.32));
#682 = LINE('',#683,#684);
#683 = CARTESIAN_POINT('',(0.629118326707,0.32,0.64));
#684 = VECTOR('',#685,1.);
#685 = DIRECTION('',(0.382683432365,-1.025712328974E-16,-0.923879532511)
  );
#686 = ORIENTED_EDGE('',*,*,#687,.T.);
#687 = EDGE_CURVE('',#680,#688,#690,.T.);
#688 = VERTEX_POINT('',#689);
#689 = CARTESIAN_POINT('',(0.987940836646,0.32,9.37258300203E-02));
#690 = LINE('',#691,#692);
#691 = CARTESIAN_POINT('',(0.535392496687,0.32,0.54627416998));
#692 = VECTOR('',#693,1.);
#693 = DIRECTION('',(0.707106781187,-4.115715303214E-16,-0.707106781187)
  );
#694 = ORIENTED_EDGE('',*,*,#695,.T.);
#695 = EDGE_CURVE('',#688,#543,#696,.T.);
#696 = LINE('',#697,#698);
#697 = CARTESIAN_POINT('',(0.987940836646,0.32,9.372583002031E-02));
#698 = VECTOR('',#699,1.);
#699 = DIRECTION('',(0.707106781187,7.850462293414E-17,0.707106781187));
#700 = ORIENTED_EDGE('',*,*,#542,.F.);
#701 = ORIENTED_EDGE('',*,*,#662,.F.);
#702 = PLANE('',#703);
#703 = AXIS2_PLACEMENT_3D('',#704,#705,#706);
#704 = CARTESIAN_POINT('',(0.535392496687,0.32,0.54627416998));
#705 = DIRECTION('',(-2.355138688026E-16,-1.,3.465361712651E-16));
#706 = DIRECTION('',(0.707106781187,-4.115715303218E-16,-0.707106781187)
  );
#707 = ADVANCED_FACE('',(#708),#719,.F.);
#708 = FACE_BOUND('',#709,.F.);
#709 = EDGE_LOOP('',(#710,#711,#717,#718));
#710 = ORIENTED_EDGE('',*,*,#695,.F.);
#711 = ORIENTED_EDGE('',*,*,#712,.T.);
#712 = EDGE_CURVE('',#688,#583,#713,.T.);
#713 = LINE('',#714,#715);
#714 = CARTESIAN_POINT('',(0.987940836646,0.32,9.37258300203E-02));
#715 = VECTOR('',#716,1.);
#716 = DIRECTION('',(-3.925231146709E-16,-1.,5.035454171335E-16));
#717 = ORIENTED_EDGE('',*,*,#582,.T.);
#718 = ORIENTED_EDGE('',*,*,#566,.T.);
#719 = PLANE('',#720);
#720 = AXIS2_PLACEMENT_3D('',#721,#722,#723);
#721 = CARTESIAN_POINT('',(0.987940836646,0.32,9.37258300203E-02));
#722 = DIRECTION('',(-0.707106781187,6.336161352464E-16,0.707106781187)
  );
#723 = DIRECTION('',(-3.925231146706E-16,-1.,5.035454171332E-16));
#724 = ADVANCED_FACE('',(#725),#743,.T.);
#725 = FACE_BOUND('',#726,.T.);
#726 = EDGE_LOOP('',(#727,#735,#742));
#727 = ORIENTED_EDGE('',*,*,#728,.F.);
#728 = EDGE_CURVE('',#729,#591,#731,.T.);
#729 = VERTEX_POINT('',#730);
#730 = CARTESIAN_POINT('',(0.761666666667,-0.32,9.631184738623E-16));
#731 = LINE('',#732,#733);
#732 = CARTESIAN_POINT('',(0.761666666667,-0.32,9.631184738623E-16));
#733 = VECTOR('',#734,1.);
#734 = DIRECTION('',(-5.551115123126E-16,3.330669073875E-16,1.));
#735 = ORIENTED_EDGE('',*,*,#736,.T.);
#736 = EDGE_CURVE('',#729,#583,#737,.T.);
#737 = CIRCLE('',#738,0.32);
#738 = AXIS2_PLACEMENT_3D('',#739,#740,#741);
#739 = CARTESIAN_POINT('',(0.761666666667,-0.32,0.32));
#740 = DIRECTION('',(-2.22044604925E-16,-1.,3.330669073875E-16));
#741 = DIRECTION('',(1.110223024625E-16,-3.330669073875E-16,-1.));
#742 = ORIENTED_EDGE('',*,*,#590,.T.);
#743 = PLANE('',#744);
#744 = AXIS2_PLACEMENT_3D('',#745,#746,#747);
#745 = CARTESIAN_POINT('',(0.822896015845,-0.32,0.172179274798));
#746 = DIRECTION('',(-2.22044604925E-16,-1.,3.330669073875E-16));
#747 = DIRECTION('',(0.923879532511,-7.768327846848E-17,0.382683432365)
  );
#748 = ADVANCED_FACE('',(#749),#775,.F.);
#749 = FACE_BOUND('',#750,.F.);
#750 = EDGE_LOOP('',(#751,#759,#767,#773,#774));
#751 = ORIENTED_EDGE('',*,*,#752,.F.);
#752 = EDGE_CURVE('',#753,#729,#755,.T.);
#753 = VERTEX_POINT('',#754);
#754 = CARTESIAN_POINT('',(-0.761666666667,-0.32,1.174986034395E-16));
#755 = LINE('',#756,#757);
#756 = CARTESIAN_POINT('',(-0.761666666667,-0.32,6.864879035599E-17));
#757 = VECTOR('',#758,1.);
#758 = DIRECTION('',(1.,-2.22044604925E-16,1.110223024625E-16));
#759 = ORIENTED_EDGE('',*,*,#760,.T.);
#760 = EDGE_CURVE('',#753,#761,#763,.T.);
#761 = VERTEX_POINT('',#762);
#762 = CARTESIAN_POINT('',(-0.761666666667,-0.32,0.64));
#763 = LINE('',#764,#765);
#764 = CARTESIAN_POINT('',(-0.761666666667,-0.32,1.174986034395E-16));
#765 = VECTOR('',#766,1.);
#766 = DIRECTION('',(-5.551115123126E-16,3.330669073875E-16,1.));
#767 = ORIENTED_EDGE('',*,*,#768,.T.);
#768 = EDGE_CURVE('',#761,#599,#769,.T.);
#769 = LINE('',#770,#771);
#770 = CARTESIAN_POINT('',(-0.761666666667,-0.32,0.64));
#771 = VECTOR('',#772,1.);
#772 = DIRECTION('',(1.,-2.22044604925E-16,1.110223024625E-16));
#773 = ORIENTED_EDGE('',*,*,#598,.F.);
#774 = ORIENTED_EDGE('',*,*,#728,.F.);
#775 = PLANE('',#776);
#776 = AXIS2_PLACEMENT_3D('',#777,#778,#779);
#777 = CARTESIAN_POINT('',(-0.761666666667,-0.32,1.174986034395E-16));
#778 = DIRECTION('',(2.22044604925E-16,1.,-3.330669073875E-16));
#779 = DIRECTION('',(-5.551115123126E-16,3.330669073875E-16,1.));
#780 = ADVANCED_FACE('',(#781),#799,.F.);
#781 = FACE_BOUND('',#782,.F.);
#782 = EDGE_LOOP('',(#783,#784,#792,#798));
#783 = ORIENTED_EDGE('',*,*,#768,.F.);
#784 = ORIENTED_EDGE('',*,*,#785,.T.);
#785 = EDGE_CURVE('',#761,#786,#788,.T.);
#786 = VERTEX_POINT('',#787);
#787 = CARTESIAN_POINT('',(-0.761666666667,0.32,0.64));
#788 = LINE('',#789,#790);
#789 = CARTESIAN_POINT('',(-0.761666666667,-0.32,0.64));
#790 = VECTOR('',#791,1.);
#791 = DIRECTION('',(2.22044604925E-16,1.,-5.551115123126E-16));
#792 = ORIENTED_EDGE('',*,*,#793,.T.);
#793 = EDGE_CURVE('',#786,#640,#794,.T.);
#794 = LINE('',#795,#796);
#795 = CARTESIAN_POINT('',(-0.761666666667,0.32,0.64));
#796 = VECTOR('',#797,1.);
#797 = DIRECTION('',(1.,-2.22044604925E-16,1.110223024625E-16));
#798 = ORIENTED_EDGE('',*,*,#639,.T.);
#799 = PLANE('',#800);
#800 = AXIS2_PLACEMENT_3D('',#801,#802,#803);
#801 = CARTESIAN_POINT('',(-0.761666666667,-0.32,0.64));
#802 = DIRECTION('',(1.110223024625E-16,-5.551115123126E-16,-1.));
#803 = DIRECTION('',(2.22044604925E-16,1.,-5.551115123126E-16));
#804 = ADVANCED_FACE('',(#805),#831,.F.);
#805 = FACE_BOUND('',#806,.F.);
#806 = EDGE_LOOP('',(#807,#808,#816,#824,#830));
#807 = ORIENTED_EDGE('',*,*,#793,.F.);
#808 = ORIENTED_EDGE('',*,*,#809,.T.);
#809 = EDGE_CURVE('',#786,#810,#812,.T.);
#810 = VERTEX_POINT('',#811);
#811 = CARTESIAN_POINT('',(-0.761666666667,0.32,-2.866225775241E-16));
#812 = LINE('',#813,#814);
#813 = CARTESIAN_POINT('',(-0.761666666667,0.32,0.64));
#814 = VECTOR('',#815,1.);
#815 = DIRECTION('',(5.551115123126E-16,-3.330669073875E-16,-1.));
#816 = ORIENTED_EDGE('',*,*,#817,.T.);
#817 = EDGE_CURVE('',#810,#818,#820,.T.);
#818 = VERTEX_POINT('',#819);
#819 = CARTESIAN_POINT('',(0.761666666667,0.32,-1.174986034395E-16));
#820 = LINE('',#821,#822);
#821 = CARTESIAN_POINT('',(-0.761666666667,0.32,-1.200891238303E-16));
#822 = VECTOR('',#823,1.);
#823 = DIRECTION('',(1.,-2.22044604925E-16,5.551115123126E-16));
#824 = ORIENTED_EDGE('',*,*,#825,.F.);
#825 = EDGE_CURVE('',#680,#818,#826,.T.);
#826 = LINE('',#827,#828);
#827 = CARTESIAN_POINT('',(0.761666666667,0.32,0.64));
#828 = VECTOR('',#829,1.);
#829 = DIRECTION('',(5.551115123126E-16,-3.330669073875E-16,-1.));
#830 = ORIENTED_EDGE('',*,*,#679,.F.);
#831 = PLANE('',#832);
#832 = AXIS2_PLACEMENT_3D('',#833,#834,#835);
#833 = CARTESIAN_POINT('',(-0.761666666667,0.32,0.64));
#834 = DIRECTION('',(-2.22044604925E-16,-1.,3.330669073875E-16));
#835 = DIRECTION('',(5.551115123126E-16,-3.330669073875E-16,-1.));
#836 = ADVANCED_FACE('',(#837),#848,.T.);
#837 = FACE_BOUND('',#838,.T.);
#838 = EDGE_LOOP('',(#839,#840,#841));
#839 = ORIENTED_EDGE('',*,*,#825,.F.);
#840 = ORIENTED_EDGE('',*,*,#687,.T.);
#841 = ORIENTED_EDGE('',*,*,#842,.F.);
#842 = EDGE_CURVE('',#818,#688,#843,.T.);
#843 = CIRCLE('',#844,0.32);
#844 = AXIS2_PLACEMENT_3D('',#845,#846,#847);
#845 = CARTESIAN_POINT('',(0.761666666667,0.32,0.32));
#846 = DIRECTION('',(-2.22044604925E-16,-1.,3.330669073875E-16));
#847 = DIRECTION('',(-2.359223927328E-16,-3.330669073875E-16,-1.));
#848 = PLANE('',#849);
#849 = AXIS2_PLACEMENT_3D('',#850,#851,#852);
#850 = CARTESIAN_POINT('',(0.822896015845,0.32,0.172179274798));
#851 = DIRECTION('',(2.22044604925E-16,1.,-3.330669073875E-16));
#852 = DIRECTION('',(0.923879532511,-7.768327846848E-17,0.382683432365)
  );
#853 = ADVANCED_FACE('',(#854),#865,.T.);
#854 = FACE_BOUND('',#855,.T.);
#855 = EDGE_LOOP('',(#856,#862,#863,#864));
#856 = ORIENTED_EDGE('',*,*,#857,.F.);
#857 = EDGE_CURVE('',#818,#729,#858,.T.);
#858 = LINE('',#859,#860);
#859 = CARTESIAN_POINT('',(0.761666666667,0.32,-1.174986034395E-16));
#860 = VECTOR('',#861,1.);
#861 = DIRECTION('',(-2.22044604925E-16,-1.,5.551115123126E-16));
#862 = ORIENTED_EDGE('',*,*,#842,.T.);
#863 = ORIENTED_EDGE('',*,*,#712,.T.);
#864 = ORIENTED_EDGE('',*,*,#736,.F.);
#865 = SURFACE_OF_REVOLUTION('',#866,#870);
#866 = LINE('',#867,#868);
#867 = CARTESIAN_POINT('',(0.761666666667,0.32,-1.174986034395E-16));
#868 = VECTOR('',#869,1.);
#869 = DIRECTION('',(-2.22044604925E-16,-1.,5.551115123126E-16));
#870 = AXIS1_PLACEMENT('',#871,#872);
#871 = CARTESIAN_POINT('',(0.761666666667,-6.254256372055E-17,0.32));
#872 = DIRECTION('',(-2.22044604925E-16,-1.,3.330669073875E-16));
#873 = ADVANCED_FACE('',(#874),#885,.F.);
#874 = FACE_BOUND('',#875,.F.);
#875 = EDGE_LOOP('',(#876,#877,#883,#884));
#876 = ORIENTED_EDGE('',*,*,#817,.F.);
#877 = ORIENTED_EDGE('',*,*,#878,.T.);
#878 = EDGE_CURVE('',#810,#753,#879,.T.);
#879 = LINE('',#880,#881);
#880 = CARTESIAN_POINT('',(-0.761666666667,0.32,-2.866225775241E-16));
#881 = VECTOR('',#882,1.);
#882 = DIRECTION('',(-2.22044604925E-16,-1.,5.551115123126E-16));
#883 = ORIENTED_EDGE('',*,*,#752,.T.);
#884 = ORIENTED_EDGE('',*,*,#857,.F.);
#885 = PLANE('',#886);
#886 = AXIS2_PLACEMENT_3D('',#887,#888,#889);
#887 = CARTESIAN_POINT('',(-0.761666666667,0.32,-2.866225775241E-16));
#888 = DIRECTION('',(-1.110223024625E-16,5.551115123126E-16,1.));
#889 = DIRECTION('',(-2.22044604925E-16,-1.,5.551115123126E-16));
#890 = ADVANCED_FACE('',(#891),#897,.T.);
#891 = FACE_BOUND('',#892,.T.);
#892 = EDGE_LOOP('',(#893,#894,#895,#896));
#893 = ORIENTED_EDGE('',*,*,#785,.T.);
#894 = ORIENTED_EDGE('',*,*,#809,.T.);
#895 = ORIENTED_EDGE('',*,*,#878,.T.);
#896 = ORIENTED_EDGE('',*,*,#760,.T.);
#897 = PLANE('',#898);
#898 = AXIS2_PLACEMENT_3D('',#899,#900,#901);
#899 = CARTESIAN_POINT('',(-0.761666666667,2.957356581845E-16,0.32));
#900 = DIRECTION('',(-1.,2.602085213965E-16,-6.314393452556E-16));
#901 = DIRECTION('',(6.314393452556E-16,-1.110223024625E-16,-1.));
#902 = MANIFOLD_SOLID_BREP('',#903);
#903 = CLOSED_SHELL('',(#904,#944,#975,#1006,#1037,#1068,#1090,#1114,
    #1138,#1162,#1179,#1210,#1234,#1246,#1263,#1295,#1331,#1363,#1380,
    #1425,#1436,#1460,#1476,#1509,#1526,#1550,#1582,#1606,#1638,#1655,
    #1675,#1692));
#904 = ADVANCED_FACE('',(#905),#939,.F.);
#905 = FACE_BOUND('',#906,.F.);
#906 = EDGE_LOOP('',(#907,#917,#925,#933));
#907 = ORIENTED_EDGE('',*,*,#908,.F.);
#908 = EDGE_CURVE('',#909,#911,#913,.T.);
#909 = VERTEX_POINT('',#910);
#910 = CARTESIAN_POINT('',(6.348333333333,-2.86,2.1));
#911 = VERTEX_POINT('',#912);
#912 = CARTESIAN_POINT('',(14.228333333333,-2.86,2.1));
#913 = LINE('',#914,#915);
#914 = CARTESIAN_POINT('',(6.348333333333,-2.86,2.1));
#915 = VECTOR('',#916,1.);
#916 = DIRECTION('',(1.,-2.22044604925E-16,1.110223024625E-16));
#917 = ORIENTED_EDGE('',*,*,#918,.T.);
#918 = EDGE_CURVE('',#909,#919,#921,.T.);
#919 = VERTEX_POINT('',#920);
#920 = CARTESIAN_POINT('',(6.348333333333,-2.22,2.1));
#921 = LINE('',#922,#923);
#922 = CARTESIAN_POINT('',(6.348333333333,-2.86,2.1));
#923 = VECTOR('',#924,1.);
#924 = DIRECTION('',(2.22044604925E-16,1.,-5.551115123126E-16));
#925 = ORIENTED_EDGE('',*,*,#926,.T.);
#926 = EDGE_CURVE('',#919,#927,#929,.T.);
#927 = VERTEX_POINT('',#928);
#928 = CARTESIAN_POINT('',(14.228333333333,-2.22,2.1));
#929 = LINE('',#930,#931);
#930 = CARTESIAN_POINT('',(6.348333333333,-2.22,2.1));
#931 = VECTOR('',#932,1.);
#932 = DIRECTION('',(1.,-2.22044604925E-16,1.110223024625E-16));
#933 = ORIENTED_EDGE('',*,*,#934,.F.);
#934 = EDGE_CURVE('',#911,#927,#935,.T.);
#935 = LINE('',#936,#937);
#936 = CARTESIAN_POINT('',(14.228333333333,-2.86,2.1));
#937 = VECTOR('',#938,1.);
#938 = DIRECTION('',(2.22044604925E-16,1.,-5.551115123126E-16));
#939 = PLANE('',#940);
#940 = AXIS2_PLACEMENT_3D('',#941,#942,#943);
#941 = CARTESIAN_POINT('',(6.348333333333,-2.86,2.1));
#942 = DIRECTION('',(1.110223024625E-16,-5.551115123126E-16,-1.));
#943 = DIRECTION('',(2.22044604925E-16,1.,-5.551115123126E-16));
#944 = ADVANCED_FACE('',(#945),#970,.F.);
#945 = FACE_BOUND('',#946,.F.);
#946 = EDGE_LOOP('',(#947,#957,#963,#964));
#947 = ORIENTED_EDGE('',*,*,#948,.F.);
#948 = EDGE_CURVE('',#949,#951,#953,.T.);
#949 = VERTEX_POINT('',#950);
#950 = CARTESIAN_POINT('',(6.348333333333,-2.86,1.46));
#951 = VERTEX_POINT('',#952);
#952 = CARTESIAN_POINT('',(14.228333333333,-2.86,1.46));
#953 = LINE('',#954,#955);
#954 = CARTESIAN_POINT('',(6.348333333333,-2.86,1.46));
#955 = VECTOR('',#956,1.);
#956 = DIRECTION('',(1.,-2.22044604925E-16,1.110223024625E-16));
#957 = ORIENTED_EDGE('',*,*,#958,.T.);
#958 = EDGE_CURVE('',#949,#909,#959,.T.);
#959 = LINE('',#960,#961);
#960 = CARTESIAN_POINT('',(6.348333333333,-2.86,1.46));
#961 = VECTOR('',#962,1.);
#962 = DIRECTION('',(-5.551115123126E-16,3.330669073875E-16,1.));
#963 = ORIENTED_EDGE('',*,*,#908,.T.);
#964 = ORIENTED_EDGE('',*,*,#965,.F.);
#965 = EDGE_CURVE('',#951,#911,#966,.T.);
#966 = LINE('',#967,#968);
#967 = CARTESIAN_POINT('',(14.228333333333,-2.86,1.46));
#968 = VECTOR('',#969,1.);
#969 = DIRECTION('',(-5.551115123126E-16,3.330669073875E-16,1.));
#970 = PLANE('',#971);
#971 = AXIS2_PLACEMENT_3D('',#972,#973,#974);
#972 = CARTESIAN_POINT('',(6.348333333333,-2.86,1.46));
#973 = DIRECTION('',(2.22044604925E-16,1.,-3.330669073875E-16));
#974 = DIRECTION('',(-5.551115123126E-16,3.330669073875E-16,1.));
#975 = ADVANCED_FACE('',(#976),#1001,.T.);
#976 = FACE_BOUND('',#977,.F.);
#977 = EDGE_LOOP('',(#978,#986,#987,#995));
#978 = ORIENTED_EDGE('',*,*,#979,.F.);
#979 = EDGE_CURVE('',#911,#980,#982,.T.);
#980 = VERTEX_POINT('',#981);
#981 = CARTESIAN_POINT('',(14.428333333333,-2.66,1.9));
#982 = LINE('',#983,#984);
#983 = CARTESIAN_POINT('',(14.401666666667,-2.686666666667,
    1.926666666667));
#984 = VECTOR('',#985,1.);
#985 = DIRECTION('',(0.57735026919,0.57735026919,-0.57735026919));
#986 = ORIENTED_EDGE('',*,*,#934,.T.);
#987 = ORIENTED_EDGE('',*,*,#988,.T.);
#988 = EDGE_CURVE('',#927,#989,#991,.T.);
#989 = VERTEX_POINT('',#990);
#990 = CARTESIAN_POINT('',(14.428333333333,-2.42,1.9));
#991 = LINE('',#992,#993);
#992 = CARTESIAN_POINT('',(14.401666666667,-2.393333333333,
    1.926666666667));
#993 = VECTOR('',#994,1.);
#994 = DIRECTION('',(0.57735026919,-0.57735026919,-0.57735026919));
#995 = ORIENTED_EDGE('',*,*,#996,.F.);
#996 = EDGE_CURVE('',#980,#989,#997,.T.);
#997 = LINE('',#998,#999);
#998 = CARTESIAN_POINT('',(14.428333333333,-2.86,1.9));
#999 = VECTOR('',#1000,1.);
#1000 = DIRECTION('',(2.22044604925E-16,1.,-5.551115123126E-16));
#1001 = PLANE('',#1002);
#1002 = AXIS2_PLACEMENT_3D('',#1003,#1004,#1005);
#1003 = CARTESIAN_POINT('',(14.328333333333,-2.86,2.));
#1004 = DIRECTION('',(0.707106781187,3.943505581832E-16,0.707106781187)
  );
#1005 = DIRECTION('',(-1.097301047627E-16,-1.,6.674260124749E-16));
#1006 = ADVANCED_FACE('',(#1007),#1032,.F.);
#1007 = FACE_BOUND('',#1008,.F.);
#1008 = EDGE_LOOP('',(#1009,#1017,#1025,#1031));
#1009 = ORIENTED_EDGE('',*,*,#1010,.F.);
#1010 = EDGE_CURVE('',#1011,#909,#1013,.T.);
#1011 = VERTEX_POINT('',#1012);
#1012 = CARTESIAN_POINT('',(3.808333333333,-2.86,2.1));
#1013 = LINE('',#1014,#1015);
#1014 = CARTESIAN_POINT('',(3.808333333333,-2.86,2.1));
#1015 = VECTOR('',#1016,1.);
#1016 = DIRECTION('',(1.,-2.22044604925E-16,1.110223024625E-16));
#1017 = ORIENTED_EDGE('',*,*,#1018,.T.);
#1018 = EDGE_CURVE('',#1011,#1019,#1021,.T.);
#1019 = VERTEX_POINT('',#1020);
#1020 = CARTESIAN_POINT('',(3.808333333333,-2.22,2.1));
#1021 = LINE('',#1022,#1023);
#1022 = CARTESIAN_POINT('',(3.808333333333,-2.86,2.1));
#1023 = VECTOR('',#1024,1.);
#1024 = DIRECTION('',(2.22044604925E-16,1.,-5.551115123126E-16));
#1025 = ORIENTED_EDGE('',*,*,#1026,.T.);
#1026 = EDGE_CURVE('',#1019,#919,#1027,.T.);
#1027 = LINE('',#1028,#1029);
#1028 = CARTESIAN_POINT('',(3.808333333333,-2.22,2.1));
#1029 = VECTOR('',#1030,1.);
#1030 = DIRECTION('',(1.,-2.22044604925E-16,1.110223024625E-16));
#1031 = ORIENTED_EDGE('',*,*,#918,.F.);
#1032 = PLANE('',#1033);
#1033 = AXIS2_PLACEMENT_3D('',#1034,#1035,#1036);
#1034 = CARTESIAN_POINT('',(3.808333333333,-2.86,2.1));
#1035 = DIRECTION('',(1.110223024625E-16,-5.551115123126E-16,-1.));
#1036 = DIRECTION('',(2.22044604925E-16,1.,-5.551115123126E-16));
#1037 = ADVANCED_FACE('',(#1038),#1063,.F.);
#1038 = FACE_BOUND('',#1039,.F.);
#1039 = EDGE_LOOP('',(#1040,#1041,#1049,#1057));
#1040 = ORIENTED_EDGE('',*,*,#926,.F.);
#1041 = ORIENTED_EDGE('',*,*,#1042,.T.);
#1042 = EDGE_CURVE('',#919,#1043,#1045,.T.);
#1043 = VERTEX_POINT('',#1044);
#1044 = CARTESIAN_POINT('',(6.348333333333,-2.22,1.46));
#1045 = LINE('',#1046,#1047);
#1046 = CARTESIAN_POINT('',(6.348333333333,-2.22,2.1));
#1047 = VECTOR('',#1048,1.);
#1048 = DIRECTION('',(5.551115123126E-16,-3.330669073875E-16,-1.));
#1049 = ORIENTED_EDGE('',*,*,#1050,.T.);
#1050 = EDGE_CURVE('',#1043,#1051,#1053,.T.);
#1051 = VERTEX_POINT('',#1052);
#1052 = CARTESIAN_POINT('',(14.228333333333,-2.22,1.46));
#1053 = LINE('',#1054,#1055);
#1054 = CARTESIAN_POINT('',(6.348333333333,-2.22,1.46));
#1055 = VECTOR('',#1056,1.);
#1056 = DIRECTION('',(1.,-2.22044604925E-16,5.551115123126E-16));
#1057 = ORIENTED_EDGE('',*,*,#1058,.F.);
#1058 = EDGE_CURVE('',#927,#1051,#1059,.T.);
#1059 = LINE('',#1060,#1061);
#1060 = CARTESIAN_POINT('',(14.228333333333,-2.22,2.1));
#1061 = VECTOR('',#1062,1.);
#1062 = DIRECTION('',(5.551115123126E-16,-3.330669073875E-16,-1.));
#1063 = PLANE('',#1064);
#1064 = AXIS2_PLACEMENT_3D('',#1065,#1066,#1067);
#1065 = CARTESIAN_POINT('',(6.348333333333,-2.22,2.1));
#1066 = DIRECTION('',(-2.22044604925E-16,-1.,3.330669073875E-16));
#1067 = DIRECTION('',(5.551115123126E-16,-3.330669073875E-16,-1.));
#1068 = ADVANCED_FACE('',(#1069),#1085,.F.);
#1069 = FACE_BOUND('',#1070,.F.);
#1070 = EDGE_LOOP('',(#1071,#1072,#1078,#1079));
#1071 = ORIENTED_EDGE('',*,*,#1050,.F.);
#1072 = ORIENTED_EDGE('',*,*,#1073,.T.);
#1073 = EDGE_CURVE('',#1043,#949,#1074,.T.);
#1074 = LINE('',#1075,#1076);
#1075 = CARTESIAN_POINT('',(6.348333333333,-2.22,1.46));
#1076 = VECTOR('',#1077,1.);
#1077 = DIRECTION('',(-2.22044604925E-16,-1.,5.551115123126E-16));
#1078 = ORIENTED_EDGE('',*,*,#948,.T.);
#1079 = ORIENTED_EDGE('',*,*,#1080,.F.);
#1080 = EDGE_CURVE('',#1051,#951,#1081,.T.);
#1081 = LINE('',#1082,#1083);
#1082 = CARTESIAN_POINT('',(14.228333333333,-2.22,1.46));
#1083 = VECTOR('',#1084,1.);
#1084 = DIRECTION('',(-2.22044604925E-16,-1.,5.551115123126E-16));
#1085 = PLANE('',#1086);
#1086 = AXIS2_PLACEMENT_3D('',#1087,#1088,#1089);
#1087 = CARTESIAN_POINT('',(6.348333333333,-2.22,1.46));
#1088 = DIRECTION('',(-1.110223024625E-16,5.551115123126E-16,1.));
#1089 = DIRECTION('',(-2.22044604925E-16,-1.,5.551115123126E-16));
#1090 = ADVANCED_FACE('',(#1091),#1109,.T.);
#1091 = FACE_BOUND('',#1092,.T.);
#1092 = EDGE_LOOP('',(#1093,#1101,#1107,#1108));
#1093 = ORIENTED_EDGE('',*,*,#1094,.F.);
#1094 = EDGE_CURVE('',#1095,#951,#1097,.T.);
#1095 = VERTEX_POINT('',#1096);
#1096 = CARTESIAN_POINT('',(14.428333333333,-2.66,1.66));
#1097 = LINE('',#1098,#1099);
#1098 = CARTESIAN_POINT('',(14.401666666667,-2.686666666667,
    1.633333333333));
#1099 = VECTOR('',#1100,1.);
#1100 = DIRECTION('',(-0.57735026919,-0.57735026919,-0.57735026919));
#1101 = ORIENTED_EDGE('',*,*,#1102,.T.);
#1102 = EDGE_CURVE('',#1095,#980,#1103,.T.);
#1103 = LINE('',#1104,#1105);
#1104 = CARTESIAN_POINT('',(14.428333333333,-2.66,1.46));
#1105 = VECTOR('',#1106,1.);
#1106 = DIRECTION('',(-5.551115123126E-16,3.330669073875E-16,1.));
#1107 = ORIENTED_EDGE('',*,*,#979,.F.);
#1108 = ORIENTED_EDGE('',*,*,#965,.F.);
#1109 = PLANE('',#1110);
#1110 = AXIS2_PLACEMENT_3D('',#1111,#1112,#1113);
#1111 = CARTESIAN_POINT('',(14.328333333333,-2.76,1.46));
#1112 = DIRECTION('',(0.707106781187,-0.707106781187,3.149322134929E-16)
  );
#1113 = DIRECTION('',(-3.337130062374E-16,1.116684013124E-16,1.));
#1114 = ADVANCED_FACE('',(#1115),#1133,.F.);
#1115 = FACE_BOUND('',#1116,.F.);
#1116 = EDGE_LOOP('',(#1117,#1125,#1131,#1132));
#1117 = ORIENTED_EDGE('',*,*,#1118,.F.);
#1118 = EDGE_CURVE('',#1119,#949,#1121,.T.);
#1119 = VERTEX_POINT('',#1120);
#1120 = CARTESIAN_POINT('',(3.808333333333,-2.86,1.46));
#1121 = LINE('',#1122,#1123);
#1122 = CARTESIAN_POINT('',(3.808333333333,-2.86,1.46));
#1123 = VECTOR('',#1124,1.);
#1124 = DIRECTION('',(1.,-2.22044604925E-16,1.110223024625E-16));
#1125 = ORIENTED_EDGE('',*,*,#1126,.T.);
#1126 = EDGE_CURVE('',#1119,#1011,#1127,.T.);
#1127 = LINE('',#1128,#1129);
#1128 = CARTESIAN_POINT('',(3.808333333333,-2.86,1.46));
#1129 = VECTOR('',#1130,1.);
#1130 = DIRECTION('',(-5.551115123126E-16,3.330669073875E-16,1.));
#1131 = ORIENTED_EDGE('',*,*,#1010,.T.);
#1132 = ORIENTED_EDGE('',*,*,#958,.F.);
#1133 = PLANE('',#1134);
#1134 = AXIS2_PLACEMENT_3D('',#1135,#1136,#1137);
#1135 = CARTESIAN_POINT('',(3.808333333333,-2.86,1.46));
#1136 = DIRECTION('',(2.22044604925E-16,1.,-3.330669073875E-16));
#1137 = DIRECTION('',(-5.551115123126E-16,3.330669073875E-16,1.));
#1138 = ADVANCED_FACE('',(#1139),#1157,.F.);
#1139 = FACE_BOUND('',#1140,.F.);
#1140 = EDGE_LOOP('',(#1141,#1142,#1150,#1156));
#1141 = ORIENTED_EDGE('',*,*,#996,.T.);
#1142 = ORIENTED_EDGE('',*,*,#1143,.T.);
#1143 = EDGE_CURVE('',#989,#1144,#1146,.T.);
#1144 = VERTEX_POINT('',#1145);
#1145 = CARTESIAN_POINT('',(14.428333333333,-2.42,1.66));
#1146 = LINE('',#1147,#1148);
#1147 = CARTESIAN_POINT('',(14.428333333333,-2.42,2.1));
#1148 = VECTOR('',#1149,1.);
#1149 = DIRECTION('',(5.551115123126E-16,-3.330669073875E-16,-1.));
#1150 = ORIENTED_EDGE('',*,*,#1151,.T.);
#1151 = EDGE_CURVE('',#1144,#1095,#1152,.T.);
#1152 = LINE('',#1153,#1154);
#1153 = CARTESIAN_POINT('',(14.428333333333,-2.22,1.66));
#1154 = VECTOR('',#1155,1.);
#1155 = DIRECTION('',(-2.22044604925E-16,-1.,5.551115123126E-16));
#1156 = ORIENTED_EDGE('',*,*,#1102,.T.);
#1157 = PLANE('',#1158);
#1158 = AXIS2_PLACEMENT_3D('',#1159,#1160,#1161);
#1159 = CARTESIAN_POINT('',(14.428333333333,-2.54,1.78));
#1160 = DIRECTION('',(-1.,-1.232595164408E-32,-1.110223024625E-16));
#1161 = DIRECTION('',(5.167288087198E-45,-1.,1.110223024625E-16));
#1162 = ADVANCED_FACE('',(#1163),#1174,.T.);
#1163 = FACE_BOUND('',#1164,.T.);
#1164 = EDGE_LOOP('',(#1165,#1166,#1167,#1173));
#1165 = ORIENTED_EDGE('',*,*,#988,.T.);
#1166 = ORIENTED_EDGE('',*,*,#1143,.T.);
#1167 = ORIENTED_EDGE('',*,*,#1168,.T.);
#1168 = EDGE_CURVE('',#1144,#1051,#1169,.T.);
#1169 = LINE('',#1170,#1171);
#1170 = CARTESIAN_POINT('',(14.401666666667,-2.393333333333,
    1.633333333333));
#1171 = VECTOR('',#1172,1.);
#1172 = DIRECTION('',(-0.57735026919,0.57735026919,-0.57735026919));
#1173 = ORIENTED_EDGE('',*,*,#1058,.F.);
#1174 = PLANE('',#1175);
#1175 = AXIS2_PLACEMENT_3D('',#1176,#1177,#1178);
#1176 = CARTESIAN_POINT('',(14.328333333333,-2.32,2.1));
#1177 = DIRECTION('',(0.707106781187,0.707106781187,-1.544521331713E-16)
  );
#1178 = DIRECTION('',(3.348750591159E-16,-5.533033605842E-16,-1.));
#1179 = ADVANCED_FACE('',(#1180),#1205,.F.);
#1180 = FACE_BOUND('',#1181,.F.);
#1181 = EDGE_LOOP('',(#1182,#1190,#1198,#1204));
#1182 = ORIENTED_EDGE('',*,*,#1183,.F.);
#1183 = EDGE_CURVE('',#1184,#1011,#1186,.T.);
#1184 = VERTEX_POINT('',#1185);
#1185 = CARTESIAN_POINT('',(2.221666666667,-2.86,2.1));
#1186 = LINE('',#1187,#1188);
#1187 = CARTESIAN_POINT('',(2.221666666667,-2.86,2.1));
#1188 = VECTOR('',#1189,1.);
#1189 = DIRECTION('',(1.,-2.22044604925E-16,1.110223024625E-16));
#1190 = ORIENTED_EDGE('',*,*,#1191,.T.);
#1191 = EDGE_CURVE('',#1184,#1192,#1194,.T.);
#1192 = VERTEX_POINT('',#1193);
#1193 = CARTESIAN_POINT('',(2.221666666667,-2.22,2.1));
#1194 = LINE('',#1195,#1196);
#1195 = CARTESIAN_POINT('',(2.221666666667,-2.86,2.1));
#1196 = VECTOR('',#1197,1.);
#1197 = DIRECTION('',(2.22044604925E-16,1.,-5.551115123126E-16));
#1198 = ORIENTED_EDGE('',*,*,#1199,.T.);
#1199 = EDGE_CURVE('',#1192,#1019,#1200,.T.);
#1200 = LINE('',#1201,#1202);
#1201 = CARTESIAN_POINT('',(2.221666666667,-2.22,2.1));
#1202 = VECTOR('',#1203,1.);
#1203 = DIRECTION('',(1.,-2.22044604925E-16,1.110223024625E-16));
#1204 = ORIENTED_EDGE('',*,*,#1018,.F.);
#1205 = PLANE('',#1206);
#1206 = AXIS2_PLACEMENT_3D('',#1207,#1208,#1209);
#1207 = CARTESIAN_POINT('',(2.221666666667,-2.86,2.1));
#1208 = DIRECTION('',(1.110223024625E-16,-5.551115123126E-16,-1.));
#1209 = DIRECTION('',(2.22044604925E-16,1.,-5.551115123126E-16));
#1210 = ADVANCED_FACE('',(#1211),#1229,.F.);
#1211 = FACE_BOUND('',#1212,.F.);
#1212 = EDGE_LOOP('',(#1213,#1214,#1222,#1228));
#1213 = ORIENTED_EDGE('',*,*,#1026,.F.);
#1214 = ORIENTED_EDGE('',*,*,#1215,.T.);
#1215 = EDGE_CURVE('',#1019,#1216,#1218,.T.);
#1216 = VERTEX_POINT('',#1217);
#1217 = CARTESIAN_POINT('',(3.808333333333,-2.22,1.46));
#1218 = LINE('',#1219,#1220);
#1219 = CARTESIAN_POINT('',(3.808333333333,-2.22,2.1));
#1220 = VECTOR('',#1221,1.);
#1221 = DIRECTION('',(5.551115123126E-16,-3.330669073875E-16,-1.));
#1222 = ORIENTED_EDGE('',*,*,#1223,.T.);
#1223 = EDGE_CURVE('',#1216,#1043,#1224,.T.);
#1224 = LINE('',#1225,#1226);
#1225 = CARTESIAN_POINT('',(3.808333333333,-2.22,1.46));
#1226 = VECTOR('',#1227,1.);
#1227 = DIRECTION('',(1.,-2.22044604925E-16,5.551115123126E-16));
#1228 = ORIENTED_EDGE('',*,*,#1042,.F.);
#1229 = PLANE('',#1230);
#1230 = AXIS2_PLACEMENT_3D('',#1231,#1232,#1233);
#1231 = CARTESIAN_POINT('',(3.808333333333,-2.22,2.1));
#1232 = DIRECTION('',(-2.22044604925E-16,-1.,3.330669073875E-16));
#1233 = DIRECTION('',(5.551115123126E-16,-3.330669073875E-16,-1.));
#1234 = ADVANCED_FACE('',(#1235),#1241,.T.);
#1235 = FACE_BOUND('',#1236,.T.);
#1236 = EDGE_LOOP('',(#1237,#1238,#1239,#1240));
#1237 = ORIENTED_EDGE('',*,*,#1168,.F.);
#1238 = ORIENTED_EDGE('',*,*,#1151,.T.);
#1239 = ORIENTED_EDGE('',*,*,#1094,.T.);
#1240 = ORIENTED_EDGE('',*,*,#1080,.F.);
#1241 = PLANE('',#1242);
#1242 = AXIS2_PLACEMENT_3D('',#1243,#1244,#1245);
#1243 = CARTESIAN_POINT('',(14.328333333333,-2.22,1.56));
#1244 = DIRECTION('',(0.707106781187,-3.943505581832E-16,-0.707106781187
    ));
#1245 = DIRECTION('',(-1.123145001623E-16,-1.,4.453814075499E-16));
#1246 = ADVANCED_FACE('',(#1247),#1258,.F.);
#1247 = FACE_BOUND('',#1248,.F.);
#1248 = EDGE_LOOP('',(#1249,#1250,#1256,#1257));
#1249 = ORIENTED_EDGE('',*,*,#1223,.F.);
#1250 = ORIENTED_EDGE('',*,*,#1251,.T.);
#1251 = EDGE_CURVE('',#1216,#1119,#1252,.T.);
#1252 = LINE('',#1253,#1254);
#1253 = CARTESIAN_POINT('',(3.808333333333,-2.22,1.46));
#1254 = VECTOR('',#1255,1.);
#1255 = DIRECTION('',(-2.22044604925E-16,-1.,5.551115123126E-16));
#1256 = ORIENTED_EDGE('',*,*,#1118,.T.);
#1257 = ORIENTED_EDGE('',*,*,#1073,.F.);
#1258 = PLANE('',#1259);
#1259 = AXIS2_PLACEMENT_3D('',#1260,#1261,#1262);
#1260 = CARTESIAN_POINT('',(3.808333333333,-2.22,1.46));
#1261 = DIRECTION('',(-1.110223024625E-16,5.551115123126E-16,1.));
#1262 = DIRECTION('',(-2.22044604925E-16,-1.,5.551115123126E-16));
#1263 = ADVANCED_FACE('',(#1264),#1290,.F.);
#1264 = FACE_BOUND('',#1265,.F.);
#1265 = EDGE_LOOP('',(#1266,#1274,#1282,#1288,#1289));
#1266 = ORIENTED_EDGE('',*,*,#1267,.F.);
#1267 = EDGE_CURVE('',#1268,#1119,#1270,.T.);
#1268 = VERTEX_POINT('',#1269);
#1269 = CARTESIAN_POINT('',(2.354215006626,-2.86,1.46));
#1270 = LINE('',#1271,#1272);
#1271 = CARTESIAN_POINT('',(2.221666666667,-2.86,1.46));
#1272 = VECTOR('',#1273,1.);
#1273 = DIRECTION('',(1.,-2.22044604925E-16,1.110223024625E-16));
#1274 = ORIENTED_EDGE('',*,*,#1275,.T.);
#1275 = EDGE_CURVE('',#1268,#1276,#1278,.T.);
#1276 = VERTEX_POINT('',#1277);
#1277 = CARTESIAN_POINT('',(2.221666666667,-2.86,1.78));
#1278 = LINE('',#1279,#1280);
#1279 = CARTESIAN_POINT('',(2.354215006626,-2.86,1.46));
#1280 = VECTOR('',#1281,1.);
#1281 = DIRECTION('',(-0.382683432365,1.025712328974E-16,0.923879532511)
  );
#1282 = ORIENTED_EDGE('',*,*,#1283,.T.);
#1283 = EDGE_CURVE('',#1276,#1184,#1284,.T.);
#1284 = LINE('',#1285,#1286);
#1285 = CARTESIAN_POINT('',(2.221666666667,-2.86,1.46));
#1286 = VECTOR('',#1287,1.);
#1287 = DIRECTION('',(-5.551115123126E-16,3.330669073875E-16,1.));
#1288 = ORIENTED_EDGE('',*,*,#1183,.T.);
#1289 = ORIENTED_EDGE('',*,*,#1126,.F.);
#1290 = PLANE('',#1291);
#1291 = AXIS2_PLACEMENT_3D('',#1292,#1293,#1294);
#1292 = CARTESIAN_POINT('',(2.221666666667,-2.86,1.46));
#1293 = DIRECTION('',(2.22044604925E-16,1.,-3.330669073875E-16));
#1294 = DIRECTION('',(-5.551115123126E-16,3.330669073875E-16,1.));
#1295 = ADVANCED_FACE('',(#1296),#1323,.T.);
#1296 = FACE_BOUND('',#1297,.T.);
#1297 = EDGE_LOOP('',(#1298,#1308,#1315,#1316));
#1298 = ORIENTED_EDGE('',*,*,#1299,.F.);
#1299 = EDGE_CURVE('',#1300,#1302,#1304,.T.);
#1300 = VERTEX_POINT('',#1301);
#1301 = CARTESIAN_POINT('',(1.995392496687,-2.86,2.00627416998));
#1302 = VERTEX_POINT('',#1303);
#1303 = CARTESIAN_POINT('',(1.995392496687,-2.22,2.00627416998));
#1304 = LINE('',#1305,#1306);
#1305 = CARTESIAN_POINT('',(1.995392496687,-2.86,2.00627416998));
#1306 = VECTOR('',#1307,1.);
#1307 = DIRECTION('',(3.925231146709E-16,1.,-5.035454171335E-16));
#1308 = ORIENTED_EDGE('',*,*,#1309,.T.);
#1309 = EDGE_CURVE('',#1300,#1184,#1310,.T.);
#1310 = CIRCLE('',#1311,0.32);
#1311 = AXIS2_PLACEMENT_3D('',#1312,#1313,#1314);
#1312 = CARTESIAN_POINT('',(2.221666666667,-2.86,1.78));
#1313 = DIRECTION('',(2.22044604925E-16,1.,-3.330669073875E-16));
#1314 = DIRECTION('',(-0.707106781187,3.925231146709E-16,0.707106781187)
  );
#1315 = ORIENTED_EDGE('',*,*,#1191,.T.);
#1316 = ORIENTED_EDGE('',*,*,#1317,.F.);
#1317 = EDGE_CURVE('',#1302,#1192,#1318,.T.);
#1318 = CIRCLE('',#1319,0.32);
#1319 = AXIS2_PLACEMENT_3D('',#1320,#1321,#1322);
#1320 = CARTESIAN_POINT('',(2.221666666667,-2.22,1.78));
#1321 = DIRECTION('',(2.22044604925E-16,1.,-3.330669073875E-16));
#1322 = DIRECTION('',(-0.707106781187,3.925231146709E-16,0.707106781187)
  );
#1323 = SURFACE_OF_REVOLUTION('',#1324,#1328);
#1324 = LINE('',#1325,#1326);
#1325 = CARTESIAN_POINT('',(1.995392496687,-2.86,2.00627416998));
#1326 = VECTOR('',#1327,1.);
#1327 = DIRECTION('',(3.925231146709E-16,1.,-5.035454171335E-16));
#1328 = AXIS1_PLACEMENT('',#1329,#1330);
#1329 = CARTESIAN_POINT('',(2.221666666667,-2.54,1.78));
#1330 = DIRECTION('',(2.22044604925E-16,1.,-3.330669073875E-16));
#1331 = ADVANCED_FACE('',(#1332),#1358,.F.);
#1332 = FACE_BOUND('',#1333,.F.);
#1333 = EDGE_LOOP('',(#1334,#1335,#1343,#1351,#1357));
#1334 = ORIENTED_EDGE('',*,*,#1199,.F.);
#1335 = ORIENTED_EDGE('',*,*,#1336,.T.);
#1336 = EDGE_CURVE('',#1192,#1337,#1339,.T.);
#1337 = VERTEX_POINT('',#1338);
#1338 = CARTESIAN_POINT('',(2.221666666667,-2.22,1.78));
#1339 = LINE('',#1340,#1341);
#1340 = CARTESIAN_POINT('',(2.221666666667,-2.22,2.1));
#1341 = VECTOR('',#1342,1.);
#1342 = DIRECTION('',(5.551115123126E-16,-3.330669073875E-16,-1.));
#1343 = ORIENTED_EDGE('',*,*,#1344,.T.);
#1344 = EDGE_CURVE('',#1337,#1345,#1347,.T.);
#1345 = VERTEX_POINT('',#1346);
#1346 = CARTESIAN_POINT('',(2.354215006626,-2.22,1.46));
#1347 = LINE('',#1348,#1349);
#1348 = CARTESIAN_POINT('',(2.221666666667,-2.22,1.78));
#1349 = VECTOR('',#1350,1.);
#1350 = DIRECTION('',(0.382683432365,-4.231063357019E-16,-0.923879532511
    ));
#1351 = ORIENTED_EDGE('',*,*,#1352,.T.);
#1352 = EDGE_CURVE('',#1345,#1216,#1353,.T.);
#1353 = LINE('',#1354,#1355);
#1354 = CARTESIAN_POINT('',(2.221666666667,-2.22,1.46));
#1355 = VECTOR('',#1356,1.);
#1356 = DIRECTION('',(1.,-2.22044604925E-16,5.551115123126E-16));
#1357 = ORIENTED_EDGE('',*,*,#1215,.F.);
#1358 = PLANE('',#1359);
#1359 = AXIS2_PLACEMENT_3D('',#1360,#1361,#1362);
#1360 = CARTESIAN_POINT('',(2.221666666667,-2.22,2.1));
#1361 = DIRECTION('',(-2.22044604925E-16,-1.,3.330669073875E-16));
#1362 = DIRECTION('',(5.551115123126E-16,-3.330669073875E-16,-1.));
#1363 = ADVANCED_FACE('',(#1364),#1375,.F.);
#1364 = FACE_BOUND('',#1365,.F.);
#1365 = EDGE_LOOP('',(#1366,#1367,#1373,#1374));
#1366 = ORIENTED_EDGE('',*,*,#1352,.F.);
#1367 = ORIENTED_EDGE('',*,*,#1368,.F.);
#1368 = EDGE_CURVE('',#1268,#1345,#1369,.T.);
#1369 = LINE('',#1370,#1371);
#1370 = CARTESIAN_POINT('',(2.354215006626,-2.22,1.46));
#1371 = VECTOR('',#1372,1.);
#1372 = DIRECTION('',(3.409570194918E-16,1.,-5.551115123126E-16));
#1373 = ORIENTED_EDGE('',*,*,#1267,.T.);
#1374 = ORIENTED_EDGE('',*,*,#1251,.F.);
#1375 = PLANE('',#1376);
#1376 = AXIS2_PLACEMENT_3D('',#1377,#1378,#1379);
#1377 = CARTESIAN_POINT('',(2.221666666667,-2.22,1.46));
#1378 = DIRECTION('',(-1.110223024625E-16,5.551115123126E-16,1.));
#1379 = DIRECTION('',(-2.22044604925E-16,-1.,5.551115123126E-16));
#1380 = ADVANCED_FACE('',(#1381),#1420,.F.);
#1381 = FACE_BOUND('',#1382,.F.);
#1382 = EDGE_LOOP('',(#1383,#1391,#1399,#1407,#1413,#1419));
#1383 = ORIENTED_EDGE('',*,*,#1384,.F.);
#1384 = EDGE_CURVE('',#1385,#1268,#1387,.T.);
#1385 = VERTEX_POINT('',#1386);
#1386 = CARTESIAN_POINT('',(0.987940836646,-2.86,9.372583002031E-02));
#1387 = LINE('',#1388,#1389);
#1388 = CARTESIAN_POINT('',(0.987940836646,-2.86,9.372583002031E-02));
#1389 = VECTOR('',#1390,1.);
#1390 = DIRECTION('',(0.707106781187,7.850462293414E-17,0.707106781187)
  );
#1391 = ORIENTED_EDGE('',*,*,#1392,.T.);
#1392 = EDGE_CURVE('',#1385,#1393,#1395,.T.);
#1393 = VERTEX_POINT('',#1394);
#1394 = CARTESIAN_POINT('',(0.761666666667,-2.86,0.32));
#1395 = LINE('',#1396,#1397);
#1396 = CARTESIAN_POINT('',(0.987940836646,-2.86,9.372583002031E-02));
#1397 = VECTOR('',#1398,1.);
#1398 = DIRECTION('',(-0.707106781187,4.115715303214E-16,0.707106781187)
  );
#1399 = ORIENTED_EDGE('',*,*,#1400,.T.);
#1400 = EDGE_CURVE('',#1393,#1401,#1403,.T.);
#1401 = VERTEX_POINT('',#1402);
#1402 = CARTESIAN_POINT('',(0.629118326707,-2.86,0.64));
#1403 = LINE('',#1404,#1405);
#1404 = CARTESIAN_POINT('',(0.761666666667,-2.86,0.32));
#1405 = VECTOR('',#1406,1.);
#1406 = DIRECTION('',(-0.382683432365,5.833738871041E-16,0.923879532511)
  );
#1407 = ORIENTED_EDGE('',*,*,#1408,.T.);
#1408 = EDGE_CURVE('',#1401,#1300,#1409,.T.);
#1409 = LINE('',#1410,#1411);
#1410 = CARTESIAN_POINT('',(0.535392496687,-2.86,0.54627416998));
#1411 = VECTOR('',#1412,1.);
#1412 = DIRECTION('',(0.707106781187,7.850462293414E-17,0.707106781187)
  );
#1413 = ORIENTED_EDGE('',*,*,#1414,.F.);
#1414 = EDGE_CURVE('',#1276,#1300,#1415,.T.);
#1415 = LINE('',#1416,#1417);
#1416 = CARTESIAN_POINT('',(2.447940836646,-2.86,1.55372583002));
#1417 = VECTOR('',#1418,1.);
#1418 = DIRECTION('',(-0.707106781187,4.115715303214E-16,0.707106781187)
  );
#1419 = ORIENTED_EDGE('',*,*,#1275,.F.);
#1420 = PLANE('',#1421);
#1421 = AXIS2_PLACEMENT_3D('',#1422,#1423,#1424);
#1422 = CARTESIAN_POINT('',(0.987940836646,-2.86,9.372583002031E-02));
#1423 = DIRECTION('',(2.355138688026E-16,1.,-3.465361712651E-16));
#1424 = DIRECTION('',(-0.707106781187,4.115715303218E-16,0.707106781187)
  );
#1425 = ADVANCED_FACE('',(#1426),#1431,.T.);
#1426 = FACE_BOUND('',#1427,.T.);
#1427 = EDGE_LOOP('',(#1428,#1429,#1430));
#1428 = ORIENTED_EDGE('',*,*,#1414,.F.);
#1429 = ORIENTED_EDGE('',*,*,#1283,.T.);
#1430 = ORIENTED_EDGE('',*,*,#1309,.F.);
#1431 = PLANE('',#1432);
#1432 = AXIS2_PLACEMENT_3D('',#1433,#1434,#1435);
#1433 = CARTESIAN_POINT('',(2.160437317488,-2.86,1.927820725202));
#1434 = DIRECTION('',(-2.22044604925E-16,-1.,3.330669073875E-16));
#1435 = DIRECTION('',(0.923879532511,-7.768327846848E-17,0.382683432365)
  );
#1436 = ADVANCED_FACE('',(#1437),#1455,.F.);
#1437 = FACE_BOUND('',#1438,.F.);
#1438 = EDGE_LOOP('',(#1439,#1440,#1448,#1454));
#1439 = ORIENTED_EDGE('',*,*,#1408,.F.);
#1440 = ORIENTED_EDGE('',*,*,#1441,.F.);
#1441 = EDGE_CURVE('',#1442,#1401,#1444,.T.);
#1442 = VERTEX_POINT('',#1443);
#1443 = CARTESIAN_POINT('',(0.629118326707,-2.22,0.64));
#1444 = LINE('',#1445,#1446);
#1445 = CARTESIAN_POINT('',(0.629118326707,-2.86,0.64));
#1446 = VECTOR('',#1447,1.);
#1447 = DIRECTION('',(-3.409570194918E-16,-1.,5.551115123126E-16));
#1448 = ORIENTED_EDGE('',*,*,#1449,.T.);
#1449 = EDGE_CURVE('',#1442,#1302,#1450,.T.);
#1450 = LINE('',#1451,#1452);
#1451 = CARTESIAN_POINT('',(0.535392496687,-2.22,0.54627416998));
#1452 = VECTOR('',#1453,1.);
#1453 = DIRECTION('',(0.707106781187,7.850462293414E-17,0.707106781187)
  );
#1454 = ORIENTED_EDGE('',*,*,#1299,.F.);
#1455 = PLANE('',#1456);
#1456 = AXIS2_PLACEMENT_3D('',#1457,#1458,#1459);
#1457 = CARTESIAN_POINT('',(0.535392496687,-2.86,0.54627416998));
#1458 = DIRECTION('',(0.707106781187,-6.336161352464E-16,-0.707106781187
    ));
#1459 = DIRECTION('',(3.925231146706E-16,1.,-5.035454171332E-16));
#1460 = ADVANCED_FACE('',(#1461),#1471,.T.);
#1461 = FACE_BOUND('',#1462,.T.);
#1462 = EDGE_LOOP('',(#1463,#1469,#1470));
#1463 = ORIENTED_EDGE('',*,*,#1464,.F.);
#1464 = EDGE_CURVE('',#1302,#1337,#1465,.T.);
#1465 = LINE('',#1466,#1467);
#1466 = CARTESIAN_POINT('',(1.995392496687,-2.22,2.00627416998));
#1467 = VECTOR('',#1468,1.);
#1468 = DIRECTION('',(0.707106781187,-4.115715303214E-16,-0.707106781187
    ));
#1469 = ORIENTED_EDGE('',*,*,#1317,.T.);
#1470 = ORIENTED_EDGE('',*,*,#1336,.T.);
#1471 = PLANE('',#1472);
#1472 = AXIS2_PLACEMENT_3D('',#1473,#1474,#1475);
#1473 = CARTESIAN_POINT('',(2.160437317488,-2.22,1.927820725202));
#1474 = DIRECTION('',(2.22044604925E-16,1.,-3.330669073875E-16));
#1475 = DIRECTION('',(0.923879532511,-7.768327846848E-17,0.382683432365)
  );
#1476 = ADVANCED_FACE('',(#1477),#1504,.F.);
#1477 = FACE_BOUND('',#1478,.F.);
#1478 = EDGE_LOOP('',(#1479,#1480,#1488,#1496,#1502,#1503));
#1479 = ORIENTED_EDGE('',*,*,#1449,.F.);
#1480 = ORIENTED_EDGE('',*,*,#1481,.T.);
#1481 = EDGE_CURVE('',#1442,#1482,#1484,.T.);
#1482 = VERTEX_POINT('',#1483);
#1483 = CARTESIAN_POINT('',(0.761666666667,-2.22,0.32));
#1484 = LINE('',#1485,#1486);
#1485 = CARTESIAN_POINT('',(0.629118326707,-2.22,0.64));
#1486 = VECTOR('',#1487,1.);
#1487 = DIRECTION('',(0.382683432365,-1.025712328974E-16,-0.923879532511
    ));
#1488 = ORIENTED_EDGE('',*,*,#1489,.T.);
#1489 = EDGE_CURVE('',#1482,#1490,#1492,.T.);
#1490 = VERTEX_POINT('',#1491);
#1491 = CARTESIAN_POINT('',(0.987940836646,-2.22,9.37258300203E-02));
#1492 = LINE('',#1493,#1494);
#1493 = CARTESIAN_POINT('',(0.535392496687,-2.22,0.54627416998));
#1494 = VECTOR('',#1495,1.);
#1495 = DIRECTION('',(0.707106781187,-4.115715303214E-16,-0.707106781187
    ));
#1496 = ORIENTED_EDGE('',*,*,#1497,.T.);
#1497 = EDGE_CURVE('',#1490,#1345,#1498,.T.);
#1498 = LINE('',#1499,#1500);
#1499 = CARTESIAN_POINT('',(0.987940836646,-2.22,9.372583002031E-02));
#1500 = VECTOR('',#1501,1.);
#1501 = DIRECTION('',(0.707106781187,7.850462293414E-17,0.707106781187)
  );
#1502 = ORIENTED_EDGE('',*,*,#1344,.F.);
#1503 = ORIENTED_EDGE('',*,*,#1464,.F.);
#1504 = PLANE('',#1505);
#1505 = AXIS2_PLACEMENT_3D('',#1506,#1507,#1508);
#1506 = CARTESIAN_POINT('',(0.535392496687,-2.22,0.54627416998));
#1507 = DIRECTION('',(-2.355138688026E-16,-1.,3.465361712651E-16));
#1508 = DIRECTION('',(0.707106781187,-4.115715303218E-16,-0.707106781187
    ));
#1509 = ADVANCED_FACE('',(#1510),#1521,.F.);
#1510 = FACE_BOUND('',#1511,.F.);
#1511 = EDGE_LOOP('',(#1512,#1513,#1519,#1520));
#1512 = ORIENTED_EDGE('',*,*,#1497,.F.);
#1513 = ORIENTED_EDGE('',*,*,#1514,.T.);
#1514 = EDGE_CURVE('',#1490,#1385,#1515,.T.);
#1515 = LINE('',#1516,#1517);
#1516 = CARTESIAN_POINT('',(0.987940836646,-2.22,9.37258300203E-02));
#1517 = VECTOR('',#1518,1.);
#1518 = DIRECTION('',(-3.925231146709E-16,-1.,5.035454171335E-16));
#1519 = ORIENTED_EDGE('',*,*,#1384,.T.);
#1520 = ORIENTED_EDGE('',*,*,#1368,.T.);
#1521 = PLANE('',#1522);
#1522 = AXIS2_PLACEMENT_3D('',#1523,#1524,#1525);
#1523 = CARTESIAN_POINT('',(0.987940836646,-2.22,9.37258300203E-02));
#1524 = DIRECTION('',(-0.707106781187,6.336161352464E-16,0.707106781187)
  );
#1525 = DIRECTION('',(-3.925231146706E-16,-1.,5.035454171332E-16));
#1526 = ADVANCED_FACE('',(#1527),#1545,.T.);
#1527 = FACE_BOUND('',#1528,.T.);
#1528 = EDGE_LOOP('',(#1529,#1537,#1544));
#1529 = ORIENTED_EDGE('',*,*,#1530,.F.);
#1530 = EDGE_CURVE('',#1531,#1393,#1533,.T.);
#1531 = VERTEX_POINT('',#1532);
#1532 = CARTESIAN_POINT('',(0.761666666667,-2.86,9.631184738623E-16));
#1533 = LINE('',#1534,#1535);
#1534 = CARTESIAN_POINT('',(0.761666666667,-2.86,9.631184738623E-16));
#1535 = VECTOR('',#1536,1.);
#1536 = DIRECTION('',(-5.551115123126E-16,3.330669073875E-16,1.));
#1537 = ORIENTED_EDGE('',*,*,#1538,.T.);
#1538 = EDGE_CURVE('',#1531,#1385,#1539,.T.);
#1539 = CIRCLE('',#1540,0.32);
#1540 = AXIS2_PLACEMENT_3D('',#1541,#1542,#1543);
#1541 = CARTESIAN_POINT('',(0.761666666667,-2.86,0.32));
#1542 = DIRECTION('',(-2.22044604925E-16,-1.,3.330669073875E-16));
#1543 = DIRECTION('',(1.110223024625E-16,-3.330669073875E-16,-1.));
#1544 = ORIENTED_EDGE('',*,*,#1392,.T.);
#1545 = PLANE('',#1546);
#1546 = AXIS2_PLACEMENT_3D('',#1547,#1548,#1549);
#1547 = CARTESIAN_POINT('',(0.822896015845,-2.86,0.172179274798));
#1548 = DIRECTION('',(-2.22044604925E-16,-1.,3.330669073875E-16));
#1549 = DIRECTION('',(0.923879532511,-7.768327846848E-17,0.382683432365)
  );
#1550 = ADVANCED_FACE('',(#1551),#1577,.F.);
#1551 = FACE_BOUND('',#1552,.F.);
#1552 = EDGE_LOOP('',(#1553,#1561,#1569,#1575,#1576));
#1553 = ORIENTED_EDGE('',*,*,#1554,.F.);
#1554 = EDGE_CURVE('',#1555,#1531,#1557,.T.);
#1555 = VERTEX_POINT('',#1556);
#1556 = CARTESIAN_POINT('',(-0.761666666667,-2.86,1.174986034395E-16));
#1557 = LINE('',#1558,#1559);
#1558 = CARTESIAN_POINT('',(-0.761666666667,-2.86,6.864879035599E-17));
#1559 = VECTOR('',#1560,1.);
#1560 = DIRECTION('',(1.,-2.22044604925E-16,1.110223024625E-16));
#1561 = ORIENTED_EDGE('',*,*,#1562,.T.);
#1562 = EDGE_CURVE('',#1555,#1563,#1565,.T.);
#1563 = VERTEX_POINT('',#1564);
#1564 = CARTESIAN_POINT('',(-0.761666666667,-2.86,0.64));
#1565 = LINE('',#1566,#1567);
#1566 = CARTESIAN_POINT('',(-0.761666666667,-2.86,1.174986034395E-16));
#1567 = VECTOR('',#1568,1.);
#1568 = DIRECTION('',(-5.551115123126E-16,3.330669073875E-16,1.));
#1569 = ORIENTED_EDGE('',*,*,#1570,.T.);
#1570 = EDGE_CURVE('',#1563,#1401,#1571,.T.);
#1571 = LINE('',#1572,#1573);
#1572 = CARTESIAN_POINT('',(-0.761666666667,-2.86,0.64));
#1573 = VECTOR('',#1574,1.);
#1574 = DIRECTION('',(1.,-2.22044604925E-16,1.110223024625E-16));
#1575 = ORIENTED_EDGE('',*,*,#1400,.F.);
#1576 = ORIENTED_EDGE('',*,*,#1530,.F.);
#1577 = PLANE('',#1578);
#1578 = AXIS2_PLACEMENT_3D('',#1579,#1580,#1581);
#1579 = CARTESIAN_POINT('',(-0.761666666667,-2.86,1.174986034395E-16));
#1580 = DIRECTION('',(2.22044604925E-16,1.,-3.330669073875E-16));
#1581 = DIRECTION('',(-5.551115123126E-16,3.330669073875E-16,1.));
#1582 = ADVANCED_FACE('',(#1583),#1601,.F.);
#1583 = FACE_BOUND('',#1584,.F.);
#1584 = EDGE_LOOP('',(#1585,#1586,#1594,#1600));
#1585 = ORIENTED_EDGE('',*,*,#1570,.F.);
#1586 = ORIENTED_EDGE('',*,*,#1587,.T.);
#1587 = EDGE_CURVE('',#1563,#1588,#1590,.T.);
#1588 = VERTEX_POINT('',#1589);
#1589 = CARTESIAN_POINT('',(-0.761666666667,-2.22,0.64));
#1590 = LINE('',#1591,#1592);
#1591 = CARTESIAN_POINT('',(-0.761666666667,-2.86,0.64));
#1592 = VECTOR('',#1593,1.);
#1593 = DIRECTION('',(2.22044604925E-16,1.,-5.551115123126E-16));
#1594 = ORIENTED_EDGE('',*,*,#1595,.T.);
#1595 = EDGE_CURVE('',#1588,#1442,#1596,.T.);
#1596 = LINE('',#1597,#1598);
#1597 = CARTESIAN_POINT('',(-0.761666666667,-2.22,0.64));
#1598 = VECTOR('',#1599,1.);
#1599 = DIRECTION('',(1.,-2.22044604925E-16,1.110223024625E-16));
#1600 = ORIENTED_EDGE('',*,*,#1441,.T.);
#1601 = PLANE('',#1602);
#1602 = AXIS2_PLACEMENT_3D('',#1603,#1604,#1605);
#1603 = CARTESIAN_POINT('',(-0.761666666667,-2.86,0.64));
#1604 = DIRECTION('',(1.110223024625E-16,-5.551115123126E-16,-1.));
#1605 = DIRECTION('',(2.22044604925E-16,1.,-5.551115123126E-16));
#1606 = ADVANCED_FACE('',(#1607),#1633,.F.);
#1607 = FACE_BOUND('',#1608,.F.);
#1608 = EDGE_LOOP('',(#1609,#1610,#1618,#1626,#1632));
#1609 = ORIENTED_EDGE('',*,*,#1595,.F.);
#1610 = ORIENTED_EDGE('',*,*,#1611,.T.);
#1611 = EDGE_CURVE('',#1588,#1612,#1614,.T.);
#1612 = VERTEX_POINT('',#1613);
#1613 = CARTESIAN_POINT('',(-0.761666666667,-2.22,-2.866225775241E-16));
#1614 = LINE('',#1615,#1616);
#1615 = CARTESIAN_POINT('',(-0.761666666667,-2.22,0.64));
#1616 = VECTOR('',#1617,1.);
#1617 = DIRECTION('',(5.551115123126E-16,-3.330669073875E-16,-1.));
#1618 = ORIENTED_EDGE('',*,*,#1619,.T.);
#1619 = EDGE_CURVE('',#1612,#1620,#1622,.T.);
#1620 = VERTEX_POINT('',#1621);
#1621 = CARTESIAN_POINT('',(0.761666666667,-2.22,-1.174986034395E-16));
#1622 = LINE('',#1623,#1624);
#1623 = CARTESIAN_POINT('',(-0.761666666667,-2.22,-1.200891238303E-16));
#1624 = VECTOR('',#1625,1.);
#1625 = DIRECTION('',(1.,-2.22044604925E-16,5.551115123126E-16));
#1626 = ORIENTED_EDGE('',*,*,#1627,.F.);
#1627 = EDGE_CURVE('',#1482,#1620,#1628,.T.);
#1628 = LINE('',#1629,#1630);
#1629 = CARTESIAN_POINT('',(0.761666666667,-2.22,0.64));
#1630 = VECTOR('',#1631,1.);
#1631 = DIRECTION('',(5.551115123126E-16,-3.330669073875E-16,-1.));
#1632 = ORIENTED_EDGE('',*,*,#1481,.F.);
#1633 = PLANE('',#1634);
#1634 = AXIS2_PLACEMENT_3D('',#1635,#1636,#1637);
#1635 = CARTESIAN_POINT('',(-0.761666666667,-2.22,0.64));
#1636 = DIRECTION('',(-2.22044604925E-16,-1.,3.330669073875E-16));
#1637 = DIRECTION('',(5.551115123126E-16,-3.330669073875E-16,-1.));
#1638 = ADVANCED_FACE('',(#1639),#1650,.T.);
#1639 = FACE_BOUND('',#1640,.T.);
#1640 = EDGE_LOOP('',(#1641,#1642,#1643));
#1641 = ORIENTED_EDGE('',*,*,#1627,.F.);
#1642 = ORIENTED_EDGE('',*,*,#1489,.T.);
#1643 = ORIENTED_EDGE('',*,*,#1644,.F.);
#1644 = EDGE_CURVE('',#1620,#1490,#1645,.T.);
#1645 = CIRCLE('',#1646,0.32);
#1646 = AXIS2_PLACEMENT_3D('',#1647,#1648,#1649);
#1647 = CARTESIAN_POINT('',(0.761666666667,-2.22,0.32));
#1648 = DIRECTION('',(-2.22044604925E-16,-1.,3.330669073875E-16));
#1649 = DIRECTION('',(-2.359223927328E-16,-3.330669073875E-16,-1.));
#1650 = PLANE('',#1651);
#1651 = AXIS2_PLACEMENT_3D('',#1652,#1653,#1654);
#1652 = CARTESIAN_POINT('',(0.822896015845,-2.22,0.172179274798));
#1653 = DIRECTION('',(2.22044604925E-16,1.,-3.330669073875E-16));
#1654 = DIRECTION('',(0.923879532511,-7.768327846848E-17,0.382683432365)
  );
#1655 = ADVANCED_FACE('',(#1656),#1667,.T.);
#1656 = FACE_BOUND('',#1657,.T.);
#1657 = EDGE_LOOP('',(#1658,#1664,#1665,#1666));
#1658 = ORIENTED_EDGE('',*,*,#1659,.F.);
#1659 = EDGE_CURVE('',#1620,#1531,#1660,.T.);
#1660 = LINE('',#1661,#1662);
#1661 = CARTESIAN_POINT('',(0.761666666667,-2.22,-1.174986034395E-16));
#1662 = VECTOR('',#1663,1.);
#1663 = DIRECTION('',(-2.22044604925E-16,-1.,5.551115123126E-16));
#1664 = ORIENTED_EDGE('',*,*,#1644,.T.);
#1665 = ORIENTED_EDGE('',*,*,#1514,.T.);
#1666 = ORIENTED_EDGE('',*,*,#1538,.F.);
#1667 = SURFACE_OF_REVOLUTION('',#1668,#1672);
#1668 = LINE('',#1669,#1670);
#1669 = CARTESIAN_POINT('',(0.761666666667,-2.22,-1.174986034395E-16));
#1670 = VECTOR('',#1671,1.);
#1671 = DIRECTION('',(-2.22044604925E-16,-1.,5.551115123126E-16));
#1672 = AXIS1_PLACEMENT('',#1673,#1674);
#1673 = CARTESIAN_POINT('',(0.761666666667,-2.54,0.32));
#1674 = DIRECTION('',(-2.22044604925E-16,-1.,3.330669073875E-16));
#1675 = ADVANCED_FACE('',(#1676),#1687,.F.);
#1676 = FACE_BOUND('',#1677,.F.);
#1677 = EDGE_LOOP('',(#1678,#1679,#1685,#1686));
#1678 = ORIENTED_EDGE('',*,*,#1619,.F.);
#1679 = ORIENTED_EDGE('',*,*,#1680,.T.);
#1680 = EDGE_CURVE('',#1612,#1555,#1681,.T.);
#1681 = LINE('',#1682,#1683);
#1682 = CARTESIAN_POINT('',(-0.761666666667,-2.22,-2.866225775241E-16));
#1683 = VECTOR('',#1684,1.);
#1684 = DIRECTION('',(-2.22044604925E-16,-1.,5.551115123126E-16));
#1685 = ORIENTED_EDGE('',*,*,#1554,.T.);
#1686 = ORIENTED_EDGE('',*,*,#1659,.F.);
#1687 = PLANE('',#1688);
#1688 = AXIS2_PLACEMENT_3D('',#1689,#1690,#1691);
#1689 = CARTESIAN_POINT('',(-0.761666666667,-2.22,-2.866225775241E-16));
#1690 = DIRECTION('',(-1.110223024625E-16,5.551115123126E-16,1.));
#1691 = DIRECTION('',(-2.22044604925E-16,-1.,5.551115123126E-16));
#1692 = ADVANCED_FACE('',(#1693),#1699,.T.);
#1693 = FACE_BOUND('',#1694,.T.);
#1694 = EDGE_LOOP('',(#1695,#1696,#1697,#1698));
#1695 = ORIENTED_EDGE('',*,*,#1587,.T.);
#1696 = ORIENTED_EDGE('',*,*,#1611,.T.);
#1697 = ORIENTED_EDGE('',*,*,#1680,.T.);
#1698 = ORIENTED_EDGE('',*,*,#1562,.T.);
#1699 = PLANE('',#1700);
#1700 = AXIS2_PLACEMENT_3D('',#1701,#1702,#1703);
#1701 = CARTESIAN_POINT('',(-0.761666666667,-2.54,0.32));
#1702 = DIRECTION('',(-1.,2.602085213965E-16,-6.314393452556E-16));
#1703 = DIRECTION('',(6.314393452556E-16,-1.110223024625E-16,-1.));
#1704 = MANIFOLD_SOLID_BREP('',#1705);
#1705 = CLOSED_SHELL('',(#1706,#1746,#1777,#1808,#1839,#1870,#1892,#1916
    ,#1940,#1964,#1981,#2012,#2036,#2048,#2065,#2097,#2133,#2165,#2182,
    #2227,#2238,#2262,#2278,#2311,#2328,#2352,#2384,#2408,#2440,#2457,
    #2477,#2494));
#1706 = ADVANCED_FACE('',(#1707),#1741,.F.);
#1707 = FACE_BOUND('',#1708,.F.);
#1708 = EDGE_LOOP('',(#1709,#1719,#1727,#1735));
#1709 = ORIENTED_EDGE('',*,*,#1710,.F.);
#1710 = EDGE_CURVE('',#1711,#1713,#1715,.T.);
#1711 = VERTEX_POINT('',#1712);
#1712 = CARTESIAN_POINT('',(6.348333333333,-5.4,2.1));
#1713 = VERTEX_POINT('',#1714);
#1714 = CARTESIAN_POINT('',(14.228333333333,-5.4,2.1));
#1715 = LINE('',#1716,#1717);
#1716 = CARTESIAN_POINT('',(6.348333333333,-5.4,2.1));
#1717 = VECTOR('',#1718,1.);
#1718 = DIRECTION('',(1.,-2.22044604925E-16,1.110223024625E-16));
#1719 = ORIENTED_EDGE('',*,*,#1720,.T.);
#1720 = EDGE_CURVE('',#1711,#1721,#1723,.T.);
#1721 = VERTEX_POINT('',#1722);
#1722 = CARTESIAN_POINT('',(6.348333333333,-4.76,2.1));
#1723 = LINE('',#1724,#1725);
#1724 = CARTESIAN_POINT('',(6.348333333333,-5.4,2.1));
#1725 = VECTOR('',#1726,1.);
#1726 = DIRECTION('',(2.22044604925E-16,1.,-5.551115123126E-16));
#1727 = ORIENTED_EDGE('',*,*,#1728,.T.);
#1728 = EDGE_CURVE('',#1721,#1729,#1731,.T.);
#1729 = VERTEX_POINT('',#1730);
#1730 = CARTESIAN_POINT('',(14.228333333333,-4.76,2.1));
#1731 = LINE('',#1732,#1733);
#1732 = CARTESIAN_POINT('',(6.348333333333,-4.76,2.1));
#1733 = VECTOR('',#1734,1.);
#1734 = DIRECTION('',(1.,-2.22044604925E-16,1.110223024625E-16));
#1735 = ORIENTED_EDGE('',*,*,#1736,.F.);
#1736 = EDGE_CURVE('',#1713,#1729,#1737,.T.);
#1737 = LINE('',#1738,#1739);
#1738 = CARTESIAN_POINT('',(14.228333333333,-5.4,2.1));
#1739 = VECTOR('',#1740,1.);
#1740 = DIRECTION('',(2.22044604925E-16,1.,-5.551115123126E-16));
#1741 = PLANE('',#1742);
#1742 = AXIS2_PLACEMENT_3D('',#1743,#1744,#1745);
#1743 = CARTESIAN_POINT('',(6.348333333333,-5.4,2.1));
#1744 = DIRECTION('',(1.110223024625E-16,-5.551115123126E-16,-1.));
#1745 = DIRECTION('',(2.22044604925E-16,1.,-5.551115123126E-16));
#1746 = ADVANCED_FACE('',(#1747),#1772,.F.);
#1747 = FACE_BOUND('',#1748,.F.);
#1748 = EDGE_LOOP('',(#1749,#1759,#1765,#1766));
#1749 = ORIENTED_EDGE('',*,*,#1750,.F.);
#1750 = EDGE_CURVE('',#1751,#1753,#1755,.T.);
#1751 = VERTEX_POINT('',#1752);
#1752 = CARTESIAN_POINT('',(6.348333333333,-5.4,1.46));
#1753 = VERTEX_POINT('',#1754);
#1754 = CARTESIAN_POINT('',(14.228333333333,-5.4,1.46));
#1755 = LINE('',#1756,#1757);
#1756 = CARTESIAN_POINT('',(6.348333333333,-5.4,1.46));
#1757 = VECTOR('',#1758,1.);
#1758 = DIRECTION('',(1.,-2.22044604925E-16,1.110223024625E-16));
#1759 = ORIENTED_EDGE('',*,*,#1760,.T.);
#1760 = EDGE_CURVE('',#1751,#1711,#1761,.T.);
#1761 = LINE('',#1762,#1763);
#1762 = CARTESIAN_POINT('',(6.348333333333,-5.4,1.46));
#1763 = VECTOR('',#1764,1.);
#1764 = DIRECTION('',(-5.551115123126E-16,3.330669073875E-16,1.));
#1765 = ORIENTED_EDGE('',*,*,#1710,.T.);
#1766 = ORIENTED_EDGE('',*,*,#1767,.F.);
#1767 = EDGE_CURVE('',#1753,#1713,#1768,.T.);
#1768 = LINE('',#1769,#1770);
#1769 = CARTESIAN_POINT('',(14.228333333333,-5.4,1.46));
#1770 = VECTOR('',#1771,1.);
#1771 = DIRECTION('',(-5.551115123126E-16,3.330669073875E-16,1.));
#1772 = PLANE('',#1773);
#1773 = AXIS2_PLACEMENT_3D('',#1774,#1775,#1776);
#1774 = CARTESIAN_POINT('',(6.348333333333,-5.4,1.46));
#1775 = DIRECTION('',(2.22044604925E-16,1.,-3.330669073875E-16));
#1776 = DIRECTION('',(-5.551115123126E-16,3.330669073875E-16,1.));
#1777 = ADVANCED_FACE('',(#1778),#1803,.T.);
#1778 = FACE_BOUND('',#1779,.F.);
#1779 = EDGE_LOOP('',(#1780,#1788,#1789,#1797));
#1780 = ORIENTED_EDGE('',*,*,#1781,.F.);
#1781 = EDGE_CURVE('',#1713,#1782,#1784,.T.);
#1782 = VERTEX_POINT('',#1783);
#1783 = CARTESIAN_POINT('',(14.428333333333,-5.2,1.9));
#1784 = LINE('',#1785,#1786);
#1785 = CARTESIAN_POINT('',(14.401666666667,-5.226666666667,
    1.926666666667));
#1786 = VECTOR('',#1787,1.);
#1787 = DIRECTION('',(0.57735026919,0.57735026919,-0.57735026919));
#1788 = ORIENTED_EDGE('',*,*,#1736,.T.);
#1789 = ORIENTED_EDGE('',*,*,#1790,.T.);
#1790 = EDGE_CURVE('',#1729,#1791,#1793,.T.);
#1791 = VERTEX_POINT('',#1792);
#1792 = CARTESIAN_POINT('',(14.428333333333,-4.96,1.9));
#1793 = LINE('',#1794,#1795);
#1794 = CARTESIAN_POINT('',(14.401666666667,-4.933333333333,
    1.926666666667));
#1795 = VECTOR('',#1796,1.);
#1796 = DIRECTION('',(0.57735026919,-0.57735026919,-0.57735026919));
#1797 = ORIENTED_EDGE('',*,*,#1798,.F.);
#1798 = EDGE_CURVE('',#1782,#1791,#1799,.T.);
#1799 = LINE('',#1800,#1801);
#1800 = CARTESIAN_POINT('',(14.428333333333,-5.4,1.9));
#1801 = VECTOR('',#1802,1.);
#1802 = DIRECTION('',(2.22044604925E-16,1.,-5.551115123126E-16));
#1803 = PLANE('',#1804);
#1804 = AXIS2_PLACEMENT_3D('',#1805,#1806,#1807);
#1805 = CARTESIAN_POINT('',(14.328333333333,-5.4,2.));
#1806 = DIRECTION('',(0.707106781187,3.943505581832E-16,0.707106781187)
  );
#1807 = DIRECTION('',(-1.097301047627E-16,-1.,6.674260124749E-16));
#1808 = ADVANCED_FACE('',(#1809),#1834,.F.);
#1809 = FACE_BOUND('',#1810,.F.);
#1810 = EDGE_LOOP('',(#1811,#1819,#1827,#1833));
#1811 = ORIENTED_EDGE('',*,*,#1812,.F.);
#1812 = EDGE_CURVE('',#1813,#1711,#1815,.T.);
#1813 = VERTEX_POINT('',#1814);
#1814 = CARTESIAN_POINT('',(3.808333333333,-5.4,2.1));
#1815 = LINE('',#1816,#1817);
#1816 = CARTESIAN_POINT('',(3.808333333333,-5.4,2.1));
#1817 = VECTOR('',#1818,1.);
#1818 = DIRECTION('',(1.,-2.22044604925E-16,1.110223024625E-16));
#1819 = ORIENTED_EDGE('',*,*,#1820,.T.);
#1820 = EDGE_CURVE('',#1813,#1821,#1823,.T.);
#1821 = VERTEX_POINT('',#1822);
#1822 = CARTESIAN_POINT('',(3.808333333333,-4.76,2.1));
#1823 = LINE('',#1824,#1825);
#1824 = CARTESIAN_POINT('',(3.808333333333,-5.4,2.1));
#1825 = VECTOR('',#1826,1.);
#1826 = DIRECTION('',(2.22044604925E-16,1.,-5.551115123126E-16));
#1827 = ORIENTED_EDGE('',*,*,#1828,.T.);
#1828 = EDGE_CURVE('',#1821,#1721,#1829,.T.);
#1829 = LINE('',#1830,#1831);
#1830 = CARTESIAN_POINT('',(3.808333333333,-4.76,2.1));
#1831 = VECTOR('',#1832,1.);
#1832 = DIRECTION('',(1.,-2.22044604925E-16,1.110223024625E-16));
#1833 = ORIENTED_EDGE('',*,*,#1720,.F.);
#1834 = PLANE('',#1835);
#1835 = AXIS2_PLACEMENT_3D('',#1836,#1837,#1838);
#1836 = CARTESIAN_POINT('',(3.808333333333,-5.4,2.1));
#1837 = DIRECTION('',(1.110223024625E-16,-5.551115123126E-16,-1.));
#1838 = DIRECTION('',(2.22044604925E-16,1.,-5.551115123126E-16));
#1839 = ADVANCED_FACE('',(#1840),#1865,.F.);
#1840 = FACE_BOUND('',#1841,.F.);
#1841 = EDGE_LOOP('',(#1842,#1843,#1851,#1859));
#1842 = ORIENTED_EDGE('',*,*,#1728,.F.);
#1843 = ORIENTED_EDGE('',*,*,#1844,.T.);
#1844 = EDGE_CURVE('',#1721,#1845,#1847,.T.);
#1845 = VERTEX_POINT('',#1846);
#1846 = CARTESIAN_POINT('',(6.348333333333,-4.76,1.46));
#1847 = LINE('',#1848,#1849);
#1848 = CARTESIAN_POINT('',(6.348333333333,-4.76,2.1));
#1849 = VECTOR('',#1850,1.);
#1850 = DIRECTION('',(5.551115123126E-16,-3.330669073875E-16,-1.));
#1851 = ORIENTED_EDGE('',*,*,#1852,.T.);
#1852 = EDGE_CURVE('',#1845,#1853,#1855,.T.);
#1853 = VERTEX_POINT('',#1854);
#1854 = CARTESIAN_POINT('',(14.228333333333,-4.76,1.46));
#1855 = LINE('',#1856,#1857);
#1856 = CARTESIAN_POINT('',(6.348333333333,-4.76,1.46));
#1857 = VECTOR('',#1858,1.);
#1858 = DIRECTION('',(1.,-2.22044604925E-16,5.551115123126E-16));
#1859 = ORIENTED_EDGE('',*,*,#1860,.F.);
#1860 = EDGE_CURVE('',#1729,#1853,#1861,.T.);
#1861 = LINE('',#1862,#1863);
#1862 = CARTESIAN_POINT('',(14.228333333333,-4.76,2.1));
#1863 = VECTOR('',#1864,1.);
#1864 = DIRECTION('',(5.551115123126E-16,-3.330669073875E-16,-1.));
#1865 = PLANE('',#1866);
#1866 = AXIS2_PLACEMENT_3D('',#1867,#1868,#1869);
#1867 = CARTESIAN_POINT('',(6.348333333333,-4.76,2.1));
#1868 = DIRECTION('',(-2.22044604925E-16,-1.,3.330669073875E-16));
#1869 = DIRECTION('',(5.551115123126E-16,-3.330669073875E-16,-1.));
#1870 = ADVANCED_FACE('',(#1871),#1887,.F.);
#1871 = FACE_BOUND('',#1872,.F.);
#1872 = EDGE_LOOP('',(#1873,#1874,#1880,#1881));
#1873 = ORIENTED_EDGE('',*,*,#1852,.F.);
#1874 = ORIENTED_EDGE('',*,*,#1875,.T.);
#1875 = EDGE_CURVE('',#1845,#1751,#1876,.T.);
#1876 = LINE('',#1877,#1878);
#1877 = CARTESIAN_POINT('',(6.348333333333,-4.76,1.46));
#1878 = VECTOR('',#1879,1.);
#1879 = DIRECTION('',(-2.22044604925E-16,-1.,5.551115123126E-16));
#1880 = ORIENTED_EDGE('',*,*,#1750,.T.);
#1881 = ORIENTED_EDGE('',*,*,#1882,.F.);
#1882 = EDGE_CURVE('',#1853,#1753,#1883,.T.);
#1883 = LINE('',#1884,#1885);
#1884 = CARTESIAN_POINT('',(14.228333333333,-4.76,1.46));
#1885 = VECTOR('',#1886,1.);
#1886 = DIRECTION('',(-2.22044604925E-16,-1.,5.551115123126E-16));
#1887 = PLANE('',#1888);
#1888 = AXIS2_PLACEMENT_3D('',#1889,#1890,#1891);
#1889 = CARTESIAN_POINT('',(6.348333333333,-4.76,1.46));
#1890 = DIRECTION('',(-1.110223024625E-16,5.551115123126E-16,1.));
#1891 = DIRECTION('',(-2.22044604925E-16,-1.,5.551115123126E-16));
#1892 = ADVANCED_FACE('',(#1893),#1911,.T.);
#1893 = FACE_BOUND('',#1894,.T.);
#1894 = EDGE_LOOP('',(#1895,#1903,#1909,#1910));
#1895 = ORIENTED_EDGE('',*,*,#1896,.F.);
#1896 = EDGE_CURVE('',#1897,#1753,#1899,.T.);
#1897 = VERTEX_POINT('',#1898);
#1898 = CARTESIAN_POINT('',(14.428333333333,-5.2,1.66));
#1899 = LINE('',#1900,#1901);
#1900 = CARTESIAN_POINT('',(14.401666666667,-5.226666666667,
    1.633333333333));
#1901 = VECTOR('',#1902,1.);
#1902 = DIRECTION('',(-0.57735026919,-0.57735026919,-0.57735026919));
#1903 = ORIENTED_EDGE('',*,*,#1904,.T.);
#1904 = EDGE_CURVE('',#1897,#1782,#1905,.T.);
#1905 = LINE('',#1906,#1907);
#1906 = CARTESIAN_POINT('',(14.428333333333,-5.2,1.46));
#1907 = VECTOR('',#1908,1.);
#1908 = DIRECTION('',(-5.551115123126E-16,3.330669073875E-16,1.));
#1909 = ORIENTED_EDGE('',*,*,#1781,.F.);
#1910 = ORIENTED_EDGE('',*,*,#1767,.F.);
#1911 = PLANE('',#1912);
#1912 = AXIS2_PLACEMENT_3D('',#1913,#1914,#1915);
#1913 = CARTESIAN_POINT('',(14.328333333333,-5.3,1.46));
#1914 = DIRECTION('',(0.707106781187,-0.707106781187,3.149322134929E-16)
  );
#1915 = DIRECTION('',(-3.337130062374E-16,1.116684013124E-16,1.));
#1916 = ADVANCED_FACE('',(#1917),#1935,.F.);
#1917 = FACE_BOUND('',#1918,.F.);
#1918 = EDGE_LOOP('',(#1919,#1927,#1933,#1934));
#1919 = ORIENTED_EDGE('',*,*,#1920,.F.);
#1920 = EDGE_CURVE('',#1921,#1751,#1923,.T.);
#1921 = VERTEX_POINT('',#1922);
#1922 = CARTESIAN_POINT('',(3.808333333333,-5.4,1.46));
#1923 = LINE('',#1924,#1925);
#1924 = CARTESIAN_POINT('',(3.808333333333,-5.4,1.46));
#1925 = VECTOR('',#1926,1.);
#1926 = DIRECTION('',(1.,-2.22044604925E-16,1.110223024625E-16));
#1927 = ORIENTED_EDGE('',*,*,#1928,.T.);
#1928 = EDGE_CURVE('',#1921,#1813,#1929,.T.);
#1929 = LINE('',#1930,#1931);
#1930 = CARTESIAN_POINT('',(3.808333333333,-5.4,1.46));
#1931 = VECTOR('',#1932,1.);
#1932 = DIRECTION('',(-5.551115123126E-16,3.330669073875E-16,1.));
#1933 = ORIENTED_EDGE('',*,*,#1812,.T.);
#1934 = ORIENTED_EDGE('',*,*,#1760,.F.);
#1935 = PLANE('',#1936);
#1936 = AXIS2_PLACEMENT_3D('',#1937,#1938,#1939);
#1937 = CARTESIAN_POINT('',(3.808333333333,-5.4,1.46));
#1938 = DIRECTION('',(2.22044604925E-16,1.,-3.330669073875E-16));
#1939 = DIRECTION('',(-5.551115123126E-16,3.330669073875E-16,1.));
#1940 = ADVANCED_FACE('',(#1941),#1959,.F.);
#1941 = FACE_BOUND('',#1942,.F.);
#1942 = EDGE_LOOP('',(#1943,#1944,#1952,#1958));
#1943 = ORIENTED_EDGE('',*,*,#1798,.T.);
#1944 = ORIENTED_EDGE('',*,*,#1945,.T.);
#1945 = EDGE_CURVE('',#1791,#1946,#1948,.T.);
#1946 = VERTEX_POINT('',#1947);
#1947 = CARTESIAN_POINT('',(14.428333333333,-4.96,1.66));
#1948 = LINE('',#1949,#1950);
#1949 = CARTESIAN_POINT('',(14.428333333333,-4.96,2.1));
#1950 = VECTOR('',#1951,1.);
#1951 = DIRECTION('',(5.551115123126E-16,-3.330669073875E-16,-1.));
#1952 = ORIENTED_EDGE('',*,*,#1953,.T.);
#1953 = EDGE_CURVE('',#1946,#1897,#1954,.T.);
#1954 = LINE('',#1955,#1956);
#1955 = CARTESIAN_POINT('',(14.428333333333,-4.76,1.66));
#1956 = VECTOR('',#1957,1.);
#1957 = DIRECTION('',(-2.22044604925E-16,-1.,5.551115123126E-16));
#1958 = ORIENTED_EDGE('',*,*,#1904,.T.);
#1959 = PLANE('',#1960);
#1960 = AXIS2_PLACEMENT_3D('',#1961,#1962,#1963);
#1961 = CARTESIAN_POINT('',(14.428333333333,-5.08,1.78));
#1962 = DIRECTION('',(-1.,-1.232595164408E-32,-1.110223024625E-16));
#1963 = DIRECTION('',(5.167288087198E-45,-1.,1.110223024625E-16));
#1964 = ADVANCED_FACE('',(#1965),#1976,.T.);
#1965 = FACE_BOUND('',#1966,.T.);
#1966 = EDGE_LOOP('',(#1967,#1968,#1969,#1975));
#1967 = ORIENTED_EDGE('',*,*,#1790,.T.);
#1968 = ORIENTED_EDGE('',*,*,#1945,.T.);
#1969 = ORIENTED_EDGE('',*,*,#1970,.T.);
#1970 = EDGE_CURVE('',#1946,#1853,#1971,.T.);
#1971 = LINE('',#1972,#1973);
#1972 = CARTESIAN_POINT('',(14.401666666667,-4.933333333333,
    1.633333333333));
#1973 = VECTOR('',#1974,1.);
#1974 = DIRECTION('',(-0.57735026919,0.57735026919,-0.57735026919));
#1975 = ORIENTED_EDGE('',*,*,#1860,.F.);
#1976 = PLANE('',#1977);
#1977 = AXIS2_PLACEMENT_3D('',#1978,#1979,#1980);
#1978 = CARTESIAN_POINT('',(14.328333333333,-4.86,2.1));
#1979 = DIRECTION('',(0.707106781187,0.707106781187,-1.544521331713E-16)
  );
#1980 = DIRECTION('',(3.348750591159E-16,-5.533033605842E-16,-1.));
#1981 = ADVANCED_FACE('',(#1982),#2007,.F.);
#1982 = FACE_BOUND('',#1983,.F.);
#1983 = EDGE_LOOP('',(#1984,#1992,#2000,#2006));
#1984 = ORIENTED_EDGE('',*,*,#1985,.F.);
#1985 = EDGE_CURVE('',#1986,#1813,#1988,.T.);
#1986 = VERTEX_POINT('',#1987);
#1987 = CARTESIAN_POINT('',(2.221666666667,-5.4,2.1));
#1988 = LINE('',#1989,#1990);
#1989 = CARTESIAN_POINT('',(2.221666666667,-5.4,2.1));
#1990 = VECTOR('',#1991,1.);
#1991 = DIRECTION('',(1.,-2.22044604925E-16,1.110223024625E-16));
#1992 = ORIENTED_EDGE('',*,*,#1993,.T.);
#1993 = EDGE_CURVE('',#1986,#1994,#1996,.T.);
#1994 = VERTEX_POINT('',#1995);
#1995 = CARTESIAN_POINT('',(2.221666666667,-4.76,2.1));
#1996 = LINE('',#1997,#1998);
#1997 = CARTESIAN_POINT('',(2.221666666667,-5.4,2.1));
#1998 = VECTOR('',#1999,1.);
#1999 = DIRECTION('',(2.22044604925E-16,1.,-5.551115123126E-16));
#2000 = ORIENTED_EDGE('',*,*,#2001,.T.);
#2001 = EDGE_CURVE('',#1994,#1821,#2002,.T.);
#2002 = LINE('',#2003,#2004);
#2003 = CARTESIAN_POINT('',(2.221666666667,-4.76,2.1));
#2004 = VECTOR('',#2005,1.);
#2005 = DIRECTION('',(1.,-2.22044604925E-16,1.110223024625E-16));
#2006 = ORIENTED_EDGE('',*,*,#1820,.F.);
#2007 = PLANE('',#2008);
#2008 = AXIS2_PLACEMENT_3D('',#2009,#2010,#2011);
#2009 = CARTESIAN_POINT('',(2.221666666667,-5.4,2.1));
#2010 = DIRECTION('',(1.110223024625E-16,-5.551115123126E-16,-1.));
#2011 = DIRECTION('',(2.22044604925E-16,1.,-5.551115123126E-16));
#2012 = ADVANCED_FACE('',(#2013),#2031,.F.);
#2013 = FACE_BOUND('',#2014,.F.);
#2014 = EDGE_LOOP('',(#2015,#2016,#2024,#2030));
#2015 = ORIENTED_EDGE('',*,*,#1828,.F.);
#2016 = ORIENTED_EDGE('',*,*,#2017,.T.);
#2017 = EDGE_CURVE('',#1821,#2018,#2020,.T.);
#2018 = VERTEX_POINT('',#2019);
#2019 = CARTESIAN_POINT('',(3.808333333333,-4.76,1.46));
#2020 = LINE('',#2021,#2022);
#2021 = CARTESIAN_POINT('',(3.808333333333,-4.76,2.1));
#2022 = VECTOR('',#2023,1.);
#2023 = DIRECTION('',(5.551115123126E-16,-3.330669073875E-16,-1.));
#2024 = ORIENTED_EDGE('',*,*,#2025,.T.);
#2025 = EDGE_CURVE('',#2018,#1845,#2026,.T.);
#2026 = LINE('',#2027,#2028);
#2027 = CARTESIAN_POINT('',(3.808333333333,-4.76,1.46));
#2028 = VECTOR('',#2029,1.);
#2029 = DIRECTION('',(1.,-2.22044604925E-16,5.551115123126E-16));
#2030 = ORIENTED_EDGE('',*,*,#1844,.F.);
#2031 = PLANE('',#2032);
#2032 = AXIS2_PLACEMENT_3D('',#2033,#2034,#2035);
#2033 = CARTESIAN_POINT('',(3.808333333333,-4.76,2.1));
#2034 = DIRECTION('',(-2.22044604925E-16,-1.,3.330669073875E-16));
#2035 = DIRECTION('',(5.551115123126E-16,-3.330669073875E-16,-1.));
#2036 = ADVANCED_FACE('',(#2037),#2043,.T.);
#2037 = FACE_BOUND('',#2038,.T.);
#2038 = EDGE_LOOP('',(#2039,#2040,#2041,#2042));
#2039 = ORIENTED_EDGE('',*,*,#1970,.F.);
#2040 = ORIENTED_EDGE('',*,*,#1953,.T.);
#2041 = ORIENTED_EDGE('',*,*,#1896,.T.);
#2042 = ORIENTED_EDGE('',*,*,#1882,.F.);
#2043 = PLANE('',#2044);
#2044 = AXIS2_PLACEMENT_3D('',#2045,#2046,#2047);
#2045 = CARTESIAN_POINT('',(14.328333333333,-4.76,1.56));
#2046 = DIRECTION('',(0.707106781187,-3.943505581832E-16,-0.707106781187
    ));
#2047 = DIRECTION('',(-1.123145001623E-16,-1.,4.453814075499E-16));
#2048 = ADVANCED_FACE('',(#2049),#2060,.F.);
#2049 = FACE_BOUND('',#2050,.F.);
#2050 = EDGE_LOOP('',(#2051,#2052,#2058,#2059));
#2051 = ORIENTED_EDGE('',*,*,#2025,.F.);
#2052 = ORIENTED_EDGE('',*,*,#2053,.T.);
#2053 = EDGE_CURVE('',#2018,#1921,#2054,.T.);
#2054 = LINE('',#2055,#2056);
#2055 = CARTESIAN_POINT('',(3.808333333333,-4.76,1.46));
#2056 = VECTOR('',#2057,1.);
#2057 = DIRECTION('',(-2.22044604925E-16,-1.,5.551115123126E-16));
#2058 = ORIENTED_EDGE('',*,*,#1920,.T.);
#2059 = ORIENTED_EDGE('',*,*,#1875,.F.);
#2060 = PLANE('',#2061);
#2061 = AXIS2_PLACEMENT_3D('',#2062,#2063,#2064);
#2062 = CARTESIAN_POINT('',(3.808333333333,-4.76,1.46));
#2063 = DIRECTION('',(-1.110223024625E-16,5.551115123126E-16,1.));
#2064 = DIRECTION('',(-2.22044604925E-16,-1.,5.551115123126E-16));
#2065 = ADVANCED_FACE('',(#2066),#2092,.F.);
#2066 = FACE_BOUND('',#2067,.F.);
#2067 = EDGE_LOOP('',(#2068,#2076,#2084,#2090,#2091));
#2068 = ORIENTED_EDGE('',*,*,#2069,.F.);
#2069 = EDGE_CURVE('',#2070,#1921,#2072,.T.);
#2070 = VERTEX_POINT('',#2071);
#2071 = CARTESIAN_POINT('',(2.354215006626,-5.4,1.46));
#2072 = LINE('',#2073,#2074);
#2073 = CARTESIAN_POINT('',(2.221666666667,-5.4,1.46));
#2074 = VECTOR('',#2075,1.);
#2075 = DIRECTION('',(1.,-2.22044604925E-16,1.110223024625E-16));
#2076 = ORIENTED_EDGE('',*,*,#2077,.T.);
#2077 = EDGE_CURVE('',#2070,#2078,#2080,.T.);
#2078 = VERTEX_POINT('',#2079);
#2079 = CARTESIAN_POINT('',(2.221666666667,-5.4,1.78));
#2080 = LINE('',#2081,#2082);
#2081 = CARTESIAN_POINT('',(2.354215006626,-5.4,1.46));
#2082 = VECTOR('',#2083,1.);
#2083 = DIRECTION('',(-0.382683432365,1.025712328974E-16,0.923879532511)
  );
#2084 = ORIENTED_EDGE('',*,*,#2085,.T.);
#2085 = EDGE_CURVE('',#2078,#1986,#2086,.T.);
#2086 = LINE('',#2087,#2088);
#2087 = CARTESIAN_POINT('',(2.221666666667,-5.4,1.46));
#2088 = VECTOR('',#2089,1.);
#2089 = DIRECTION('',(-5.551115123126E-16,3.330669073875E-16,1.));
#2090 = ORIENTED_EDGE('',*,*,#1985,.T.);
#2091 = ORIENTED_EDGE('',*,*,#1928,.F.);
#2092 = PLANE('',#2093);
#2093 = AXIS2_PLACEMENT_3D('',#2094,#2095,#2096);
#2094 = CARTESIAN_POINT('',(2.221666666667,-5.4,1.46));
#2095 = DIRECTION('',(2.22044604925E-16,1.,-3.330669073875E-16));
#2096 = DIRECTION('',(-5.551115123126E-16,3.330669073875E-16,1.));
#2097 = ADVANCED_FACE('',(#2098),#2125,.T.);
#2098 = FACE_BOUND('',#2099,.T.);
#2099 = EDGE_LOOP('',(#2100,#2110,#2117,#2118));
#2100 = ORIENTED_EDGE('',*,*,#2101,.F.);
#2101 = EDGE_CURVE('',#2102,#2104,#2106,.T.);
#2102 = VERTEX_POINT('',#2103);
#2103 = CARTESIAN_POINT('',(1.995392496687,-5.4,2.00627416998));
#2104 = VERTEX_POINT('',#2105);
#2105 = CARTESIAN_POINT('',(1.995392496687,-4.76,2.00627416998));
#2106 = LINE('',#2107,#2108);
#2107 = CARTESIAN_POINT('',(1.995392496687,-5.4,2.00627416998));
#2108 = VECTOR('',#2109,1.);
#2109 = DIRECTION('',(3.925231146709E-16,1.,-5.035454171335E-16));
#2110 = ORIENTED_EDGE('',*,*,#2111,.T.);
#2111 = EDGE_CURVE('',#2102,#1986,#2112,.T.);
#2112 = CIRCLE('',#2113,0.32);
#2113 = AXIS2_PLACEMENT_3D('',#2114,#2115,#2116);
#2114 = CARTESIAN_POINT('',(2.221666666667,-5.4,1.78));
#2115 = DIRECTION('',(2.22044604925E-16,1.,-3.330669073875E-16));
#2116 = DIRECTION('',(-0.707106781187,3.925231146709E-16,0.707106781187)
  );
#2117 = ORIENTED_EDGE('',*,*,#1993,.T.);
#2118 = ORIENTED_EDGE('',*,*,#2119,.F.);
#2119 = EDGE_CURVE('',#2104,#1994,#2120,.T.);
#2120 = CIRCLE('',#2121,0.32);
#2121 = AXIS2_PLACEMENT_3D('',#2122,#2123,#2124);
#2122 = CARTESIAN_POINT('',(2.221666666667,-4.76,1.78));
#2123 = DIRECTION('',(2.22044604925E-16,1.,-3.330669073875E-16));
#2124 = DIRECTION('',(-0.707106781187,3.925231146709E-16,0.707106781187)
  );
#2125 = SURFACE_OF_REVOLUTION('',#2126,#2130);
#2126 = LINE('',#2127,#2128);
#2127 = CARTESIAN_POINT('',(1.995392496687,-5.4,2.00627416998));
#2128 = VECTOR('',#2129,1.);
#2129 = DIRECTION('',(3.925231146709E-16,1.,-5.035454171335E-16));
#2130 = AXIS1_PLACEMENT('',#2131,#2132);
#2131 = CARTESIAN_POINT('',(2.221666666667,-5.08,1.78));
#2132 = DIRECTION('',(2.22044604925E-16,1.,-3.330669073875E-16));
#2133 = ADVANCED_FACE('',(#2134),#2160,.F.);
#2134 = FACE_BOUND('',#2135,.F.);
#2135 = EDGE_LOOP('',(#2136,#2137,#2145,#2153,#2159));
#2136 = ORIENTED_EDGE('',*,*,#2001,.F.);
#2137 = ORIENTED_EDGE('',*,*,#2138,.T.);
#2138 = EDGE_CURVE('',#1994,#2139,#2141,.T.);
#2139 = VERTEX_POINT('',#2140);
#2140 = CARTESIAN_POINT('',(2.221666666667,-4.76,1.78));
#2141 = LINE('',#2142,#2143);
#2142 = CARTESIAN_POINT('',(2.221666666667,-4.76,2.1));
#2143 = VECTOR('',#2144,1.);
#2144 = DIRECTION('',(5.551115123126E-16,-3.330669073875E-16,-1.));
#2145 = ORIENTED_EDGE('',*,*,#2146,.T.);
#2146 = EDGE_CURVE('',#2139,#2147,#2149,.T.);
#2147 = VERTEX_POINT('',#2148);
#2148 = CARTESIAN_POINT('',(2.354215006626,-4.76,1.46));
#2149 = LINE('',#2150,#2151);
#2150 = CARTESIAN_POINT('',(2.221666666667,-4.76,1.78));
#2151 = VECTOR('',#2152,1.);
#2152 = DIRECTION('',(0.382683432365,-4.231063357019E-16,-0.923879532511
    ));
#2153 = ORIENTED_EDGE('',*,*,#2154,.T.);
#2154 = EDGE_CURVE('',#2147,#2018,#2155,.T.);
#2155 = LINE('',#2156,#2157);
#2156 = CARTESIAN_POINT('',(2.221666666667,-4.76,1.46));
#2157 = VECTOR('',#2158,1.);
#2158 = DIRECTION('',(1.,-2.22044604925E-16,5.551115123126E-16));
#2159 = ORIENTED_EDGE('',*,*,#2017,.F.);
#2160 = PLANE('',#2161);
#2161 = AXIS2_PLACEMENT_3D('',#2162,#2163,#2164);
#2162 = CARTESIAN_POINT('',(2.221666666667,-4.76,2.1));
#2163 = DIRECTION('',(-2.22044604925E-16,-1.,3.330669073875E-16));
#2164 = DIRECTION('',(5.551115123126E-16,-3.330669073875E-16,-1.));
#2165 = ADVANCED_FACE('',(#2166),#2177,.F.);
#2166 = FACE_BOUND('',#2167,.F.);
#2167 = EDGE_LOOP('',(#2168,#2169,#2175,#2176));
#2168 = ORIENTED_EDGE('',*,*,#2154,.F.);
#2169 = ORIENTED_EDGE('',*,*,#2170,.F.);
#2170 = EDGE_CURVE('',#2070,#2147,#2171,.T.);
#2171 = LINE('',#2172,#2173);
#2172 = CARTESIAN_POINT('',(2.354215006626,-4.76,1.46));
#2173 = VECTOR('',#2174,1.);
#2174 = DIRECTION('',(3.409570194918E-16,1.,-5.551115123126E-16));
#2175 = ORIENTED_EDGE('',*,*,#2069,.T.);
#2176 = ORIENTED_EDGE('',*,*,#2053,.F.);
#2177 = PLANE('',#2178);
#2178 = AXIS2_PLACEMENT_3D('',#2179,#2180,#2181);
#2179 = CARTESIAN_POINT('',(2.221666666667,-4.76,1.46));
#2180 = DIRECTION('',(-1.110223024625E-16,5.551115123126E-16,1.));
#2181 = DIRECTION('',(-2.22044604925E-16,-1.,5.551115123126E-16));
#2182 = ADVANCED_FACE('',(#2183),#2222,.F.);
#2183 = FACE_BOUND('',#2184,.F.);
#2184 = EDGE_LOOP('',(#2185,#2193,#2201,#2209,#2215,#2221));
#2185 = ORIENTED_EDGE('',*,*,#2186,.F.);
#2186 = EDGE_CURVE('',#2187,#2070,#2189,.T.);
#2187 = VERTEX_POINT('',#2188);
#2188 = CARTESIAN_POINT('',(0.987940836646,-5.4,9.372583002031E-02));
#2189 = LINE('',#2190,#2191);
#2190 = CARTESIAN_POINT('',(0.987940836646,-5.4,9.372583002031E-02));
#2191 = VECTOR('',#2192,1.);
#2192 = DIRECTION('',(0.707106781187,7.850462293414E-17,0.707106781187)
  );
#2193 = ORIENTED_EDGE('',*,*,#2194,.T.);
#2194 = EDGE_CURVE('',#2187,#2195,#2197,.T.);
#2195 = VERTEX_POINT('',#2196);
#2196 = CARTESIAN_POINT('',(0.761666666667,-5.4,0.32));
#2197 = LINE('',#2198,#2199);
#2198 = CARTESIAN_POINT('',(0.987940836646,-5.4,9.372583002031E-02));
#2199 = VECTOR('',#2200,1.);
#2200 = DIRECTION('',(-0.707106781187,4.115715303214E-16,0.707106781187)
  );
#2201 = ORIENTED_EDGE('',*,*,#2202,.T.);
#2202 = EDGE_CURVE('',#2195,#2203,#2205,.T.);
#2203 = VERTEX_POINT('',#2204);
#2204 = CARTESIAN_POINT('',(0.629118326707,-5.4,0.64));
#2205 = LINE('',#2206,#2207);
#2206 = CARTESIAN_POINT('',(0.761666666667,-5.4,0.32));
#2207 = VECTOR('',#2208,1.);
#2208 = DIRECTION('',(-0.382683432365,5.833738871041E-16,0.923879532511)
  );
#2209 = ORIENTED_EDGE('',*,*,#2210,.T.);
#2210 = EDGE_CURVE('',#2203,#2102,#2211,.T.);
#2211 = LINE('',#2212,#2213);
#2212 = CARTESIAN_POINT('',(0.535392496687,-5.4,0.54627416998));
#2213 = VECTOR('',#2214,1.);
#2214 = DIRECTION('',(0.707106781187,7.850462293414E-17,0.707106781187)
  );
#2215 = ORIENTED_EDGE('',*,*,#2216,.F.);
#2216 = EDGE_CURVE('',#2078,#2102,#2217,.T.);
#2217 = LINE('',#2218,#2219);
#2218 = CARTESIAN_POINT('',(2.447940836646,-5.4,1.55372583002));
#2219 = VECTOR('',#2220,1.);
#2220 = DIRECTION('',(-0.707106781187,4.115715303214E-16,0.707106781187)
  );
#2221 = ORIENTED_EDGE('',*,*,#2077,.F.);
#2222 = PLANE('',#2223);
#2223 = AXIS2_PLACEMENT_3D('',#2224,#2225,#2226);
#2224 = CARTESIAN_POINT('',(0.987940836646,-5.4,9.372583002031E-02));
#2225 = DIRECTION('',(2.355138688026E-16,1.,-3.465361712651E-16));
#2226 = DIRECTION('',(-0.707106781187,4.115715303218E-16,0.707106781187)
  );
#2227 = ADVANCED_FACE('',(#2228),#2233,.T.);
#2228 = FACE_BOUND('',#2229,.T.);
#2229 = EDGE_LOOP('',(#2230,#2231,#2232));
#2230 = ORIENTED_EDGE('',*,*,#2216,.F.);
#2231 = ORIENTED_EDGE('',*,*,#2085,.T.);
#2232 = ORIENTED_EDGE('',*,*,#2111,.F.);
#2233 = PLANE('',#2234);
#2234 = AXIS2_PLACEMENT_3D('',#2235,#2236,#2237);
#2235 = CARTESIAN_POINT('',(2.160437317488,-5.4,1.927820725202));
#2236 = DIRECTION('',(-2.22044604925E-16,-1.,3.330669073875E-16));
#2237 = DIRECTION('',(0.923879532511,-7.768327846848E-17,0.382683432365)
  );
#2238 = ADVANCED_FACE('',(#2239),#2257,.F.);
#2239 = FACE_BOUND('',#2240,.F.);
#2240 = EDGE_LOOP('',(#2241,#2242,#2250,#2256));
#2241 = ORIENTED_EDGE('',*,*,#2210,.F.);
#2242 = ORIENTED_EDGE('',*,*,#2243,.F.);
#2243 = EDGE_CURVE('',#2244,#2203,#2246,.T.);
#2244 = VERTEX_POINT('',#2245);
#2245 = CARTESIAN_POINT('',(0.629118326707,-4.76,0.64));
#2246 = LINE('',#2247,#2248);
#2247 = CARTESIAN_POINT('',(0.629118326707,-5.4,0.64));
#2248 = VECTOR('',#2249,1.);
#2249 = DIRECTION('',(-3.409570194918E-16,-1.,5.551115123126E-16));
#2250 = ORIENTED_EDGE('',*,*,#2251,.T.);
#2251 = EDGE_CURVE('',#2244,#2104,#2252,.T.);
#2252 = LINE('',#2253,#2254);
#2253 = CARTESIAN_POINT('',(0.535392496687,-4.76,0.54627416998));
#2254 = VECTOR('',#2255,1.);
#2255 = DIRECTION('',(0.707106781187,7.850462293414E-17,0.707106781187)
  );
#2256 = ORIENTED_EDGE('',*,*,#2101,.F.);
#2257 = PLANE('',#2258);
#2258 = AXIS2_PLACEMENT_3D('',#2259,#2260,#2261);
#2259 = CARTESIAN_POINT('',(0.535392496687,-5.4,0.54627416998));
#2260 = DIRECTION('',(0.707106781187,-6.336161352464E-16,-0.707106781187
    ));
#2261 = DIRECTION('',(3.925231146706E-16,1.,-5.035454171332E-16));
#2262 = ADVANCED_FACE('',(#2263),#2273,.T.);
#2263 = FACE_BOUND('',#2264,.T.);
#2264 = EDGE_LOOP('',(#2265,#2271,#2272));
#2265 = ORIENTED_EDGE('',*,*,#2266,.F.);
#2266 = EDGE_CURVE('',#2104,#2139,#2267,.T.);
#2267 = LINE('',#2268,#2269);
#2268 = CARTESIAN_POINT('',(1.995392496687,-4.76,2.00627416998));
#2269 = VECTOR('',#2270,1.);
#2270 = DIRECTION('',(0.707106781187,-4.115715303214E-16,-0.707106781187
    ));
#2271 = ORIENTED_EDGE('',*,*,#2119,.T.);
#2272 = ORIENTED_EDGE('',*,*,#2138,.T.);
#2273 = PLANE('',#2274);
#2274 = AXIS2_PLACEMENT_3D('',#2275,#2276,#2277);
#2275 = CARTESIAN_POINT('',(2.160437317488,-4.76,1.927820725202));
#2276 = DIRECTION('',(2.22044604925E-16,1.,-3.330669073875E-16));
#2277 = DIRECTION('',(0.923879532511,-7.768327846848E-17,0.382683432365)
  );
#2278 = ADVANCED_FACE('',(#2279),#2306,.F.);
#2279 = FACE_BOUND('',#2280,.F.);
#2280 = EDGE_LOOP('',(#2281,#2282,#2290,#2298,#2304,#2305));
#2281 = ORIENTED_EDGE('',*,*,#2251,.F.);
#2282 = ORIENTED_EDGE('',*,*,#2283,.T.);
#2283 = EDGE_CURVE('',#2244,#2284,#2286,.T.);
#2284 = VERTEX_POINT('',#2285);
#2285 = CARTESIAN_POINT('',(0.761666666667,-4.76,0.32));
#2286 = LINE('',#2287,#2288);
#2287 = CARTESIAN_POINT('',(0.629118326707,-4.76,0.64));
#2288 = VECTOR('',#2289,1.);
#2289 = DIRECTION('',(0.382683432365,-1.025712328974E-16,-0.923879532511
    ));
#2290 = ORIENTED_EDGE('',*,*,#2291,.T.);
#2291 = EDGE_CURVE('',#2284,#2292,#2294,.T.);
#2292 = VERTEX_POINT('',#2293);
#2293 = CARTESIAN_POINT('',(0.987940836646,-4.76,9.37258300203E-02));
#2294 = LINE('',#2295,#2296);
#2295 = CARTESIAN_POINT('',(0.535392496687,-4.76,0.54627416998));
#2296 = VECTOR('',#2297,1.);
#2297 = DIRECTION('',(0.707106781187,-4.115715303214E-16,-0.707106781187
    ));
#2298 = ORIENTED_EDGE('',*,*,#2299,.T.);
#2299 = EDGE_CURVE('',#2292,#2147,#2300,.T.);
#2300 = LINE('',#2301,#2302);
#2301 = CARTESIAN_POINT('',(0.987940836646,-4.76,9.372583002031E-02));
#2302 = VECTOR('',#2303,1.);
#2303 = DIRECTION('',(0.707106781187,7.850462293414E-17,0.707106781187)
  );
#2304 = ORIENTED_EDGE('',*,*,#2146,.F.);
#2305 = ORIENTED_EDGE('',*,*,#2266,.F.);
#2306 = PLANE('',#2307);
#2307 = AXIS2_PLACEMENT_3D('',#2308,#2309,#2310);
#2308 = CARTESIAN_POINT('',(0.535392496687,-4.76,0.54627416998));
#2309 = DIRECTION('',(-2.355138688026E-16,-1.,3.465361712651E-16));
#2310 = DIRECTION('',(0.707106781187,-4.115715303218E-16,-0.707106781187
    ));
#2311 = ADVANCED_FACE('',(#2312),#2323,.F.);
#2312 = FACE_BOUND('',#2313,.F.);
#2313 = EDGE_LOOP('',(#2314,#2315,#2321,#2322));
#2314 = ORIENTED_EDGE('',*,*,#2299,.F.);
#2315 = ORIENTED_EDGE('',*,*,#2316,.T.);
#2316 = EDGE_CURVE('',#2292,#2187,#2317,.T.);
#2317 = LINE('',#2318,#2319);
#2318 = CARTESIAN_POINT('',(0.987940836646,-4.76,9.37258300203E-02));
#2319 = VECTOR('',#2320,1.);
#2320 = DIRECTION('',(-3.925231146709E-16,-1.,5.035454171335E-16));
#2321 = ORIENTED_EDGE('',*,*,#2186,.T.);
#2322 = ORIENTED_EDGE('',*,*,#2170,.T.);
#2323 = PLANE('',#2324);
#2324 = AXIS2_PLACEMENT_3D('',#2325,#2326,#2327);
#2325 = CARTESIAN_POINT('',(0.987940836646,-4.76,9.37258300203E-02));
#2326 = DIRECTION('',(-0.707106781187,6.336161352464E-16,0.707106781187)
  );
#2327 = DIRECTION('',(-3.925231146706E-16,-1.,5.035454171332E-16));
#2328 = ADVANCED_FACE('',(#2329),#2347,.T.);
#2329 = FACE_BOUND('',#2330,.T.);
#2330 = EDGE_LOOP('',(#2331,#2339,#2346));
#2331 = ORIENTED_EDGE('',*,*,#2332,.F.);
#2332 = EDGE_CURVE('',#2333,#2195,#2335,.T.);
#2333 = VERTEX_POINT('',#2334);
#2334 = CARTESIAN_POINT('',(0.761666666667,-5.4,9.631184738623E-16));
#2335 = LINE('',#2336,#2337);
#2336 = CARTESIAN_POINT('',(0.761666666667,-5.4,9.631184738623E-16));
#2337 = VECTOR('',#2338,1.);
#2338 = DIRECTION('',(-5.551115123126E-16,3.330669073875E-16,1.));
#2339 = ORIENTED_EDGE('',*,*,#2340,.T.);
#2340 = EDGE_CURVE('',#2333,#2187,#2341,.T.);
#2341 = CIRCLE('',#2342,0.32);
#2342 = AXIS2_PLACEMENT_3D('',#2343,#2344,#2345);
#2343 = CARTESIAN_POINT('',(0.761666666667,-5.4,0.32));
#2344 = DIRECTION('',(-2.22044604925E-16,-1.,3.330669073875E-16));
#2345 = DIRECTION('',(1.110223024625E-16,-3.330669073875E-16,-1.));
#2346 = ORIENTED_EDGE('',*,*,#2194,.T.);
#2347 = PLANE('',#2348);
#2348 = AXIS2_PLACEMENT_3D('',#2349,#2350,#2351);
#2349 = CARTESIAN_POINT('',(0.822896015845,-5.4,0.172179274798));
#2350 = DIRECTION('',(-2.22044604925E-16,-1.,3.330669073875E-16));
#2351 = DIRECTION('',(0.923879532511,-7.768327846848E-17,0.382683432365)
  );
#2352 = ADVANCED_FACE('',(#2353),#2379,.F.);
#2353 = FACE_BOUND('',#2354,.F.);
#2354 = EDGE_LOOP('',(#2355,#2363,#2371,#2377,#2378));
#2355 = ORIENTED_EDGE('',*,*,#2356,.F.);
#2356 = EDGE_CURVE('',#2357,#2333,#2359,.T.);
#2357 = VERTEX_POINT('',#2358);
#2358 = CARTESIAN_POINT('',(-0.761666666667,-5.4,1.174986034395E-16));
#2359 = LINE('',#2360,#2361);
#2360 = CARTESIAN_POINT('',(-0.761666666667,-5.4,6.864879035599E-17));
#2361 = VECTOR('',#2362,1.);
#2362 = DIRECTION('',(1.,-2.22044604925E-16,1.110223024625E-16));
#2363 = ORIENTED_EDGE('',*,*,#2364,.T.);
#2364 = EDGE_CURVE('',#2357,#2365,#2367,.T.);
#2365 = VERTEX_POINT('',#2366);
#2366 = CARTESIAN_POINT('',(-0.761666666667,-5.4,0.64));
#2367 = LINE('',#2368,#2369);
#2368 = CARTESIAN_POINT('',(-0.761666666667,-5.4,1.174986034395E-16));
#2369 = VECTOR('',#2370,1.);
#2370 = DIRECTION('',(-5.551115123126E-16,3.330669073875E-16,1.));
#2371 = ORIENTED_EDGE('',*,*,#2372,.T.);
#2372 = EDGE_CURVE('',#2365,#2203,#2373,.T.);
#2373 = LINE('',#2374,#2375);
#2374 = CARTESIAN_POINT('',(-0.761666666667,-5.4,0.64));
#2375 = VECTOR('',#2376,1.);
#2376 = DIRECTION('',(1.,-2.22044604925E-16,1.110223024625E-16));
#2377 = ORIENTED_EDGE('',*,*,#2202,.F.);
#2378 = ORIENTED_EDGE('',*,*,#2332,.F.);
#2379 = PLANE('',#2380);
#2380 = AXIS2_PLACEMENT_3D('',#2381,#2382,#2383);
#2381 = CARTESIAN_POINT('',(-0.761666666667,-5.4,1.174986034395E-16));
#2382 = DIRECTION('',(2.22044604925E-16,1.,-3.330669073875E-16));
#2383 = DIRECTION('',(-5.551115123126E-16,3.330669073875E-16,1.));
#2384 = ADVANCED_FACE('',(#2385),#2403,.F.);
#2385 = FACE_BOUND('',#2386,.F.);
#2386 = EDGE_LOOP('',(#2387,#2388,#2396,#2402));
#2387 = ORIENTED_EDGE('',*,*,#2372,.F.);
#2388 = ORIENTED_EDGE('',*,*,#2389,.T.);
#2389 = EDGE_CURVE('',#2365,#2390,#2392,.T.);
#2390 = VERTEX_POINT('',#2391);
#2391 = CARTESIAN_POINT('',(-0.761666666667,-4.76,0.64));
#2392 = LINE('',#2393,#2394);
#2393 = CARTESIAN_POINT('',(-0.761666666667,-5.4,0.64));
#2394 = VECTOR('',#2395,1.);
#2395 = DIRECTION('',(2.22044604925E-16,1.,-5.551115123126E-16));
#2396 = ORIENTED_EDGE('',*,*,#2397,.T.);
#2397 = EDGE_CURVE('',#2390,#2244,#2398,.T.);
#2398 = LINE('',#2399,#2400);
#2399 = CARTESIAN_POINT('',(-0.761666666667,-4.76,0.64));
#2400 = VECTOR('',#2401,1.);
#2401 = DIRECTION('',(1.,-2.22044604925E-16,1.110223024625E-16));
#2402 = ORIENTED_EDGE('',*,*,#2243,.T.);
#2403 = PLANE('',#2404);
#2404 = AXIS2_PLACEMENT_3D('',#2405,#2406,#2407);
#2405 = CARTESIAN_POINT('',(-0.761666666667,-5.4,0.64));
#2406 = DIRECTION('',(1.110223024625E-16,-5.551115123126E-16,-1.));
#2407 = DIRECTION('',(2.22044604925E-16,1.,-5.551115123126E-16));
#2408 = ADVANCED_FACE('',(#2409),#2435,.F.);
#2409 = FACE_BOUND('',#2410,.F.);
#2410 = EDGE_LOOP('',(#2411,#2412,#2420,#2428,#2434));
#2411 = ORIENTED_EDGE('',*,*,#2397,.F.);
#2412 = ORIENTED_EDGE('',*,*,#2413,.T.);
#2413 = EDGE_CURVE('',#2390,#2414,#2416,.T.);
#2414 = VERTEX_POINT('',#2415);
#2415 = CARTESIAN_POINT('',(-0.761666666667,-4.76,-2.866225775241E-16));
#2416 = LINE('',#2417,#2418);
#2417 = CARTESIAN_POINT('',(-0.761666666667,-4.76,0.64));
#2418 = VECTOR('',#2419,1.);
#2419 = DIRECTION('',(5.551115123126E-16,-3.330669073875E-16,-1.));
#2420 = ORIENTED_EDGE('',*,*,#2421,.T.);
#2421 = EDGE_CURVE('',#2414,#2422,#2424,.T.);
#2422 = VERTEX_POINT('',#2423);
#2423 = CARTESIAN_POINT('',(0.761666666667,-4.76,-1.174986034395E-16));
#2424 = LINE('',#2425,#2426);
#2425 = CARTESIAN_POINT('',(-0.761666666667,-4.76,-1.200891238303E-16));
#2426 = VECTOR('',#2427,1.);
#2427 = DIRECTION('',(1.,-2.22044604925E-16,5.551115123126E-16));
#2428 = ORIENTED_EDGE('',*,*,#2429,.F.);
#2429 = EDGE_CURVE('',#2284,#2422,#2430,.T.);
#2430 = LINE('',#2431,#2432);
#2431 = CARTESIAN_POINT('',(0.761666666667,-4.76,0.64));
#2432 = VECTOR('',#2433,1.);
#2433 = DIRECTION('',(5.551115123126E-16,-3.330669073875E-16,-1.));
#2434 = ORIENTED_EDGE('',*,*,#2283,.F.);
#2435 = PLANE('',#2436);
#2436 = AXIS2_PLACEMENT_3D('',#2437,#2438,#2439);
#2437 = CARTESIAN_POINT('',(-0.761666666667,-4.76,0.64));
#2438 = DIRECTION('',(-2.22044604925E-16,-1.,3.330669073875E-16));
#2439 = DIRECTION('',(5.551115123126E-16,-3.330669073875E-16,-1.));
#2440 = ADVANCED_FACE('',(#2441),#2452,.T.);
#2441 = FACE_BOUND('',#2442,.T.);
#2442 = EDGE_LOOP('',(#2443,#2444,#2445));
#2443 = ORIENTED_EDGE('',*,*,#2429,.F.);
#2444 = ORIENTED_EDGE('',*,*,#2291,.T.);
#2445 = ORIENTED_EDGE('',*,*,#2446,.F.);
#2446 = EDGE_CURVE('',#2422,#2292,#2447,.T.);
#2447 = CIRCLE('',#2448,0.32);
#2448 = AXIS2_PLACEMENT_3D('',#2449,#2450,#2451);
#2449 = CARTESIAN_POINT('',(0.761666666667,-4.76,0.32));
#2450 = DIRECTION('',(-2.22044604925E-16,-1.,3.330669073875E-16));
#2451 = DIRECTION('',(-2.359223927328E-16,-3.330669073875E-16,-1.));
#2452 = PLANE('',#2453);
#2453 = AXIS2_PLACEMENT_3D('',#2454,#2455,#2456);
#2454 = CARTESIAN_POINT('',(0.822896015845,-4.76,0.172179274798));
#2455 = DIRECTION('',(2.22044604925E-16,1.,-3.330669073875E-16));
#2456 = DIRECTION('',(0.923879532511,-7.768327846848E-17,0.382683432365)
  );
#2457 = ADVANCED_FACE('',(#2458),#2469,.T.);
#2458 = FACE_BOUND('',#2459,.T.);
#2459 = EDGE_LOOP('',(#2460,#2466,#2467,#2468));
#2460 = ORIENTED_EDGE('',*,*,#2461,.F.);
#2461 = EDGE_CURVE('',#2422,#2333,#2462,.T.);
#2462 = LINE('',#2463,#2464);
#2463 = CARTESIAN_POINT('',(0.761666666667,-4.76,-1.174986034395E-16));
#2464 = VECTOR('',#2465,1.);
#2465 = DIRECTION('',(-2.22044604925E-16,-1.,5.551115123126E-16));
#2466 = ORIENTED_EDGE('',*,*,#2446,.T.);
#2467 = ORIENTED_EDGE('',*,*,#2316,.T.);
#2468 = ORIENTED_EDGE('',*,*,#2340,.F.);
#2469 = SURFACE_OF_REVOLUTION('',#2470,#2474);
#2470 = LINE('',#2471,#2472);
#2471 = CARTESIAN_POINT('',(0.761666666667,-4.76,-1.174986034395E-16));
#2472 = VECTOR('',#2473,1.);
#2473 = DIRECTION('',(-2.22044604925E-16,-1.,5.551115123126E-16));
#2474 = AXIS1_PLACEMENT('',#2475,#2476);
#2475 = CARTESIAN_POINT('',(0.761666666667,-5.08,0.32));
#2476 = DIRECTION('',(-2.22044604925E-16,-1.,3.330669073875E-16));
#2477 = ADVANCED_FACE('',(#2478),#2489,.F.);
#2478 = FACE_BOUND('',#2479,.F.);
#2479 = EDGE_LOOP('',(#2480,#2481,#2487,#2488));
#2480 = ORIENTED_EDGE('',*,*,#2421,.F.);
#2481 = ORIENTED_EDGE('',*,*,#2482,.T.);
#2482 = EDGE_CURVE('',#2414,#2357,#2483,.T.);
#2483 = LINE('',#2484,#2485);
#2484 = CARTESIAN_POINT('',(-0.761666666667,-4.76,-2.866225775241E-16));
#2485 = VECTOR('',#2486,1.);
#2486 = DIRECTION('',(-2.22044604925E-16,-1.,5.551115123126E-16));
#2487 = ORIENTED_EDGE('',*,*,#2356,.T.);
#2488 = ORIENTED_EDGE('',*,*,#2461,.F.);
#2489 = PLANE('',#2490);
#2490 = AXIS2_PLACEMENT_3D('',#2491,#2492,#2493);
#2491 = CARTESIAN_POINT('',(-0.761666666667,-4.76,-2.866225775241E-16));
#2492 = DIRECTION('',(-1.110223024625E-16,5.551115123126E-16,1.));
#2493 = DIRECTION('',(-2.22044604925E-16,-1.,5.551115123126E-16));
#2494 = ADVANCED_FACE('',(#2495),#2501,.T.);
#2495 = FACE_BOUND('',#2496,.T.);
#2496 = EDGE_LOOP('',(#2497,#2498,#2499,#2500));
#2497 = ORIENTED_EDGE('',*,*,#2389,.T.);
#2498 = ORIENTED_EDGE('',*,*,#2413,.T.);
#2499 = ORIENTED_EDGE('',*,*,#2482,.T.);
#2500 = ORIENTED_EDGE('',*,*,#2364,.T.);
#2501 = PLANE('',#2502);
#2502 = AXIS2_PLACEMENT_3D('',#2503,#2504,#2505);
#2503 = CARTESIAN_POINT('',(-0.761666666667,-5.08,0.32));
#2504 = DIRECTION('',(-1.,2.602085213965E-16,-6.314393452556E-16));
#2505 = DIRECTION('',(6.314393452556E-16,-1.110223024625E-16,-1.));
#2506 = MANIFOLD_SOLID_BREP('',#2507);
#2507 = CLOSED_SHELL('',(#2508,#2548,#2579,#2610,#2641,#2672,#2694,#2718
    ,#2742,#2766,#2783,#2814,#2838,#2850,#2867,#2899,#2935,#2967,#2984,
    #3029,#3040,#3064,#3080,#3113,#3130,#3154,#3186,#3210,#3242,#3259,
    #3279,#3296));
#2508 = ADVANCED_FACE('',(#2509),#2543,.F.);
#2509 = FACE_BOUND('',#2510,.F.);
#2510 = EDGE_LOOP('',(#2511,#2521,#2529,#2537));
#2511 = ORIENTED_EDGE('',*,*,#2512,.F.);
#2512 = EDGE_CURVE('',#2513,#2515,#2517,.T.);
#2513 = VERTEX_POINT('',#2514);
#2514 = CARTESIAN_POINT('',(6.348333333333,-7.94,2.1));
#2515 = VERTEX_POINT('',#2516);
#2516 = CARTESIAN_POINT('',(14.228333333333,-7.94,2.1));
#2517 = LINE('',#2518,#2519);
#2518 = CARTESIAN_POINT('',(6.348333333333,-7.94,2.1));
#2519 = VECTOR('',#2520,1.);
#2520 = DIRECTION('',(1.,-2.22044604925E-16,1.110223024625E-16));
#2521 = ORIENTED_EDGE('',*,*,#2522,.T.);
#2522 = EDGE_CURVE('',#2513,#2523,#2525,.T.);
#2523 = VERTEX_POINT('',#2524);
#2524 = CARTESIAN_POINT('',(6.348333333333,-7.3,2.1));
#2525 = LINE('',#2526,#2527);
#2526 = CARTESIAN_POINT('',(6.348333333333,-7.94,2.1));
#2527 = VECTOR('',#2528,1.);
#2528 = DIRECTION('',(2.22044604925E-16,1.,-5.551115123126E-16));
#2529 = ORIENTED_EDGE('',*,*,#2530,.T.);
#2530 = EDGE_CURVE('',#2523,#2531,#2533,.T.);
#2531 = VERTEX_POINT('',#2532);
#2532 = CARTESIAN_POINT('',(14.228333333333,-7.3,2.1));
#2533 = LINE('',#2534,#2535);
#2534 = CARTESIAN_POINT('',(6.348333333333,-7.3,2.1));
#2535 = VECTOR('',#2536,1.);
#2536 = DIRECTION('',(1.,-2.22044604925E-16,1.110223024625E-16));
#2537 = ORIENTED_EDGE('',*,*,#2538,.F.);
#2538 = EDGE_CURVE('',#2515,#2531,#2539,.T.);
#2539 = LINE('',#2540,#2541);
#2540 = CARTESIAN_POINT('',(14.228333333333,-7.94,2.1));
#2541 = VECTOR('',#2542,1.);
#2542 = DIRECTION('',(2.22044604925E-16,1.,-5.551115123126E-16));
#2543 = PLANE('',#2544);
#2544 = AXIS2_PLACEMENT_3D('',#2545,#2546,#2547);
#2545 = CARTESIAN_POINT('',(6.348333333333,-7.94,2.1));
#2546 = DIRECTION('',(1.110223024625E-16,-5.551115123126E-16,-1.));
#2547 = DIRECTION('',(2.22044604925E-16,1.,-5.551115123126E-16));
#2548 = ADVANCED_FACE('',(#2549),#2574,.F.);
#2549 = FACE_BOUND('',#2550,.F.);
#2550 = EDGE_LOOP('',(#2551,#2561,#2567,#2568));
#2551 = ORIENTED_EDGE('',*,*,#2552,.F.);
#2552 = EDGE_CURVE('',#2553,#2555,#2557,.T.);
#2553 = VERTEX_POINT('',#2554);
#2554 = CARTESIAN_POINT('',(6.348333333333,-7.94,1.46));
#2555 = VERTEX_POINT('',#2556);
#2556 = CARTESIAN_POINT('',(14.228333333333,-7.94,1.46));
#2557 = LINE('',#2558,#2559);
#2558 = CARTESIAN_POINT('',(6.348333333333,-7.94,1.46));
#2559 = VECTOR('',#2560,1.);
#2560 = DIRECTION('',(1.,-2.22044604925E-16,1.110223024625E-16));
#2561 = ORIENTED_EDGE('',*,*,#2562,.T.);
#2562 = EDGE_CURVE('',#2553,#2513,#2563,.T.);
#2563 = LINE('',#2564,#2565);
#2564 = CARTESIAN_POINT('',(6.348333333333,-7.94,1.46));
#2565 = VECTOR('',#2566,1.);
#2566 = DIRECTION('',(-5.551115123126E-16,3.330669073875E-16,1.));
#2567 = ORIENTED_EDGE('',*,*,#2512,.T.);
#2568 = ORIENTED_EDGE('',*,*,#2569,.F.);
#2569 = EDGE_CURVE('',#2555,#2515,#2570,.T.);
#2570 = LINE('',#2571,#2572);
#2571 = CARTESIAN_POINT('',(14.228333333333,-7.94,1.46));
#2572 = VECTOR('',#2573,1.);
#2573 = DIRECTION('',(-5.551115123126E-16,3.330669073875E-16,1.));
#2574 = PLANE('',#2575);
#2575 = AXIS2_PLACEMENT_3D('',#2576,#2577,#2578);
#2576 = CARTESIAN_POINT('',(6.348333333333,-7.94,1.46));
#2577 = DIRECTION('',(2.22044604925E-16,1.,-3.330669073875E-16));
#2578 = DIRECTION('',(-5.551115123126E-16,3.330669073875E-16,1.));
#2579 = ADVANCED_FACE('',(#2580),#2605,.T.);
#2580 = FACE_BOUND('',#2581,.F.);
#2581 = EDGE_LOOP('',(#2582,#2590,#2591,#2599));
#2582 = ORIENTED_EDGE('',*,*,#2583,.F.);
#2583 = EDGE_CURVE('',#2515,#2584,#2586,.T.);
#2584 = VERTEX_POINT('',#2585);
#2585 = CARTESIAN_POINT('',(14.428333333333,-7.74,1.9));
#2586 = LINE('',#2587,#2588);
#2587 = CARTESIAN_POINT('',(14.401666666667,-7.766666666667,
    1.926666666667));
#2588 = VECTOR('',#2589,1.);
#2589 = DIRECTION('',(0.57735026919,0.57735026919,-0.57735026919));
#2590 = ORIENTED_EDGE('',*,*,#2538,.T.);
#2591 = ORIENTED_EDGE('',*,*,#2592,.T.);
#2592 = EDGE_CURVE('',#2531,#2593,#2595,.T.);
#2593 = VERTEX_POINT('',#2594);
#2594 = CARTESIAN_POINT('',(14.428333333333,-7.5,1.9));
#2595 = LINE('',#2596,#2597);
#2596 = CARTESIAN_POINT('',(14.401666666667,-7.473333333333,
    1.926666666667));
#2597 = VECTOR('',#2598,1.);
#2598 = DIRECTION('',(0.57735026919,-0.57735026919,-0.57735026919));
#2599 = ORIENTED_EDGE('',*,*,#2600,.F.);
#2600 = EDGE_CURVE('',#2584,#2593,#2601,.T.);
#2601 = LINE('',#2602,#2603);
#2602 = CARTESIAN_POINT('',(14.428333333333,-7.94,1.9));
#2603 = VECTOR('',#2604,1.);
#2604 = DIRECTION('',(2.22044604925E-16,1.,-5.551115123126E-16));
#2605 = PLANE('',#2606);
#2606 = AXIS2_PLACEMENT_3D('',#2607,#2608,#2609);
#2607 = CARTESIAN_POINT('',(14.328333333333,-7.94,2.));
#2608 = DIRECTION('',(0.707106781187,3.943505581832E-16,0.707106781187)
  );
#2609 = DIRECTION('',(-1.097301047627E-16,-1.,6.674260124749E-16));
#2610 = ADVANCED_FACE('',(#2611),#2636,.F.);
#2611 = FACE_BOUND('',#2612,.F.);
#2612 = EDGE_LOOP('',(#2613,#2621,#2629,#2635));
#2613 = ORIENTED_EDGE('',*,*,#2614,.F.);
#2614 = EDGE_CURVE('',#2615,#2513,#2617,.T.);
#2615 = VERTEX_POINT('',#2616);
#2616 = CARTESIAN_POINT('',(3.808333333333,-7.94,2.1));
#2617 = LINE('',#2618,#2619);
#2618 = CARTESIAN_POINT('',(3.808333333333,-7.94,2.1));
#2619 = VECTOR('',#2620,1.);
#2620 = DIRECTION('',(1.,-2.22044604925E-16,1.110223024625E-16));
#2621 = ORIENTED_EDGE('',*,*,#2622,.T.);
#2622 = EDGE_CURVE('',#2615,#2623,#2625,.T.);
#2623 = VERTEX_POINT('',#2624);
#2624 = CARTESIAN_POINT('',(3.808333333333,-7.3,2.1));
#2625 = LINE('',#2626,#2627);
#2626 = CARTESIAN_POINT('',(3.808333333333,-7.94,2.1));
#2627 = VECTOR('',#2628,1.);
#2628 = DIRECTION('',(2.22044604925E-16,1.,-5.551115123126E-16));
#2629 = ORIENTED_EDGE('',*,*,#2630,.T.);
#2630 = EDGE_CURVE('',#2623,#2523,#2631,.T.);
#2631 = LINE('',#2632,#2633);
#2632 = CARTESIAN_POINT('',(3.808333333333,-7.3,2.1));
#2633 = VECTOR('',#2634,1.);
#2634 = DIRECTION('',(1.,-2.22044604925E-16,1.110223024625E-16));
#2635 = ORIENTED_EDGE('',*,*,#2522,.F.);
#2636 = PLANE('',#2637);
#2637 = AXIS2_PLACEMENT_3D('',#2638,#2639,#2640);
#2638 = CARTESIAN_POINT('',(3.808333333333,-7.94,2.1));
#2639 = DIRECTION('',(1.110223024625E-16,-5.551115123126E-16,-1.));
#2640 = DIRECTION('',(2.22044604925E-16,1.,-5.551115123126E-16));
#2641 = ADVANCED_FACE('',(#2642),#2667,.F.);
#2642 = FACE_BOUND('',#2643,.F.);
#2643 = EDGE_LOOP('',(#2644,#2645,#2653,#2661));
#2644 = ORIENTED_EDGE('',*,*,#2530,.F.);
#2645 = ORIENTED_EDGE('',*,*,#2646,.T.);
#2646 = EDGE_CURVE('',#2523,#2647,#2649,.T.);
#2647 = VERTEX_POINT('',#2648);
#2648 = CARTESIAN_POINT('',(6.348333333333,-7.3,1.46));
#2649 = LINE('',#2650,#2651);
#2650 = CARTESIAN_POINT('',(6.348333333333,-7.3,2.1));
#2651 = VECTOR('',#2652,1.);
#2652 = DIRECTION('',(5.551115123126E-16,-3.330669073875E-16,-1.));
#2653 = ORIENTED_EDGE('',*,*,#2654,.T.);
#2654 = EDGE_CURVE('',#2647,#2655,#2657,.T.);
#2655 = VERTEX_POINT('',#2656);
#2656 = CARTESIAN_POINT('',(14.228333333333,-7.3,1.46));
#2657 = LINE('',#2658,#2659);
#2658 = CARTESIAN_POINT('',(6.348333333333,-7.3,1.46));
#2659 = VECTOR('',#2660,1.);
#2660 = DIRECTION('',(1.,-2.22044604925E-16,5.551115123126E-16));
#2661 = ORIENTED_EDGE('',*,*,#2662,.F.);
#2662 = EDGE_CURVE('',#2531,#2655,#2663,.T.);
#2663 = LINE('',#2664,#2665);
#2664 = CARTESIAN_POINT('',(14.228333333333,-7.3,2.1));
#2665 = VECTOR('',#2666,1.);
#2666 = DIRECTION('',(5.551115123126E-16,-3.330669073875E-16,-1.));
#2667 = PLANE('',#2668);
#2668 = AXIS2_PLACEMENT_3D('',#2669,#2670,#2671);
#2669 = CARTESIAN_POINT('',(6.348333333333,-7.3,2.1));
#2670 = DIRECTION('',(-2.22044604925E-16,-1.,3.330669073875E-16));
#2671 = DIRECTION('',(5.551115123126E-16,-3.330669073875E-16,-1.));
#2672 = ADVANCED_FACE('',(#2673),#2689,.F.);
#2673 = FACE_BOUND('',#2674,.F.);
#2674 = EDGE_LOOP('',(#2675,#2676,#2682,#2683));
#2675 = ORIENTED_EDGE('',*,*,#2654,.F.);
#2676 = ORIENTED_EDGE('',*,*,#2677,.T.);
#2677 = EDGE_CURVE('',#2647,#2553,#2678,.T.);
#2678 = LINE('',#2679,#2680);
#2679 = CARTESIAN_POINT('',(6.348333333333,-7.3,1.46));
#2680 = VECTOR('',#2681,1.);
#2681 = DIRECTION('',(-2.22044604925E-16,-1.,5.551115123126E-16));
#2682 = ORIENTED_EDGE('',*,*,#2552,.T.);
#2683 = ORIENTED_EDGE('',*,*,#2684,.F.);
#2684 = EDGE_CURVE('',#2655,#2555,#2685,.T.);
#2685 = LINE('',#2686,#2687);
#2686 = CARTESIAN_POINT('',(14.228333333333,-7.3,1.46));
#2687 = VECTOR('',#2688,1.);
#2688 = DIRECTION('',(-2.22044604925E-16,-1.,5.551115123126E-16));
#2689 = PLANE('',#2690);
#2690 = AXIS2_PLACEMENT_3D('',#2691,#2692,#2693);
#2691 = CARTESIAN_POINT('',(6.348333333333,-7.3,1.46));
#2692 = DIRECTION('',(-1.110223024625E-16,5.551115123126E-16,1.));
#2693 = DIRECTION('',(-2.22044604925E-16,-1.,5.551115123126E-16));
#2694 = ADVANCED_FACE('',(#2695),#2713,.T.);
#2695 = FACE_BOUND('',#2696,.T.);
#2696 = EDGE_LOOP('',(#2697,#2705,#2711,#2712));
#2697 = ORIENTED_EDGE('',*,*,#2698,.F.);
#2698 = EDGE_CURVE('',#2699,#2555,#2701,.T.);
#2699 = VERTEX_POINT('',#2700);
#2700 = CARTESIAN_POINT('',(14.428333333333,-7.74,1.66));
#2701 = LINE('',#2702,#2703);
#2702 = CARTESIAN_POINT('',(14.401666666667,-7.766666666667,
    1.633333333333));
#2703 = VECTOR('',#2704,1.);
#2704 = DIRECTION('',(-0.57735026919,-0.57735026919,-0.57735026919));
#2705 = ORIENTED_EDGE('',*,*,#2706,.T.);
#2706 = EDGE_CURVE('',#2699,#2584,#2707,.T.);
#2707 = LINE('',#2708,#2709);
#2708 = CARTESIAN_POINT('',(14.428333333333,-7.74,1.46));
#2709 = VECTOR('',#2710,1.);
#2710 = DIRECTION('',(-5.551115123126E-16,3.330669073875E-16,1.));
#2711 = ORIENTED_EDGE('',*,*,#2583,.F.);
#2712 = ORIENTED_EDGE('',*,*,#2569,.F.);
#2713 = PLANE('',#2714);
#2714 = AXIS2_PLACEMENT_3D('',#2715,#2716,#2717);
#2715 = CARTESIAN_POINT('',(14.328333333333,-7.84,1.46));
#2716 = DIRECTION('',(0.707106781187,-0.707106781187,3.149322134929E-16)
  );
#2717 = DIRECTION('',(-3.337130062374E-16,1.116684013124E-16,1.));
#2718 = ADVANCED_FACE('',(#2719),#2737,.F.);
#2719 = FACE_BOUND('',#2720,.F.);
#2720 = EDGE_LOOP('',(#2721,#2729,#2735,#2736));
#2721 = ORIENTED_EDGE('',*,*,#2722,.F.);
#2722 = EDGE_CURVE('',#2723,#2553,#2725,.T.);
#2723 = VERTEX_POINT('',#2724);
#2724 = CARTESIAN_POINT('',(3.808333333333,-7.94,1.46));
#2725 = LINE('',#2726,#2727);
#2726 = CARTESIAN_POINT('',(3.808333333333,-7.94,1.46));
#2727 = VECTOR('',#2728,1.);
#2728 = DIRECTION('',(1.,-2.22044604925E-16,1.110223024625E-16));
#2729 = ORIENTED_EDGE('',*,*,#2730,.T.);
#2730 = EDGE_CURVE('',#2723,#2615,#2731,.T.);
#2731 = LINE('',#2732,#2733);
#2732 = CARTESIAN_POINT('',(3.808333333333,-7.94,1.46));
#2733 = VECTOR('',#2734,1.);
#2734 = DIRECTION('',(-5.551115123126E-16,3.330669073875E-16,1.));
#2735 = ORIENTED_EDGE('',*,*,#2614,.T.);
#2736 = ORIENTED_EDGE('',*,*,#2562,.F.);
#2737 = PLANE('',#2738);
#2738 = AXIS2_PLACEMENT_3D('',#2739,#2740,#2741);
#2739 = CARTESIAN_POINT('',(3.808333333333,-7.94,1.46));
#2740 = DIRECTION('',(2.22044604925E-16,1.,-3.330669073875E-16));
#2741 = DIRECTION('',(-5.551115123126E-16,3.330669073875E-16,1.));
#2742 = ADVANCED_FACE('',(#2743),#2761,.F.);
#2743 = FACE_BOUND('',#2744,.F.);
#2744 = EDGE_LOOP('',(#2745,#2746,#2754,#2760));
#2745 = ORIENTED_EDGE('',*,*,#2600,.T.);
#2746 = ORIENTED_EDGE('',*,*,#2747,.T.);
#2747 = EDGE_CURVE('',#2593,#2748,#2750,.T.);
#2748 = VERTEX_POINT('',#2749);
#2749 = CARTESIAN_POINT('',(14.428333333333,-7.5,1.66));
#2750 = LINE('',#2751,#2752);
#2751 = CARTESIAN_POINT('',(14.428333333333,-7.5,2.1));
#2752 = VECTOR('',#2753,1.);
#2753 = DIRECTION('',(5.551115123126E-16,-3.330669073875E-16,-1.));
#2754 = ORIENTED_EDGE('',*,*,#2755,.T.);
#2755 = EDGE_CURVE('',#2748,#2699,#2756,.T.);
#2756 = LINE('',#2757,#2758);
#2757 = CARTESIAN_POINT('',(14.428333333333,-7.3,1.66));
#2758 = VECTOR('',#2759,1.);
#2759 = DIRECTION('',(-2.22044604925E-16,-1.,5.551115123126E-16));
#2760 = ORIENTED_EDGE('',*,*,#2706,.T.);
#2761 = PLANE('',#2762);
#2762 = AXIS2_PLACEMENT_3D('',#2763,#2764,#2765);
#2763 = CARTESIAN_POINT('',(14.428333333333,-7.62,1.78));
#2764 = DIRECTION('',(-1.,-1.232595164408E-32,-1.110223024625E-16));
#2765 = DIRECTION('',(5.167288087198E-45,-1.,1.110223024625E-16));
#2766 = ADVANCED_FACE('',(#2767),#2778,.T.);
#2767 = FACE_BOUND('',#2768,.T.);
#2768 = EDGE_LOOP('',(#2769,#2770,#2771,#2777));
#2769 = ORIENTED_EDGE('',*,*,#2592,.T.);
#2770 = ORIENTED_EDGE('',*,*,#2747,.T.);
#2771 = ORIENTED_EDGE('',*,*,#2772,.T.);
#2772 = EDGE_CURVE('',#2748,#2655,#2773,.T.);
#2773 = LINE('',#2774,#2775);
#2774 = CARTESIAN_POINT('',(14.401666666667,-7.473333333333,
    1.633333333333));
#2775 = VECTOR('',#2776,1.);
#2776 = DIRECTION('',(-0.57735026919,0.57735026919,-0.57735026919));
#2777 = ORIENTED_EDGE('',*,*,#2662,.F.);
#2778 = PLANE('',#2779);
#2779 = AXIS2_PLACEMENT_3D('',#2780,#2781,#2782);
#2780 = CARTESIAN_POINT('',(14.328333333333,-7.4,2.1));
#2781 = DIRECTION('',(0.707106781187,0.707106781187,-1.544521331713E-16)
  );
#2782 = DIRECTION('',(3.348750591159E-16,-5.533033605842E-16,-1.));
#2783 = ADVANCED_FACE('',(#2784),#2809,.F.);
#2784 = FACE_BOUND('',#2785,.F.);
#2785 = EDGE_LOOP('',(#2786,#2794,#2802,#2808));
#2786 = ORIENTED_EDGE('',*,*,#2787,.F.);
#2787 = EDGE_CURVE('',#2788,#2615,#2790,.T.);
#2788 = VERTEX_POINT('',#2789);
#2789 = CARTESIAN_POINT('',(2.221666666667,-7.94,2.1));
#2790 = LINE('',#2791,#2792);
#2791 = CARTESIAN_POINT('',(2.221666666667,-7.94,2.1));
#2792 = VECTOR('',#2793,1.);
#2793 = DIRECTION('',(1.,-2.22044604925E-16,1.110223024625E-16));
#2794 = ORIENTED_EDGE('',*,*,#2795,.T.);
#2795 = EDGE_CURVE('',#2788,#2796,#2798,.T.);
#2796 = VERTEX_POINT('',#2797);
#2797 = CARTESIAN_POINT('',(2.221666666667,-7.3,2.1));
#2798 = LINE('',#2799,#2800);
#2799 = CARTESIAN_POINT('',(2.221666666667,-7.94,2.1));
#2800 = VECTOR('',#2801,1.);
#2801 = DIRECTION('',(2.22044604925E-16,1.,-5.551115123126E-16));
#2802 = ORIENTED_EDGE('',*,*,#2803,.T.);
#2803 = EDGE_CURVE('',#2796,#2623,#2804,.T.);
#2804 = LINE('',#2805,#2806);
#2805 = CARTESIAN_POINT('',(2.221666666667,-7.3,2.1));
#2806 = VECTOR('',#2807,1.);
#2807 = DIRECTION('',(1.,-2.22044604925E-16,1.110223024625E-16));
#2808 = ORIENTED_EDGE('',*,*,#2622,.F.);
#2809 = PLANE('',#2810);
#2810 = AXIS2_PLACEMENT_3D('',#2811,#2812,#2813);
#2811 = CARTESIAN_POINT('',(2.221666666667,-7.94,2.1));
#2812 = DIRECTION('',(1.110223024625E-16,-5.551115123126E-16,-1.));
#2813 = DIRECTION('',(2.22044604925E-16,1.,-5.551115123126E-16));
#2814 = ADVANCED_FACE('',(#2815),#2833,.F.);
#2815 = FACE_BOUND('',#2816,.F.);
#2816 = EDGE_LOOP('',(#2817,#2818,#2826,#2832));
#2817 = ORIENTED_EDGE('',*,*,#2630,.F.);
#2818 = ORIENTED_EDGE('',*,*,#2819,.T.);
#2819 = EDGE_CURVE('',#2623,#2820,#2822,.T.);
#2820 = VERTEX_POINT('',#2821);
#2821 = CARTESIAN_POINT('',(3.808333333333,-7.3,1.46));
#2822 = LINE('',#2823,#2824);
#2823 = CARTESIAN_POINT('',(3.808333333333,-7.3,2.1));
#2824 = VECTOR('',#2825,1.);
#2825 = DIRECTION('',(5.551115123126E-16,-3.330669073875E-16,-1.));
#2826 = ORIENTED_EDGE('',*,*,#2827,.T.);
#2827 = EDGE_CURVE('',#2820,#2647,#2828,.T.);
#2828 = LINE('',#2829,#2830);
#2829 = CARTESIAN_POINT('',(3.808333333333,-7.3,1.46));
#2830 = VECTOR('',#2831,1.);
#2831 = DIRECTION('',(1.,-2.22044604925E-16,5.551115123126E-16));
#2832 = ORIENTED_EDGE('',*,*,#2646,.F.);
#2833 = PLANE('',#2834);
#2834 = AXIS2_PLACEMENT_3D('',#2835,#2836,#2837);
#2835 = CARTESIAN_POINT('',(3.808333333333,-7.3,2.1));
#2836 = DIRECTION('',(-2.22044604925E-16,-1.,3.330669073875E-16));
#2837 = DIRECTION('',(5.551115123126E-16,-3.330669073875E-16,-1.));
#2838 = ADVANCED_FACE('',(#2839),#2845,.T.);
#2839 = FACE_BOUND('',#2840,.T.);
#2840 = EDGE_LOOP('',(#2841,#2842,#2843,#2844));
#2841 = ORIENTED_EDGE('',*,*,#2772,.F.);
#2842 = ORIENTED_EDGE('',*,*,#2755,.T.);
#2843 = ORIENTED_EDGE('',*,*,#2698,.T.);
#2844 = ORIENTED_EDGE('',*,*,#2684,.F.);
#2845 = PLANE('',#2846);
#2846 = AXIS2_PLACEMENT_3D('',#2847,#2848,#2849);
#2847 = CARTESIAN_POINT('',(14.328333333333,-7.3,1.56));
#2848 = DIRECTION('',(0.707106781187,-3.943505581832E-16,-0.707106781187
    ));
#2849 = DIRECTION('',(-1.123145001623E-16,-1.,4.453814075499E-16));
#2850 = ADVANCED_FACE('',(#2851),#2862,.F.);
#2851 = FACE_BOUND('',#2852,.F.);
#2852 = EDGE_LOOP('',(#2853,#2854,#2860,#2861));
#2853 = ORIENTED_EDGE('',*,*,#2827,.F.);
#2854 = ORIENTED_EDGE('',*,*,#2855,.T.);
#2855 = EDGE_CURVE('',#2820,#2723,#2856,.T.);
#2856 = LINE('',#2857,#2858);
#2857 = CARTESIAN_POINT('',(3.808333333333,-7.3,1.46));
#2858 = VECTOR('',#2859,1.);
#2859 = DIRECTION('',(-2.22044604925E-16,-1.,5.551115123126E-16));
#2860 = ORIENTED_EDGE('',*,*,#2722,.T.);
#2861 = ORIENTED_EDGE('',*,*,#2677,.F.);
#2862 = PLANE('',#2863);
#2863 = AXIS2_PLACEMENT_3D('',#2864,#2865,#2866);
#2864 = CARTESIAN_POINT('',(3.808333333333,-7.3,1.46));
#2865 = DIRECTION('',(-1.110223024625E-16,5.551115123126E-16,1.));
#2866 = DIRECTION('',(-2.22044604925E-16,-1.,5.551115123126E-16));
#2867 = ADVANCED_FACE('',(#2868),#2894,.F.);
#2868 = FACE_BOUND('',#2869,.F.);
#2869 = EDGE_LOOP('',(#2870,#2878,#2886,#2892,#2893));
#2870 = ORIENTED_EDGE('',*,*,#2871,.F.);
#2871 = EDGE_CURVE('',#2872,#2723,#2874,.T.);
#2872 = VERTEX_POINT('',#2873);
#2873 = CARTESIAN_POINT('',(2.354215006626,-7.94,1.46));
#2874 = LINE('',#2875,#2876);
#2875 = CARTESIAN_POINT('',(2.221666666667,-7.94,1.46));
#2876 = VECTOR('',#2877,1.);
#2877 = DIRECTION('',(1.,-2.22044604925E-16,1.110223024625E-16));
#2878 = ORIENTED_EDGE('',*,*,#2879,.T.);
#2879 = EDGE_CURVE('',#2872,#2880,#2882,.T.);
#2880 = VERTEX_POINT('',#2881);
#2881 = CARTESIAN_POINT('',(2.221666666667,-7.94,1.78));
#2882 = LINE('',#2883,#2884);
#2883 = CARTESIAN_POINT('',(2.354215006626,-7.94,1.46));
#2884 = VECTOR('',#2885,1.);
#2885 = DIRECTION('',(-0.382683432365,1.025712328974E-16,0.923879532511)
  );
#2886 = ORIENTED_EDGE('',*,*,#2887,.T.);
#2887 = EDGE_CURVE('',#2880,#2788,#2888,.T.);
#2888 = LINE('',#2889,#2890);
#2889 = CARTESIAN_POINT('',(2.221666666667,-7.94,1.46));
#2890 = VECTOR('',#2891,1.);
#2891 = DIRECTION('',(-5.551115123126E-16,3.330669073875E-16,1.));
#2892 = ORIENTED_EDGE('',*,*,#2787,.T.);
#2893 = ORIENTED_EDGE('',*,*,#2730,.F.);
#2894 = PLANE('',#2895);
#2895 = AXIS2_PLACEMENT_3D('',#2896,#2897,#2898);
#2896 = CARTESIAN_POINT('',(2.221666666667,-7.94,1.46));
#2897 = DIRECTION('',(2.22044604925E-16,1.,-3.330669073875E-16));
#2898 = DIRECTION('',(-5.551115123126E-16,3.330669073875E-16,1.));
#2899 = ADVANCED_FACE('',(#2900),#2927,.T.);
#2900 = FACE_BOUND('',#2901,.T.);
#2901 = EDGE_LOOP('',(#2902,#2912,#2919,#2920));
#2902 = ORIENTED_EDGE('',*,*,#2903,.F.);
#2903 = EDGE_CURVE('',#2904,#2906,#2908,.T.);
#2904 = VERTEX_POINT('',#2905);
#2905 = CARTESIAN_POINT('',(1.995392496687,-7.94,2.00627416998));
#2906 = VERTEX_POINT('',#2907);
#2907 = CARTESIAN_POINT('',(1.995392496687,-7.3,2.00627416998));
#2908 = LINE('',#2909,#2910);
#2909 = CARTESIAN_POINT('',(1.995392496687,-7.94,2.00627416998));
#2910 = VECTOR('',#2911,1.);
#2911 = DIRECTION('',(3.925231146709E-16,1.,-5.035454171335E-16));
#2912 = ORIENTED_EDGE('',*,*,#2913,.T.);
#2913 = EDGE_CURVE('',#2904,#2788,#2914,.T.);
#2914 = CIRCLE('',#2915,0.32);
#2915 = AXIS2_PLACEMENT_3D('',#2916,#2917,#2918);
#2916 = CARTESIAN_POINT('',(2.221666666667,-7.94,1.78));
#2917 = DIRECTION('',(2.22044604925E-16,1.,-3.330669073875E-16));
#2918 = DIRECTION('',(-0.707106781187,3.925231146709E-16,0.707106781187)
  );
#2919 = ORIENTED_EDGE('',*,*,#2795,.T.);
#2920 = ORIENTED_EDGE('',*,*,#2921,.F.);
#2921 = EDGE_CURVE('',#2906,#2796,#2922,.T.);
#2922 = CIRCLE('',#2923,0.32);
#2923 = AXIS2_PLACEMENT_3D('',#2924,#2925,#2926);
#2924 = CARTESIAN_POINT('',(2.221666666667,-7.3,1.78));
#2925 = DIRECTION('',(2.22044604925E-16,1.,-3.330669073875E-16));
#2926 = DIRECTION('',(-0.707106781187,3.925231146709E-16,0.707106781187)
  );
#2927 = SURFACE_OF_REVOLUTION('',#2928,#2932);
#2928 = LINE('',#2929,#2930);
#2929 = CARTESIAN_POINT('',(1.995392496687,-7.94,2.00627416998));
#2930 = VECTOR('',#2931,1.);
#2931 = DIRECTION('',(3.925231146709E-16,1.,-5.035454171335E-16));
#2932 = AXIS1_PLACEMENT('',#2933,#2934);
#2933 = CARTESIAN_POINT('',(2.221666666667,-7.62,1.78));
#2934 = DIRECTION('',(2.22044604925E-16,1.,-3.330669073875E-16));
#2935 = ADVANCED_FACE('',(#2936),#2962,.F.);
#2936 = FACE_BOUND('',#2937,.F.);
#2937 = EDGE_LOOP('',(#2938,#2939,#2947,#2955,#2961));
#2938 = ORIENTED_EDGE('',*,*,#2803,.F.);
#2939 = ORIENTED_EDGE('',*,*,#2940,.T.);
#2940 = EDGE_CURVE('',#2796,#2941,#2943,.T.);
#2941 = VERTEX_POINT('',#2942);
#2942 = CARTESIAN_POINT('',(2.221666666667,-7.3,1.78));
#2943 = LINE('',#2944,#2945);
#2944 = CARTESIAN_POINT('',(2.221666666667,-7.3,2.1));
#2945 = VECTOR('',#2946,1.);
#2946 = DIRECTION('',(5.551115123126E-16,-3.330669073875E-16,-1.));
#2947 = ORIENTED_EDGE('',*,*,#2948,.T.);
#2948 = EDGE_CURVE('',#2941,#2949,#2951,.T.);
#2949 = VERTEX_POINT('',#2950);
#2950 = CARTESIAN_POINT('',(2.354215006626,-7.3,1.46));
#2951 = LINE('',#2952,#2953);
#2952 = CARTESIAN_POINT('',(2.221666666667,-7.3,1.78));
#2953 = VECTOR('',#2954,1.);
#2954 = DIRECTION('',(0.382683432365,-4.231063357019E-16,-0.923879532511
    ));
#2955 = ORIENTED_EDGE('',*,*,#2956,.T.);
#2956 = EDGE_CURVE('',#2949,#2820,#2957,.T.);
#2957 = LINE('',#2958,#2959);
#2958 = CARTESIAN_POINT('',(2.221666666667,-7.3,1.46));
#2959 = VECTOR('',#2960,1.);
#2960 = DIRECTION('',(1.,-2.22044604925E-16,5.551115123126E-16));
#2961 = ORIENTED_EDGE('',*,*,#2819,.F.);
#2962 = PLANE('',#2963);
#2963 = AXIS2_PLACEMENT_3D('',#2964,#2965,#2966);
#2964 = CARTESIAN_POINT('',(2.221666666667,-7.3,2.1));
#2965 = DIRECTION('',(-2.22044604925E-16,-1.,3.330669073875E-16));
#2966 = DIRECTION('',(5.551115123126E-16,-3.330669073875E-16,-1.));
#2967 = ADVANCED_FACE('',(#2968),#2979,.F.);
#2968 = FACE_BOUND('',#2969,.F.);
#2969 = EDGE_LOOP('',(#2970,#2971,#2977,#2978));
#2970 = ORIENTED_EDGE('',*,*,#2956,.F.);
#2971 = ORIENTED_EDGE('',*,*,#2972,.F.);
#2972 = EDGE_CURVE('',#2872,#2949,#2973,.T.);
#2973 = LINE('',#2974,#2975);
#2974 = CARTESIAN_POINT('',(2.354215006626,-7.3,1.46));
#2975 = VECTOR('',#2976,1.);
#2976 = DIRECTION('',(3.409570194918E-16,1.,-5.551115123126E-16));
#2977 = ORIENTED_EDGE('',*,*,#2871,.T.);
#2978 = ORIENTED_EDGE('',*,*,#2855,.F.);
#2979 = PLANE('',#2980);
#2980 = AXIS2_PLACEMENT_3D('',#2981,#2982,#2983);
#2981 = CARTESIAN_POINT('',(2.221666666667,-7.3,1.46));
#2982 = DIRECTION('',(-1.110223024625E-16,5.551115123126E-16,1.));
#2983 = DIRECTION('',(-2.22044604925E-16,-1.,5.551115123126E-16));
#2984 = ADVANCED_FACE('',(#2985),#3024,.F.);
#2985 = FACE_BOUND('',#2986,.F.);
#2986 = EDGE_LOOP('',(#2987,#2995,#3003,#3011,#3017,#3023));
#2987 = ORIENTED_EDGE('',*,*,#2988,.F.);
#2988 = EDGE_CURVE('',#2989,#2872,#2991,.T.);
#2989 = VERTEX_POINT('',#2990);
#2990 = CARTESIAN_POINT('',(0.987940836646,-7.94,9.372583002031E-02));
#2991 = LINE('',#2992,#2993);
#2992 = CARTESIAN_POINT('',(0.987940836646,-7.94,9.372583002031E-02));
#2993 = VECTOR('',#2994,1.);
#2994 = DIRECTION('',(0.707106781187,7.850462293414E-17,0.707106781187)
  );
#2995 = ORIENTED_EDGE('',*,*,#2996,.T.);
#2996 = EDGE_CURVE('',#2989,#2997,#2999,.T.);
#2997 = VERTEX_POINT('',#2998);
#2998 = CARTESIAN_POINT('',(0.761666666667,-7.94,0.32));
#2999 = LINE('',#3000,#3001);
#3000 = CARTESIAN_POINT('',(0.987940836646,-7.94,9.372583002031E-02));
#3001 = VECTOR('',#3002,1.);
#3002 = DIRECTION('',(-0.707106781187,4.115715303214E-16,0.707106781187)
  );
#3003 = ORIENTED_EDGE('',*,*,#3004,.T.);
#3004 = EDGE_CURVE('',#2997,#3005,#3007,.T.);
#3005 = VERTEX_POINT('',#3006);
#3006 = CARTESIAN_POINT('',(0.629118326707,-7.94,0.64));
#3007 = LINE('',#3008,#3009);
#3008 = CARTESIAN_POINT('',(0.761666666667,-7.94,0.32));
#3009 = VECTOR('',#3010,1.);
#3010 = DIRECTION('',(-0.382683432365,5.833738871041E-16,0.923879532511)
  );
#3011 = ORIENTED_EDGE('',*,*,#3012,.T.);
#3012 = EDGE_CURVE('',#3005,#2904,#3013,.T.);
#3013 = LINE('',#3014,#3015);
#3014 = CARTESIAN_POINT('',(0.535392496687,-7.94,0.54627416998));
#3015 = VECTOR('',#3016,1.);
#3016 = DIRECTION('',(0.707106781187,7.850462293414E-17,0.707106781187)
  );
#3017 = ORIENTED_EDGE('',*,*,#3018,.F.);
#3018 = EDGE_CURVE('',#2880,#2904,#3019,.T.);
#3019 = LINE('',#3020,#3021);
#3020 = CARTESIAN_POINT('',(2.447940836646,-7.94,1.55372583002));
#3021 = VECTOR('',#3022,1.);
#3022 = DIRECTION('',(-0.707106781187,4.115715303214E-16,0.707106781187)
  );
#3023 = ORIENTED_EDGE('',*,*,#2879,.F.);
#3024 = PLANE('',#3025);
#3025 = AXIS2_PLACEMENT_3D('',#3026,#3027,#3028);
#3026 = CARTESIAN_POINT('',(0.987940836646,-7.94,9.372583002031E-02));
#3027 = DIRECTION('',(2.355138688026E-16,1.,-3.465361712651E-16));
#3028 = DIRECTION('',(-0.707106781187,4.115715303218E-16,0.707106781187)
  );
#3029 = ADVANCED_FACE('',(#3030),#3035,.T.);
#3030 = FACE_BOUND('',#3031,.T.);
#3031 = EDGE_LOOP('',(#3032,#3033,#3034));
#3032 = ORIENTED_EDGE('',*,*,#3018,.F.);
#3033 = ORIENTED_EDGE('',*,*,#2887,.T.);
#3034 = ORIENTED_EDGE('',*,*,#2913,.F.);
#3035 = PLANE('',#3036);
#3036 = AXIS2_PLACEMENT_3D('',#3037,#3038,#3039);
#3037 = CARTESIAN_POINT('',(2.160437317488,-7.94,1.927820725202));
#3038 = DIRECTION('',(-2.22044604925E-16,-1.,3.330669073875E-16));
#3039 = DIRECTION('',(0.923879532511,-7.768327846848E-17,0.382683432365)
  );
#3040 = ADVANCED_FACE('',(#3041),#3059,.F.);
#3041 = FACE_BOUND('',#3042,.F.);
#3042 = EDGE_LOOP('',(#3043,#3044,#3052,#3058));
#3043 = ORIENTED_EDGE('',*,*,#3012,.F.);
#3044 = ORIENTED_EDGE('',*,*,#3045,.F.);
#3045 = EDGE_CURVE('',#3046,#3005,#3048,.T.);
#3046 = VERTEX_POINT('',#3047);
#3047 = CARTESIAN_POINT('',(0.629118326707,-7.3,0.64));
#3048 = LINE('',#3049,#3050);
#3049 = CARTESIAN_POINT('',(0.629118326707,-7.94,0.64));
#3050 = VECTOR('',#3051,1.);
#3051 = DIRECTION('',(-3.409570194918E-16,-1.,5.551115123126E-16));
#3052 = ORIENTED_EDGE('',*,*,#3053,.T.);
#3053 = EDGE_CURVE('',#3046,#2906,#3054,.T.);
#3054 = LINE('',#3055,#3056);
#3055 = CARTESIAN_POINT('',(0.535392496687,-7.3,0.54627416998));
#3056 = VECTOR('',#3057,1.);
#3057 = DIRECTION('',(0.707106781187,7.850462293414E-17,0.707106781187)
  );
#3058 = ORIENTED_EDGE('',*,*,#2903,.F.);
#3059 = PLANE('',#3060);
#3060 = AXIS2_PLACEMENT_3D('',#3061,#3062,#3063);
#3061 = CARTESIAN_POINT('',(0.535392496687,-7.94,0.54627416998));
#3062 = DIRECTION('',(0.707106781187,-6.336161352464E-16,-0.707106781187
    ));
#3063 = DIRECTION('',(3.925231146706E-16,1.,-5.035454171332E-16));
#3064 = ADVANCED_FACE('',(#3065),#3075,.T.);
#3065 = FACE_BOUND('',#3066,.T.);
#3066 = EDGE_LOOP('',(#3067,#3073,#3074));
#3067 = ORIENTED_EDGE('',*,*,#3068,.F.);
#3068 = EDGE_CURVE('',#2906,#2941,#3069,.T.);
#3069 = LINE('',#3070,#3071);
#3070 = CARTESIAN_POINT('',(1.995392496687,-7.3,2.00627416998));
#3071 = VECTOR('',#3072,1.);
#3072 = DIRECTION('',(0.707106781187,-4.115715303214E-16,-0.707106781187
    ));
#3073 = ORIENTED_EDGE('',*,*,#2921,.T.);
#3074 = ORIENTED_EDGE('',*,*,#2940,.T.);
#3075 = PLANE('',#3076);
#3076 = AXIS2_PLACEMENT_3D('',#3077,#3078,#3079);
#3077 = CARTESIAN_POINT('',(2.160437317488,-7.3,1.927820725202));
#3078 = DIRECTION('',(2.22044604925E-16,1.,-3.330669073875E-16));
#3079 = DIRECTION('',(0.923879532511,-7.768327846848E-17,0.382683432365)
  );
#3080 = ADVANCED_FACE('',(#3081),#3108,.F.);
#3081 = FACE_BOUND('',#3082,.F.);
#3082 = EDGE_LOOP('',(#3083,#3084,#3092,#3100,#3106,#3107));
#3083 = ORIENTED_EDGE('',*,*,#3053,.F.);
#3084 = ORIENTED_EDGE('',*,*,#3085,.T.);
#3085 = EDGE_CURVE('',#3046,#3086,#3088,.T.);
#3086 = VERTEX_POINT('',#3087);
#3087 = CARTESIAN_POINT('',(0.761666666667,-7.3,0.32));
#3088 = LINE('',#3089,#3090);
#3089 = CARTESIAN_POINT('',(0.629118326707,-7.3,0.64));
#3090 = VECTOR('',#3091,1.);
#3091 = DIRECTION('',(0.382683432365,-1.025712328974E-16,-0.923879532511
    ));
#3092 = ORIENTED_EDGE('',*,*,#3093,.T.);
#3093 = EDGE_CURVE('',#3086,#3094,#3096,.T.);
#3094 = VERTEX_POINT('',#3095);
#3095 = CARTESIAN_POINT('',(0.987940836646,-7.3,9.37258300203E-02));
#3096 = LINE('',#3097,#3098);
#3097 = CARTESIAN_POINT('',(0.535392496687,-7.3,0.54627416998));
#3098 = VECTOR('',#3099,1.);
#3099 = DIRECTION('',(0.707106781187,-4.115715303214E-16,-0.707106781187
    ));
#3100 = ORIENTED_EDGE('',*,*,#3101,.T.);
#3101 = EDGE_CURVE('',#3094,#2949,#3102,.T.);
#3102 = LINE('',#3103,#3104);
#3103 = CARTESIAN_POINT('',(0.987940836646,-7.3,9.372583002031E-02));
#3104 = VECTOR('',#3105,1.);
#3105 = DIRECTION('',(0.707106781187,7.850462293414E-17,0.707106781187)
  );
#3106 = ORIENTED_EDGE('',*,*,#2948,.F.);
#3107 = ORIENTED_EDGE('',*,*,#3068,.F.);
#3108 = PLANE('',#3109);
#3109 = AXIS2_PLACEMENT_3D('',#3110,#3111,#3112);
#3110 = CARTESIAN_POINT('',(0.535392496687,-7.3,0.54627416998));
#3111 = DIRECTION('',(-2.355138688026E-16,-1.,3.465361712651E-16));
#3112 = DIRECTION('',(0.707106781187,-4.115715303218E-16,-0.707106781187
    ));
#3113 = ADVANCED_FACE('',(#3114),#3125,.F.);
#3114 = FACE_BOUND('',#3115,.F.);
#3115 = EDGE_LOOP('',(#3116,#3117,#3123,#3124));
#3116 = ORIENTED_EDGE('',*,*,#3101,.F.);
#3117 = ORIENTED_EDGE('',*,*,#3118,.T.);
#3118 = EDGE_CURVE('',#3094,#2989,#3119,.T.);
#3119 = LINE('',#3120,#3121);
#3120 = CARTESIAN_POINT('',(0.987940836646,-7.3,9.37258300203E-02));
#3121 = VECTOR('',#3122,1.);
#3122 = DIRECTION('',(-3.925231146709E-16,-1.,5.035454171335E-16));
#3123 = ORIENTED_EDGE('',*,*,#2988,.T.);
#3124 = ORIENTED_EDGE('',*,*,#2972,.T.);
#3125 = PLANE('',#3126);
#3126 = AXIS2_PLACEMENT_3D('',#3127,#3128,#3129);
#3127 = CARTESIAN_POINT('',(0.987940836646,-7.3,9.37258300203E-02));
#3128 = DIRECTION('',(-0.707106781187,6.336161352464E-16,0.707106781187)
  );
#3129 = DIRECTION('',(-3.925231146706E-16,-1.,5.035454171332E-16));
#3130 = ADVANCED_FACE('',(#3131),#3149,.T.);
#3131 = FACE_BOUND('',#3132,.T.);
#3132 = EDGE_LOOP('',(#3133,#3141,#3148));
#3133 = ORIENTED_EDGE('',*,*,#3134,.F.);
#3134 = EDGE_CURVE('',#3135,#2997,#3137,.T.);
#3135 = VERTEX_POINT('',#3136);
#3136 = CARTESIAN_POINT('',(0.761666666667,-7.94,9.631184738623E-16));
#3137 = LINE('',#3138,#3139);
#3138 = CARTESIAN_POINT('',(0.761666666667,-7.94,9.631184738623E-16));
#3139 = VECTOR('',#3140,1.);
#3140 = DIRECTION('',(-5.551115123126E-16,3.330669073875E-16,1.));
#3141 = ORIENTED_EDGE('',*,*,#3142,.T.);
#3142 = EDGE_CURVE('',#3135,#2989,#3143,.T.);
#3143 = CIRCLE('',#3144,0.32);
#3144 = AXIS2_PLACEMENT_3D('',#3145,#3146,#3147);
#3145 = CARTESIAN_POINT('',(0.761666666667,-7.94,0.32));
#3146 = DIRECTION('',(-2.22044604925E-16,-1.,3.330669073875E-16));
#3147 = DIRECTION('',(1.110223024625E-16,-3.330669073875E-16,-1.));
#3148 = ORIENTED_EDGE('',*,*,#2996,.T.);
#3149 = PLANE('',#3150);
#3150 = AXIS2_PLACEMENT_3D('',#3151,#3152,#3153);
#3151 = CARTESIAN_POINT('',(0.822896015845,-7.94,0.172179274798));
#3152 = DIRECTION('',(-2.22044604925E-16,-1.,3.330669073875E-16));
#3153 = DIRECTION('',(0.923879532511,-7.768327846848E-17,0.382683432365)
  );
#3154 = ADVANCED_FACE('',(#3155),#3181,.F.);
#3155 = FACE_BOUND('',#3156,.F.);
#3156 = EDGE_LOOP('',(#3157,#3165,#3173,#3179,#3180));
#3157 = ORIENTED_EDGE('',*,*,#3158,.F.);
#3158 = EDGE_CURVE('',#3159,#3135,#3161,.T.);
#3159 = VERTEX_POINT('',#3160);
#3160 = CARTESIAN_POINT('',(-0.761666666667,-7.94,1.174986034395E-16));
#3161 = LINE('',#3162,#3163);
#3162 = CARTESIAN_POINT('',(-0.761666666667,-7.94,6.864879035599E-17));
#3163 = VECTOR('',#3164,1.);
#3164 = DIRECTION('',(1.,-2.22044604925E-16,1.110223024625E-16));
#3165 = ORIENTED_EDGE('',*,*,#3166,.T.);
#3166 = EDGE_CURVE('',#3159,#3167,#3169,.T.);
#3167 = VERTEX_POINT('',#3168);
#3168 = CARTESIAN_POINT('',(-0.761666666667,-7.94,0.64));
#3169 = LINE('',#3170,#3171);
#3170 = CARTESIAN_POINT('',(-0.761666666667,-7.94,1.174986034395E-16));
#3171 = VECTOR('',#3172,1.);
#3172 = DIRECTION('',(-5.551115123126E-16,3.330669073875E-16,1.));
#3173 = ORIENTED_EDGE('',*,*,#3174,.T.);
#3174 = EDGE_CURVE('',#3167,#3005,#3175,.T.);
#3175 = LINE('',#3176,#3177);
#3176 = CARTESIAN_POINT('',(-0.761666666667,-7.94,0.64));
#3177 = VECTOR('',#3178,1.);
#3178 = DIRECTION('',(1.,-2.22044604925E-16,1.110223024625E-16));
#3179 = ORIENTED_EDGE('',*,*,#3004,.F.);
#3180 = ORIENTED_EDGE('',*,*,#3134,.F.);
#3181 = PLANE('',#3182);
#3182 = AXIS2_PLACEMENT_3D('',#3183,#3184,#3185);
#3183 = CARTESIAN_POINT('',(-0.761666666667,-7.94,1.174986034395E-16));
#3184 = DIRECTION('',(2.22044604925E-16,1.,-3.330669073875E-16));
#3185 = DIRECTION('',(-5.551115123126E-16,3.330669073875E-16,1.));
#3186 = ADVANCED_FACE('',(#3187),#3205,.F.);
#3187 = FACE_BOUND('',#3188,.F.);
#3188 = EDGE_LOOP('',(#3189,#3190,#3198,#3204));
#3189 = ORIENTED_EDGE('',*,*,#3174,.F.);
#3190 = ORIENTED_EDGE('',*,*,#3191,.T.);
#3191 = EDGE_CURVE('',#3167,#3192,#3194,.T.);
#3192 = VERTEX_POINT('',#3193);
#3193 = CARTESIAN_POINT('',(-0.761666666667,-7.3,0.64));
#3194 = LINE('',#3195,#3196);
#3195 = CARTESIAN_POINT('',(-0.761666666667,-7.94,0.64));
#3196 = VECTOR('',#3197,1.);
#3197 = DIRECTION('',(2.22044604925E-16,1.,-5.551115123126E-16));
#3198 = ORIENTED_EDGE('',*,*,#3199,.T.);
#3199 = EDGE_CURVE('',#3192,#3046,#3200,.T.);
#3200 = LINE('',#3201,#3202);
#3201 = CARTESIAN_POINT('',(-0.761666666667,-7.3,0.64));
#3202 = VECTOR('',#3203,1.);
#3203 = DIRECTION('',(1.,-2.22044604925E-16,1.110223024625E-16));
#3204 = ORIENTED_EDGE('',*,*,#3045,.T.);
#3205 = PLANE('',#3206);
#3206 = AXIS2_PLACEMENT_3D('',#3207,#3208,#3209);
#3207 = CARTESIAN_POINT('',(-0.761666666667,-7.94,0.64));
#3208 = DIRECTION('',(1.110223024625E-16,-5.551115123126E-16,-1.));
#3209 = DIRECTION('',(2.22044604925E-16,1.,-5.551115123126E-16));
#3210 = ADVANCED_FACE('',(#3211),#3237,.F.);
#3211 = FACE_BOUND('',#3212,.F.);
#3212 = EDGE_LOOP('',(#3213,#3214,#3222,#3230,#3236));
#3213 = ORIENTED_EDGE('',*,*,#3199,.F.);
#3214 = ORIENTED_EDGE('',*,*,#3215,.T.);
#3215 = EDGE_CURVE('',#3192,#3216,#3218,.T.);
#3216 = VERTEX_POINT('',#3217);
#3217 = CARTESIAN_POINT('',(-0.761666666667,-7.3,-2.866225775241E-16));
#3218 = LINE('',#3219,#3220);
#3219 = CARTESIAN_POINT('',(-0.761666666667,-7.3,0.64));
#3220 = VECTOR('',#3221,1.);
#3221 = DIRECTION('',(5.551115123126E-16,-3.330669073875E-16,-1.));
#3222 = ORIENTED_EDGE('',*,*,#3223,.T.);
#3223 = EDGE_CURVE('',#3216,#3224,#3226,.T.);
#3224 = VERTEX_POINT('',#3225);
#3225 = CARTESIAN_POINT('',(0.761666666667,-7.3,-1.174986034395E-16));
#3226 = LINE('',#3227,#3228);
#3227 = CARTESIAN_POINT('',(-0.761666666667,-7.3,-1.200891238303E-16));
#3228 = VECTOR('',#3229,1.);
#3229 = DIRECTION('',(1.,-2.22044604925E-16,5.551115123126E-16));
#3230 = ORIENTED_EDGE('',*,*,#3231,.F.);
#3231 = EDGE_CURVE('',#3086,#3224,#3232,.T.);
#3232 = LINE('',#3233,#3234);
#3233 = CARTESIAN_POINT('',(0.761666666667,-7.3,0.64));
#3234 = VECTOR('',#3235,1.);
#3235 = DIRECTION('',(5.551115123126E-16,-3.330669073875E-16,-1.));
#3236 = ORIENTED_EDGE('',*,*,#3085,.F.);
#3237 = PLANE('',#3238);
#3238 = AXIS2_PLACEMENT_3D('',#3239,#3240,#3241);
#3239 = CARTESIAN_POINT('',(-0.761666666667,-7.3,0.64));
#3240 = DIRECTION('',(-2.22044604925E-16,-1.,3.330669073875E-16));
#3241 = DIRECTION('',(5.551115123126E-16,-3.330669073875E-16,-1.));
#3242 = ADVANCED_FACE('',(#3243),#3254,.T.);
#3243 = FACE_BOUND('',#3244,.T.);
#3244 = EDGE_LOOP('',(#3245,#3246,#3247));
#3245 = ORIENTED_EDGE('',*,*,#3231,.F.);
#3246 = ORIENTED_EDGE('',*,*,#3093,.T.);
#3247 = ORIENTED_EDGE('',*,*,#3248,.F.);
#3248 = EDGE_CURVE('',#3224,#3094,#3249,.T.);
#3249 = CIRCLE('',#3250,0.32);
#3250 = AXIS2_PLACEMENT_3D('',#3251,#3252,#3253);
#3251 = CARTESIAN_POINT('',(0.761666666667,-7.3,0.32));
#3252 = DIRECTION('',(-2.22044604925E-16,-1.,3.330669073875E-16));
#3253 = DIRECTION('',(-2.359223927328E-16,-3.330669073875E-16,-1.));
#3254 = PLANE('',#3255);
#3255 = AXIS2_PLACEMENT_3D('',#3256,#3257,#3258);
#3256 = CARTESIAN_POINT('',(0.822896015845,-7.3,0.172179274798));
#3257 = DIRECTION('',(2.22044604925E-16,1.,-3.330669073875E-16));
#3258 = DIRECTION('',(0.923879532511,-7.768327846848E-17,0.382683432365)
  );
#3259 = ADVANCED_FACE('',(#3260),#3271,.T.);
#3260 = FACE_BOUND('',#3261,.T.);
#3261 = EDGE_LOOP('',(#3262,#3268,#3269,#3270));
#3262 = ORIENTED_EDGE('',*,*,#3263,.F.);
#3263 = EDGE_CURVE('',#3224,#3135,#3264,.T.);
#3264 = LINE('',#3265,#3266);
#3265 = CARTESIAN_POINT('',(0.761666666667,-7.3,-1.174986034395E-16));
#3266 = VECTOR('',#3267,1.);
#3267 = DIRECTION('',(-2.22044604925E-16,-1.,5.551115123126E-16));
#3268 = ORIENTED_EDGE('',*,*,#3248,.T.);
#3269 = ORIENTED_EDGE('',*,*,#3118,.T.);
#3270 = ORIENTED_EDGE('',*,*,#3142,.F.);
#3271 = SURFACE_OF_REVOLUTION('',#3272,#3276);
#3272 = LINE('',#3273,#3274);
#3273 = CARTESIAN_POINT('',(0.761666666667,-7.3,-1.174986034395E-16));
#3274 = VECTOR('',#3275,1.);
#3275 = DIRECTION('',(-2.22044604925E-16,-1.,5.551115123126E-16));
#3276 = AXIS1_PLACEMENT('',#3277,#3278);
#3277 = CARTESIAN_POINT('',(0.761666666667,-7.62,0.32));
#3278 = DIRECTION('',(-2.22044604925E-16,-1.,3.330669073875E-16));
#3279 = ADVANCED_FACE('',(#3280),#3291,.F.);
#3280 = FACE_BOUND('',#3281,.F.);
#3281 = EDGE_LOOP('',(#3282,#3283,#3289,#3290));
#3282 = ORIENTED_EDGE('',*,*,#3223,.F.);
#3283 = ORIENTED_EDGE('',*,*,#3284,.T.);
#3284 = EDGE_CURVE('',#3216,#3159,#3285,.T.);
#3285 = LINE('',#3286,#3287);
#3286 = CARTESIAN_POINT('',(-0.761666666667,-7.3,-2.866225775241E-16));
#3287 = VECTOR('',#3288,1.);
#3288 = DIRECTION('',(-2.22044604925E-16,-1.,5.551115123126E-16));
#3289 = ORIENTED_EDGE('',*,*,#3158,.T.);
#3290 = ORIENTED_EDGE('',*,*,#3263,.F.);
#3291 = PLANE('',#3292);
#3292 = AXIS2_PLACEMENT_3D('',#3293,#3294,#3295);
#3293 = CARTESIAN_POINT('',(-0.761666666667,-7.3,-2.866225775241E-16));
#3294 = DIRECTION('',(-1.110223024625E-16,5.551115123126E-16,1.));
#3295 = DIRECTION('',(-2.22044604925E-16,-1.,5.551115123126E-16));
#3296 = ADVANCED_FACE('',(#3297),#3303,.T.);
#3297 = FACE_BOUND('',#3298,.T.);
#3298 = EDGE_LOOP('',(#3299,#3300,#3301,#3302));
#3299 = ORIENTED_EDGE('',*,*,#3191,.T.);
#3300 = ORIENTED_EDGE('',*,*,#3215,.T.);
#3301 = ORIENTED_EDGE('',*,*,#3284,.T.);
#3302 = ORIENTED_EDGE('',*,*,#3166,.T.);
#3303 = PLANE('',#3304);
#3304 = AXIS2_PLACEMENT_3D('',#3305,#3306,#3307);
#3305 = CARTESIAN_POINT('',(-0.761666666667,-7.62,0.32));
#3306 = DIRECTION('',(-1.,2.602085213965E-16,-6.314393452556E-16));
#3307 = DIRECTION('',(6.314393452556E-16,-1.110223024625E-16,-1.));
#3308 = ( GEOMETRIC_REPRESENTATION_CONTEXT(3) 
GLOBAL_UNCERTAINTY_ASSIGNED_CONTEXT((#3312)) 
GLOBAL_UNIT_ASSIGNED_CONTEXT((#3309,#3310,#3311)) REPRESENTATION_CONTEXT
('Context #1','3D Context with UNIT and UNCERTAINTY') );
#3309 = ( LENGTH_UNIT() NAMED_UNIT(*) SI_UNIT(.MILLI.,.METRE.) );
#3310 = ( NAMED_UNIT(*) PLANE_ANGLE_UNIT() SI_UNIT($,.RADIAN.) );
#3311 = ( NAMED_UNIT(*) SI_UNIT($,.STERADIAN.) SOLID_ANGLE_UNIT() );
#3312 = UNCERTAINTY_MEASURE_WITH_UNIT(LENGTH_MEASURE(1.E-07),#3309,
  'distance_accuracy_value','confusion accuracy');
#3313 = CONTEXT_DEPENDENT_SHAPE_REPRESENTATION(#3314,#3316);
#3314 = ( REPRESENTATION_RELATIONSHIP('','',#99,#72) 
REPRESENTATION_RELATIONSHIP_WITH_TRANSFORMATION(#3315) 
SHAPE_REPRESENTATION_RELATIONSHIP() );
#3315 = ITEM_DEFINED_TRANSFORMATION('','',#11,#73);
#3316 = PRODUCT_DEFINITION_SHAPE('Placement','Placement of an item',
  #3317);
#3317 = NEXT_ASSEMBLY_USAGE_OCCURRENCE('1','','',#67,#94,$);
#3318 = PRODUCT_RELATED_PRODUCT_CATEGORY('part',$,(#96));
#3319 = SHAPE_DEFINITION_REPRESENTATION(#3320,#3326);
#3320 = PRODUCT_DEFINITION_SHAPE('','',#3321);
#3321 = PRODUCT_DEFINITION('design','',#3322,#3325);
#3322 = PRODUCT_DEFINITION_FORMATION('','',#3323);
#3323 = PRODUCT('BUTTON neo-switch CH32V003J4M6 1.1.2',
  'BUTTON neo-switch CH32V003J4M6 1.1.2','',(#3324));
#3324 = PRODUCT_CONTEXT('',#2,'mechanical');
#3325 = PRODUCT_DEFINITION_CONTEXT('part definition',#2,'design');
#3326 = SHAPE_REPRESENTATION('',(#11,#3327,#3609,#3891,#4173),#4455);
#3327 = MANIFOLD_SOLID_BREP('',#3328);
#3328 = CLOSED_SHELL('',(#3329,#3369,#3432,#3456,#3480,#3529,#3546,#3563
    ,#3580,#3597));
#3329 = ADVANCED_FACE('',(#3330),#3364,.F.);
#3330 = FACE_BOUND('',#3331,.F.);
#3331 = EDGE_LOOP('',(#3332,#3342,#3350,#3358));
#3332 = ORIENTED_EDGE('',*,*,#3333,.F.);
#3333 = EDGE_CURVE('',#3334,#3336,#3338,.T.);
#3334 = VERTEX_POINT('',#3335);
#3335 = CARTESIAN_POINT('',(3.808333333333,0.77,3.56));
#3336 = VERTEX_POINT('',#3337);
#3337 = CARTESIAN_POINT('',(3.808333333333,-0.77,3.56));
#3338 = LINE('',#3339,#3340);
#3339 = CARTESIAN_POINT('',(3.808333333333,1.27,3.56));
#3340 = VECTOR('',#3341,1.);
#3341 = DIRECTION('',(-1.110223024625E-16,-1.,5.551115123126E-17));
#3342 = ORIENTED_EDGE('',*,*,#3343,.T.);
#3343 = EDGE_CURVE('',#3334,#3344,#3346,.T.);
#3344 = VERTEX_POINT('',#3345);
#3345 = CARTESIAN_POINT('',(6.348333333333,0.77,3.56));
#3346 = LINE('',#3347,#3348);
#3347 = CARTESIAN_POINT('',(3.808333333333,0.77,3.56));
#3348 = VECTOR('',#3349,1.);
#3349 = DIRECTION('',(1.,-7.395570986447E-32,1.387778780781E-15));
#3350 = ORIENTED_EDGE('',*,*,#3351,.T.);
#3351 = EDGE_CURVE('',#3344,#3352,#3354,.T.);
#3352 = VERTEX_POINT('',#3353);
#3353 = CARTESIAN_POINT('',(6.348333333333,-0.77,3.56));
#3354 = LINE('',#3355,#3356);
#3355 = CARTESIAN_POINT('',(6.348333333333,1.27,3.56));
#3356 = VECTOR('',#3357,1.);
#3357 = DIRECTION('',(-1.110223024625E-16,-1.,5.551115123126E-17));
#3358 = ORIENTED_EDGE('',*,*,#3359,.F.);
#3359 = EDGE_CURVE('',#3336,#3352,#3360,.T.);
#3360 = LINE('',#3361,#3362);
#3361 = CARTESIAN_POINT('',(3.808333333333,-0.77,3.56));
#3362 = VECTOR('',#3363,1.);
#3363 = DIRECTION('',(1.,-7.395570986447E-32,1.387778780781E-15));
#3364 = PLANE('',#3365);
#3365 = AXIS2_PLACEMENT_3D('',#3366,#3367,#3368);
#3366 = CARTESIAN_POINT('',(3.808333333333,1.27,3.56));
#3367 = DIRECTION('',(1.387778780781E-15,-3.08148791102E-33,-1.));
#3368 = DIRECTION('',(-5.551115123126E-17,-1.,-7.395570986445E-32));
#3369 = ADVANCED_FACE('',(#3370),#3427,.F.);
#3370 = FACE_BOUND('',#3371,.F.);
#3371 = EDGE_LOOP('',(#3372,#3373,#3381,#3389,#3397,#3405,#3413,#3421));
#3372 = ORIENTED_EDGE('',*,*,#3333,.T.);
#3373 = ORIENTED_EDGE('',*,*,#3374,.T.);
#3374 = EDGE_CURVE('',#3336,#3375,#3377,.T.);
#3375 = VERTEX_POINT('',#3376);
#3376 = CARTESIAN_POINT('',(3.808333333333,-1.27,3.06));
#3377 = LINE('',#3378,#3379);
#3378 = CARTESIAN_POINT('',(3.808333333333,-1.1475,3.1825));
#3379 = VECTOR('',#3380,1.);
#3380 = DIRECTION('',(1.009534167956E-15,-0.707106781187,-0.707106781187
    ));
#3381 = ORIENTED_EDGE('',*,*,#3382,.T.);
#3382 = EDGE_CURVE('',#3375,#3383,#3385,.T.);
#3383 = VERTEX_POINT('',#3384);
#3384 = CARTESIAN_POINT('',(3.808333333333,-1.27,0.5));
#3385 = LINE('',#3386,#3387);
#3386 = CARTESIAN_POINT('',(3.808333333333,-1.27,3.56));
#3387 = VECTOR('',#3388,1.);
#3388 = DIRECTION('',(1.276756478319E-15,1.110223024625E-16,-1.));
#3389 = ORIENTED_EDGE('',*,*,#3390,.T.);
#3390 = EDGE_CURVE('',#3383,#3391,#3393,.T.);
#3391 = VERTEX_POINT('',#3392);
#3392 = CARTESIAN_POINT('',(3.808333333333,-0.77,1.7763568394E-15));
#3393 = LINE('',#3394,#3395);
#3394 = CARTESIAN_POINT('',(3.808333333333,-1.1475,0.3775));
#3395 = VECTOR('',#3396,1.);
#3396 = DIRECTION('',(1.009534167956E-15,0.707106781187,-0.707106781187)
  );
#3397 = ORIENTED_EDGE('',*,*,#3398,.T.);
#3398 = EDGE_CURVE('',#3391,#3399,#3401,.T.);
#3399 = VERTEX_POINT('',#3400);
#3400 = CARTESIAN_POINT('',(3.808333333333,0.77,1.33226762955E-15));
#3401 = LINE('',#3402,#3403);
#3402 = CARTESIAN_POINT('',(3.808333333333,-1.27,1.543672597156E-15));
#3403 = VECTOR('',#3404,1.);
#3404 = DIRECTION('',(1.110223024625E-16,1.,-5.551115123126E-17));
#3405 = ORIENTED_EDGE('',*,*,#3406,.T.);
#3406 = EDGE_CURVE('',#3399,#3407,#3409,.T.);
#3407 = VERTEX_POINT('',#3408);
#3408 = CARTESIAN_POINT('',(3.808333333333,1.27,0.5));
#3409 = LINE('',#3410,#3411);
#3410 = CARTESIAN_POINT('',(3.808333333333,1.1475,0.3775));
#3411 = VECTOR('',#3412,1.);
#3412 = DIRECTION('',(-1.009534167956E-15,0.707106781187,0.707106781187)
  );
#3413 = ORIENTED_EDGE('',*,*,#3414,.T.);
#3414 = EDGE_CURVE('',#3407,#3415,#3417,.T.);
#3415 = VERTEX_POINT('',#3416);
#3416 = CARTESIAN_POINT('',(3.808333333333,1.27,3.06));
#3417 = LINE('',#3418,#3419);
#3418 = CARTESIAN_POINT('',(3.808333333333,1.27,1.543672597156E-15));
#3419 = VECTOR('',#3420,1.);
#3420 = DIRECTION('',(-1.276756478319E-15,-1.110223024625E-16,1.));
#3421 = ORIENTED_EDGE('',*,*,#3422,.F.);
#3422 = EDGE_CURVE('',#3334,#3415,#3423,.T.);
#3423 = LINE('',#3424,#3425);
#3424 = CARTESIAN_POINT('',(3.808333333333,1.1475,3.1825));
#3425 = VECTOR('',#3426,1.);
#3426 = DIRECTION('',(1.009534167956E-15,0.707106781187,-0.707106781187)
  );
#3427 = PLANE('',#3428);
#3428 = AXIS2_PLACEMENT_3D('',#3429,#3430,#3431);
#3429 = CARTESIAN_POINT('',(3.808333333333,2.22044604925E-16,1.78));
#3430 = DIRECTION('',(1.,5.551115123126E-17,1.483208063235E-15));
#3431 = DIRECTION('',(-1.483208063235E-15,-1.110223024625E-16,1.));
#3432 = ADVANCED_FACE('',(#3433),#3451,.T.);
#3433 = FACE_BOUND('',#3434,.T.);
#3434 = EDGE_LOOP('',(#3435,#3436,#3437,#3445));
#3435 = ORIENTED_EDGE('',*,*,#3422,.F.);
#3436 = ORIENTED_EDGE('',*,*,#3343,.T.);
#3437 = ORIENTED_EDGE('',*,*,#3438,.T.);
#3438 = EDGE_CURVE('',#3344,#3439,#3441,.T.);
#3439 = VERTEX_POINT('',#3440);
#3440 = CARTESIAN_POINT('',(6.348333333333,1.27,3.06));
#3441 = LINE('',#3442,#3443);
#3442 = CARTESIAN_POINT('',(6.348333333333,1.1475,3.1825));
#3443 = VECTOR('',#3444,1.);
#3444 = DIRECTION('',(1.009534167956E-15,0.707106781187,-0.707106781187)
  );
#3445 = ORIENTED_EDGE('',*,*,#3446,.F.);
#3446 = EDGE_CURVE('',#3415,#3439,#3447,.T.);
#3447 = LINE('',#3448,#3449);
#3448 = CARTESIAN_POINT('',(3.808333333333,1.27,3.06));
#3449 = VECTOR('',#3450,1.);
#3450 = DIRECTION('',(1.,-7.395570986447E-32,1.387778780781E-15));
#3451 = PLANE('',#3452);
#3452 = AXIS2_PLACEMENT_3D('',#3453,#3454,#3455);
#3453 = CARTESIAN_POINT('',(3.808333333333,1.02,3.31));
#3454 = DIRECTION('',(-9.76836572753E-16,0.707106781187,0.707106781187)
  );
#3455 = DIRECTION('',(1.,-3.161625686162E-18,1.384617155095E-15));
#3456 = ADVANCED_FACE('',(#3457),#3475,.T.);
#3457 = FACE_BOUND('',#3458,.F.);
#3458 = EDGE_LOOP('',(#3459,#3460,#3461,#3469));
#3459 = ORIENTED_EDGE('',*,*,#3374,.F.);
#3460 = ORIENTED_EDGE('',*,*,#3359,.T.);
#3461 = ORIENTED_EDGE('',*,*,#3462,.T.);
#3462 = EDGE_CURVE('',#3352,#3463,#3465,.T.);
#3463 = VERTEX_POINT('',#3464);
#3464 = CARTESIAN_POINT('',(6.348333333333,-1.27,3.06));
#3465 = LINE('',#3466,#3467);
#3466 = CARTESIAN_POINT('',(6.348333333333,-1.1475,3.1825));
#3467 = VECTOR('',#3468,1.);
#3468 = DIRECTION('',(1.009534167956E-15,-0.707106781187,-0.707106781187
    ));
#3469 = ORIENTED_EDGE('',*,*,#3470,.F.);
#3470 = EDGE_CURVE('',#3375,#3463,#3471,.T.);
#3471 = LINE('',#3472,#3473);
#3472 = CARTESIAN_POINT('',(3.808333333333,-1.27,3.06));
#3473 = VECTOR('',#3474,1.);
#3474 = DIRECTION('',(1.,-7.395570986447E-32,1.387778780781E-15));
#3475 = PLANE('',#3476);
#3476 = AXIS2_PLACEMENT_3D('',#3477,#3478,#3479);
#3477 = CARTESIAN_POINT('',(3.808333333333,-1.02,3.31));
#3478 = DIRECTION('',(-9.698803532443E-16,-0.707106781187,0.707106781187
    ));
#3479 = DIRECTION('',(-1.,-8.080415672182E-18,-1.379698365109E-15));
#3480 = ADVANCED_FACE('',(#3481),#3524,.T.);
#3481 = FACE_BOUND('',#3482,.T.);
#3482 = EDGE_LOOP('',(#3483,#3484,#3485,#3493,#3501,#3509,#3517,#3523));
#3483 = ORIENTED_EDGE('',*,*,#3351,.T.);
#3484 = ORIENTED_EDGE('',*,*,#3462,.T.);
#3485 = ORIENTED_EDGE('',*,*,#3486,.T.);
#3486 = EDGE_CURVE('',#3463,#3487,#3489,.T.);
#3487 = VERTEX_POINT('',#3488);
#3488 = CARTESIAN_POINT('',(6.348333333333,-1.27,0.5));
#3489 = LINE('',#3490,#3491);
#3490 = CARTESIAN_POINT('',(6.348333333333,-1.27,3.56));
#3491 = VECTOR('',#3492,1.);
#3492 = DIRECTION('',(1.276756478319E-15,1.110223024625E-16,-1.));
#3493 = ORIENTED_EDGE('',*,*,#3494,.T.);
#3494 = EDGE_CURVE('',#3487,#3495,#3497,.T.);
#3495 = VERTEX_POINT('',#3496);
#3496 = CARTESIAN_POINT('',(6.348333333333,-0.77,4.884981308351E-15));
#3497 = LINE('',#3498,#3499);
#3498 = CARTESIAN_POINT('',(6.348333333333,-1.1475,0.3775));
#3499 = VECTOR('',#3500,1.);
#3500 = DIRECTION('',(1.009534167956E-15,0.707106781187,-0.707106781187)
  );
#3501 = ORIENTED_EDGE('',*,*,#3502,.T.);
#3502 = EDGE_CURVE('',#3495,#3503,#3505,.T.);
#3503 = VERTEX_POINT('',#3504);
#3504 = CARTESIAN_POINT('',(6.348333333333,0.77,4.884981308351E-15));
#3505 = LINE('',#3506,#3507);
#3506 = CARTESIAN_POINT('',(6.348333333333,-1.27,5.329070518201E-15));
#3507 = VECTOR('',#3508,1.);
#3508 = DIRECTION('',(1.110223024625E-16,1.,-5.551115123126E-17));
#3509 = ORIENTED_EDGE('',*,*,#3510,.T.);
#3510 = EDGE_CURVE('',#3503,#3511,#3513,.T.);
#3511 = VERTEX_POINT('',#3512);
#3512 = CARTESIAN_POINT('',(6.348333333333,1.27,0.5));
#3513 = LINE('',#3514,#3515);
#3514 = CARTESIAN_POINT('',(6.348333333333,1.1475,0.3775));
#3515 = VECTOR('',#3516,1.);
#3516 = DIRECTION('',(-1.009534167956E-15,0.707106781187,0.707106781187)
  );
#3517 = ORIENTED_EDGE('',*,*,#3518,.T.);
#3518 = EDGE_CURVE('',#3511,#3439,#3519,.T.);
#3519 = LINE('',#3520,#3521);
#3520 = CARTESIAN_POINT('',(6.348333333333,1.27,5.329070518201E-15));
#3521 = VECTOR('',#3522,1.);
#3522 = DIRECTION('',(-1.276756478319E-15,-1.110223024625E-16,1.));
#3523 = ORIENTED_EDGE('',*,*,#3438,.F.);
#3524 = PLANE('',#3525);
#3525 = AXIS2_PLACEMENT_3D('',#3526,#3527,#3528);
#3526 = CARTESIAN_POINT('',(6.348333333333,2.22044604925E-16,1.78));
#3527 = DIRECTION('',(1.,5.551115123126E-17,1.483208063235E-15));
#3528 = DIRECTION('',(-1.483208063235E-15,-1.110223024625E-16,1.));
#3529 = ADVANCED_FACE('',(#3530),#3541,.F.);
#3530 = FACE_BOUND('',#3531,.F.);
#3531 = EDGE_LOOP('',(#3532,#3533,#3539,#3540));
#3532 = ORIENTED_EDGE('',*,*,#3414,.F.);
#3533 = ORIENTED_EDGE('',*,*,#3534,.T.);
#3534 = EDGE_CURVE('',#3407,#3511,#3535,.T.);
#3535 = LINE('',#3536,#3537);
#3536 = CARTESIAN_POINT('',(3.808333333333,1.27,0.5));
#3537 = VECTOR('',#3538,1.);
#3538 = DIRECTION('',(1.,-7.395570986447E-32,1.387778780781E-15));
#3539 = ORIENTED_EDGE('',*,*,#3518,.T.);
#3540 = ORIENTED_EDGE('',*,*,#3446,.F.);
#3541 = PLANE('',#3542);
#3542 = AXIS2_PLACEMENT_3D('',#3543,#3544,#3545);
#3543 = CARTESIAN_POINT('',(3.808333333333,1.27,1.33226762955E-15));
#3544 = DIRECTION('',(3.08148791102E-33,-1.,-5.551115123126E-17));
#3545 = DIRECTION('',(-1.33226762955E-15,-5.551115123126E-17,1.));
#3546 = ADVANCED_FACE('',(#3547),#3558,.F.);
#3547 = FACE_BOUND('',#3548,.F.);
#3548 = EDGE_LOOP('',(#3549,#3550,#3551,#3552));
#3549 = ORIENTED_EDGE('',*,*,#3382,.F.);
#3550 = ORIENTED_EDGE('',*,*,#3470,.T.);
#3551 = ORIENTED_EDGE('',*,*,#3486,.T.);
#3552 = ORIENTED_EDGE('',*,*,#3553,.F.);
#3553 = EDGE_CURVE('',#3383,#3487,#3554,.T.);
#3554 = LINE('',#3555,#3556);
#3555 = CARTESIAN_POINT('',(3.808333333333,-1.27,0.5));
#3556 = VECTOR('',#3557,1.);
#3557 = DIRECTION('',(1.,-7.395570986447E-32,1.387778780781E-15));
#3558 = PLANE('',#3559);
#3559 = AXIS2_PLACEMENT_3D('',#3560,#3561,#3562);
#3560 = CARTESIAN_POINT('',(3.808333333333,-1.27,3.56));
#3561 = DIRECTION('',(-3.08148791102E-33,1.,5.551115123126E-17));
#3562 = DIRECTION('',(1.33226762955E-15,5.551115123126E-17,-1.));
#3563 = ADVANCED_FACE('',(#3564),#3575,.T.);
#3564 = FACE_BOUND('',#3565,.F.);
#3565 = EDGE_LOOP('',(#3566,#3567,#3573,#3574));
#3566 = ORIENTED_EDGE('',*,*,#3406,.F.);
#3567 = ORIENTED_EDGE('',*,*,#3568,.T.);
#3568 = EDGE_CURVE('',#3399,#3503,#3569,.T.);
#3569 = LINE('',#3570,#3571);
#3570 = CARTESIAN_POINT('',(3.808333333333,0.77,1.33226762955E-15));
#3571 = VECTOR('',#3572,1.);
#3572 = DIRECTION('',(1.,-7.395570986447E-32,1.387778780781E-15));
#3573 = ORIENTED_EDGE('',*,*,#3510,.T.);
#3574 = ORIENTED_EDGE('',*,*,#3534,.F.);
#3575 = PLANE('',#3576);
#3576 = AXIS2_PLACEMENT_3D('',#3577,#3578,#3579);
#3577 = CARTESIAN_POINT('',(3.808333333333,1.02,0.25));
#3578 = DIRECTION('',(9.76836572753E-16,0.707106781187,-0.707106781187)
  );
#3579 = DIRECTION('',(-1.,-3.161625686162E-18,-1.384617155095E-15));
#3580 = ADVANCED_FACE('',(#3581),#3592,.T.);
#3581 = FACE_BOUND('',#3582,.F.);
#3582 = EDGE_LOOP('',(#3583,#3584,#3585,#3586));
#3583 = ORIENTED_EDGE('',*,*,#3390,.F.);
#3584 = ORIENTED_EDGE('',*,*,#3553,.T.);
#3585 = ORIENTED_EDGE('',*,*,#3494,.T.);
#3586 = ORIENTED_EDGE('',*,*,#3587,.F.);
#3587 = EDGE_CURVE('',#3391,#3495,#3588,.T.);
#3588 = LINE('',#3589,#3590);
#3589 = CARTESIAN_POINT('',(3.808333333333,-0.77,1.33226762955E-15));
#3590 = VECTOR('',#3591,1.);
#3591 = DIRECTION('',(1.,-7.395570986447E-32,1.387778780781E-15));
#3592 = PLANE('',#3593);
#3593 = AXIS2_PLACEMENT_3D('',#3594,#3595,#3596);
#3594 = CARTESIAN_POINT('',(3.808333333333,-1.02,0.25));
#3595 = DIRECTION('',(9.698803532443E-16,-0.707106781187,-0.707106781187
    ));
#3596 = DIRECTION('',(-1.,8.080415672182E-18,-1.379698365109E-15));
#3597 = ADVANCED_FACE('',(#3598),#3604,.F.);
#3598 = FACE_BOUND('',#3599,.F.);
#3599 = EDGE_LOOP('',(#3600,#3601,#3602,#3603));
#3600 = ORIENTED_EDGE('',*,*,#3398,.F.);
#3601 = ORIENTED_EDGE('',*,*,#3587,.T.);
#3602 = ORIENTED_EDGE('',*,*,#3502,.T.);
#3603 = ORIENTED_EDGE('',*,*,#3568,.F.);
#3604 = PLANE('',#3605);
#3605 = AXIS2_PLACEMENT_3D('',#3606,#3607,#3608);
#3606 = CARTESIAN_POINT('',(3.808333333333,-1.27,1.33226762955E-15));
#3607 = DIRECTION('',(-1.387778780781E-15,3.08148791102E-33,1.));
#3608 = DIRECTION('',(5.551115123126E-17,1.,7.395570986445E-32));
#3609 = MANIFOLD_SOLID_BREP('',#3610);
#3610 = CLOSED_SHELL('',(#3611,#3651,#3714,#3738,#3762,#3811,#3828,#3845
    ,#3862,#3879));
#3611 = ADVANCED_FACE('',(#3612),#3646,.F.);
#3612 = FACE_BOUND('',#3613,.F.);
#3613 = EDGE_LOOP('',(#3614,#3624,#3632,#3640));
#3614 = ORIENTED_EDGE('',*,*,#3615,.F.);
#3615 = EDGE_CURVE('',#3616,#3618,#3620,.T.);
#3616 = VERTEX_POINT('',#3617);
#3617 = CARTESIAN_POINT('',(3.808333333333,-1.77,3.56));
#3618 = VERTEX_POINT('',#3619);
#3619 = CARTESIAN_POINT('',(3.808333333333,-3.31,3.56));
#3620 = LINE('',#3621,#3622);
#3621 = CARTESIAN_POINT('',(3.808333333333,-1.27,3.56));
#3622 = VECTOR('',#3623,1.);
#3623 = DIRECTION('',(-1.110223024625E-16,-1.,5.551115123126E-17));
#3624 = ORIENTED_EDGE('',*,*,#3625,.T.);
#3625 = EDGE_CURVE('',#3616,#3626,#3628,.T.);
#3626 = VERTEX_POINT('',#3627);
#3627 = CARTESIAN_POINT('',(6.348333333333,-1.77,3.56));
#3628 = LINE('',#3629,#3630);
#3629 = CARTESIAN_POINT('',(3.808333333333,-1.77,3.56));
#3630 = VECTOR('',#3631,1.);
#3631 = DIRECTION('',(1.,-7.395570986447E-32,1.387778780781E-15));
#3632 = ORIENTED_EDGE('',*,*,#3633,.T.);
#3633 = EDGE_CURVE('',#3626,#3634,#3636,.T.);
#3634 = VERTEX_POINT('',#3635);
#3635 = CARTESIAN_POINT('',(6.348333333333,-3.31,3.56));
#3636 = LINE('',#3637,#3638);
#3637 = CARTESIAN_POINT('',(6.348333333333,-1.27,3.56));
#3638 = VECTOR('',#3639,1.);
#3639 = DIRECTION('',(-1.110223024625E-16,-1.,5.551115123126E-17));
#3640 = ORIENTED_EDGE('',*,*,#3641,.F.);
#3641 = EDGE_CURVE('',#3618,#3634,#3642,.T.);
#3642 = LINE('',#3643,#3644);
#3643 = CARTESIAN_POINT('',(3.808333333333,-3.31,3.56));
#3644 = VECTOR('',#3645,1.);
#3645 = DIRECTION('',(1.,-7.395570986447E-32,1.387778780781E-15));
#3646 = PLANE('',#3647);
#3647 = AXIS2_PLACEMENT_3D('',#3648,#3649,#3650);
#3648 = CARTESIAN_POINT('',(3.808333333333,-1.27,3.56));
#3649 = DIRECTION('',(1.387778780781E-15,-3.08148791102E-33,-1.));
#3650 = DIRECTION('',(-5.551115123126E-17,-1.,-7.395570986445E-32));
#3651 = ADVANCED_FACE('',(#3652),#3709,.F.);
#3652 = FACE_BOUND('',#3653,.F.);
#3653 = EDGE_LOOP('',(#3654,#3655,#3663,#3671,#3679,#3687,#3695,#3703));
#3654 = ORIENTED_EDGE('',*,*,#3615,.T.);
#3655 = ORIENTED_EDGE('',*,*,#3656,.T.);
#3656 = EDGE_CURVE('',#3618,#3657,#3659,.T.);
#3657 = VERTEX_POINT('',#3658);
#3658 = CARTESIAN_POINT('',(3.808333333333,-3.81,3.06));
#3659 = LINE('',#3660,#3661);
#3660 = CARTESIAN_POINT('',(3.808333333333,-3.6875,3.1825));
#3661 = VECTOR('',#3662,1.);
#3662 = DIRECTION('',(1.009534167956E-15,-0.707106781187,-0.707106781187
    ));
#3663 = ORIENTED_EDGE('',*,*,#3664,.T.);
#3664 = EDGE_CURVE('',#3657,#3665,#3667,.T.);
#3665 = VERTEX_POINT('',#3666);
#3666 = CARTESIAN_POINT('',(3.808333333333,-3.81,0.5));
#3667 = LINE('',#3668,#3669);
#3668 = CARTESIAN_POINT('',(3.808333333333,-3.81,3.56));
#3669 = VECTOR('',#3670,1.);
#3670 = DIRECTION('',(1.276756478319E-15,1.110223024625E-16,-1.));
#3671 = ORIENTED_EDGE('',*,*,#3672,.T.);
#3672 = EDGE_CURVE('',#3665,#3673,#3675,.T.);
#3673 = VERTEX_POINT('',#3674);
#3674 = CARTESIAN_POINT('',(3.808333333333,-3.31,1.7763568394E-15));
#3675 = LINE('',#3676,#3677);
#3676 = CARTESIAN_POINT('',(3.808333333333,-3.6875,0.3775));
#3677 = VECTOR('',#3678,1.);
#3678 = DIRECTION('',(1.009534167956E-15,0.707106781187,-0.707106781187)
  );
#3679 = ORIENTED_EDGE('',*,*,#3680,.T.);
#3680 = EDGE_CURVE('',#3673,#3681,#3683,.T.);
#3681 = VERTEX_POINT('',#3682);
#3682 = CARTESIAN_POINT('',(3.808333333333,-1.77,1.33226762955E-15));
#3683 = LINE('',#3684,#3685);
#3684 = CARTESIAN_POINT('',(3.808333333333,-3.81,1.543672597156E-15));
#3685 = VECTOR('',#3686,1.);
#3686 = DIRECTION('',(1.110223024625E-16,1.,-5.551115123126E-17));
#3687 = ORIENTED_EDGE('',*,*,#3688,.T.);
#3688 = EDGE_CURVE('',#3681,#3689,#3691,.T.);
#3689 = VERTEX_POINT('',#3690);
#3690 = CARTESIAN_POINT('',(3.808333333333,-1.27,0.5));
#3691 = LINE('',#3692,#3693);
#3692 = CARTESIAN_POINT('',(3.808333333333,-1.3925,0.3775));
#3693 = VECTOR('',#3694,1.);
#3694 = DIRECTION('',(-1.009534167956E-15,0.707106781187,0.707106781187)
  );
#3695 = ORIENTED_EDGE('',*,*,#3696,.T.);
#3696 = EDGE_CURVE('',#3689,#3697,#3699,.T.);
#3697 = VERTEX_POINT('',#3698);
#3698 = CARTESIAN_POINT('',(3.808333333333,-1.27,3.06));
#3699 = LINE('',#3700,#3701);
#3700 = CARTESIAN_POINT('',(3.808333333333,-1.27,1.543672597156E-15));
#3701 = VECTOR('',#3702,1.);
#3702 = DIRECTION('',(-1.276756478319E-15,-1.110223024625E-16,1.));
#3703 = ORIENTED_EDGE('',*,*,#3704,.F.);
#3704 = EDGE_CURVE('',#3616,#3697,#3705,.T.);
#3705 = LINE('',#3706,#3707);
#3706 = CARTESIAN_POINT('',(3.808333333333,-1.3925,3.1825));
#3707 = VECTOR('',#3708,1.);
#3708 = DIRECTION('',(1.009534167956E-15,0.707106781187,-0.707106781187)
  );
#3709 = PLANE('',#3710);
#3710 = AXIS2_PLACEMENT_3D('',#3711,#3712,#3713);
#3711 = CARTESIAN_POINT('',(3.808333333333,-2.54,1.78));
#3712 = DIRECTION('',(1.,5.551115123126E-17,1.483208063235E-15));
#3713 = DIRECTION('',(-1.483208063235E-15,-1.110223024625E-16,1.));
#3714 = ADVANCED_FACE('',(#3715),#3733,.T.);
#3715 = FACE_BOUND('',#3716,.T.);
#3716 = EDGE_LOOP('',(#3717,#3718,#3719,#3727));
#3717 = ORIENTED_EDGE('',*,*,#3704,.F.);
#3718 = ORIENTED_EDGE('',*,*,#3625,.T.);
#3719 = ORIENTED_EDGE('',*,*,#3720,.T.);
#3720 = EDGE_CURVE('',#3626,#3721,#3723,.T.);
#3721 = VERTEX_POINT('',#3722);
#3722 = CARTESIAN_POINT('',(6.348333333333,-1.27,3.06));
#3723 = LINE('',#3724,#3725);
#3724 = CARTESIAN_POINT('',(6.348333333333,-1.3925,3.1825));
#3725 = VECTOR('',#3726,1.);
#3726 = DIRECTION('',(1.009534167956E-15,0.707106781187,-0.707106781187)
  );
#3727 = ORIENTED_EDGE('',*,*,#3728,.F.);
#3728 = EDGE_CURVE('',#3697,#3721,#3729,.T.);
#3729 = LINE('',#3730,#3731);
#3730 = CARTESIAN_POINT('',(3.808333333333,-1.27,3.06));
#3731 = VECTOR('',#3732,1.);
#3732 = DIRECTION('',(1.,-7.395570986447E-32,1.387778780781E-15));
#3733 = PLANE('',#3734);
#3734 = AXIS2_PLACEMENT_3D('',#3735,#3736,#3737);
#3735 = CARTESIAN_POINT('',(3.808333333333,-1.52,3.31));
#3736 = DIRECTION('',(-9.76836572753E-16,0.707106781187,0.707106781187)
  );
#3737 = DIRECTION('',(1.,-3.161625686162E-18,1.384617155095E-15));
#3738 = ADVANCED_FACE('',(#3739),#3757,.T.);
#3739 = FACE_BOUND('',#3740,.F.);
#3740 = EDGE_LOOP('',(#3741,#3742,#3743,#3751));
#3741 = ORIENTED_EDGE('',*,*,#3656,.F.);
#3742 = ORIENTED_EDGE('',*,*,#3641,.T.);
#3743 = ORIENTED_EDGE('',*,*,#3744,.T.);
#3744 = EDGE_CURVE('',#3634,#3745,#3747,.T.);
#3745 = VERTEX_POINT('',#3746);
#3746 = CARTESIAN_POINT('',(6.348333333333,-3.81,3.06));
#3747 = LINE('',#3748,#3749);
#3748 = CARTESIAN_POINT('',(6.348333333333,-3.6875,3.1825));
#3749 = VECTOR('',#3750,1.);
#3750 = DIRECTION('',(1.009534167956E-15,-0.707106781187,-0.707106781187
    ));
#3751 = ORIENTED_EDGE('',*,*,#3752,.F.);
#3752 = EDGE_CURVE('',#3657,#3745,#3753,.T.);
#3753 = LINE('',#3754,#3755);
#3754 = CARTESIAN_POINT('',(3.808333333333,-3.81,3.06));
#3755 = VECTOR('',#3756,1.);
#3756 = DIRECTION('',(1.,-7.395570986447E-32,1.387778780781E-15));
#3757 = PLANE('',#3758);
#3758 = AXIS2_PLACEMENT_3D('',#3759,#3760,#3761);
#3759 = CARTESIAN_POINT('',(3.808333333333,-3.56,3.31));
#3760 = DIRECTION('',(-9.698803532443E-16,-0.707106781187,0.707106781187
    ));
#3761 = DIRECTION('',(-1.,-8.080415672182E-18,-1.379698365109E-15));
#3762 = ADVANCED_FACE('',(#3763),#3806,.T.);
#3763 = FACE_BOUND('',#3764,.T.);
#3764 = EDGE_LOOP('',(#3765,#3766,#3767,#3775,#3783,#3791,#3799,#3805));
#3765 = ORIENTED_EDGE('',*,*,#3633,.T.);
#3766 = ORIENTED_EDGE('',*,*,#3744,.T.);
#3767 = ORIENTED_EDGE('',*,*,#3768,.T.);
#3768 = EDGE_CURVE('',#3745,#3769,#3771,.T.);
#3769 = VERTEX_POINT('',#3770);
#3770 = CARTESIAN_POINT('',(6.348333333333,-3.81,0.5));
#3771 = LINE('',#3772,#3773);
#3772 = CARTESIAN_POINT('',(6.348333333333,-3.81,3.56));
#3773 = VECTOR('',#3774,1.);
#3774 = DIRECTION('',(1.276756478319E-15,1.110223024625E-16,-1.));
#3775 = ORIENTED_EDGE('',*,*,#3776,.T.);
#3776 = EDGE_CURVE('',#3769,#3777,#3779,.T.);
#3777 = VERTEX_POINT('',#3778);
#3778 = CARTESIAN_POINT('',(6.348333333333,-3.31,4.884981308351E-15));
#3779 = LINE('',#3780,#3781);
#3780 = CARTESIAN_POINT('',(6.348333333333,-3.6875,0.3775));
#3781 = VECTOR('',#3782,1.);
#3782 = DIRECTION('',(1.009534167956E-15,0.707106781187,-0.707106781187)
  );
#3783 = ORIENTED_EDGE('',*,*,#3784,.T.);
#3784 = EDGE_CURVE('',#3777,#3785,#3787,.T.);
#3785 = VERTEX_POINT('',#3786);
#3786 = CARTESIAN_POINT('',(6.348333333333,-1.77,4.884981308351E-15));
#3787 = LINE('',#3788,#3789);
#3788 = CARTESIAN_POINT('',(6.348333333333,-3.81,5.329070518201E-15));
#3789 = VECTOR('',#3790,1.);
#3790 = DIRECTION('',(1.110223024625E-16,1.,-5.551115123126E-17));
#3791 = ORIENTED_EDGE('',*,*,#3792,.T.);
#3792 = EDGE_CURVE('',#3785,#3793,#3795,.T.);
#3793 = VERTEX_POINT('',#3794);
#3794 = CARTESIAN_POINT('',(6.348333333333,-1.27,0.5));
#3795 = LINE('',#3796,#3797);
#3796 = CARTESIAN_POINT('',(6.348333333333,-1.3925,0.3775));
#3797 = VECTOR('',#3798,1.);
#3798 = DIRECTION('',(-1.009534167956E-15,0.707106781187,0.707106781187)
  );
#3799 = ORIENTED_EDGE('',*,*,#3800,.T.);
#3800 = EDGE_CURVE('',#3793,#3721,#3801,.T.);
#3801 = LINE('',#3802,#3803);
#3802 = CARTESIAN_POINT('',(6.348333333333,-1.27,5.329070518201E-15));
#3803 = VECTOR('',#3804,1.);
#3804 = DIRECTION('',(-1.276756478319E-15,-1.110223024625E-16,1.));
#3805 = ORIENTED_EDGE('',*,*,#3720,.F.);
#3806 = PLANE('',#3807);
#3807 = AXIS2_PLACEMENT_3D('',#3808,#3809,#3810);
#3808 = CARTESIAN_POINT('',(6.348333333333,-2.54,1.78));
#3809 = DIRECTION('',(1.,5.551115123126E-17,1.483208063235E-15));
#3810 = DIRECTION('',(-1.483208063235E-15,-1.110223024625E-16,1.));
#3811 = ADVANCED_FACE('',(#3812),#3823,.F.);
#3812 = FACE_BOUND('',#3813,.F.);
#3813 = EDGE_LOOP('',(#3814,#3815,#3821,#3822));
#3814 = ORIENTED_EDGE('',*,*,#3696,.F.);
#3815 = ORIENTED_EDGE('',*,*,#3816,.T.);
#3816 = EDGE_CURVE('',#3689,#3793,#3817,.T.);
#3817 = LINE('',#3818,#3819);
#3818 = CARTESIAN_POINT('',(3.808333333333,-1.27,0.5));
#3819 = VECTOR('',#3820,1.);
#3820 = DIRECTION('',(1.,-7.395570986447E-32,1.387778780781E-15));
#3821 = ORIENTED_EDGE('',*,*,#3800,.T.);
#3822 = ORIENTED_EDGE('',*,*,#3728,.F.);
#3823 = PLANE('',#3824);
#3824 = AXIS2_PLACEMENT_3D('',#3825,#3826,#3827);
#3825 = CARTESIAN_POINT('',(3.808333333333,-1.27,1.33226762955E-15));
#3826 = DIRECTION('',(3.08148791102E-33,-1.,-5.551115123126E-17));
#3827 = DIRECTION('',(-1.33226762955E-15,-5.551115123126E-17,1.));
#3828 = ADVANCED_FACE('',(#3829),#3840,.F.);
#3829 = FACE_BOUND('',#3830,.F.);
#3830 = EDGE_LOOP('',(#3831,#3832,#3833,#3834));
#3831 = ORIENTED_EDGE('',*,*,#3664,.F.);
#3832 = ORIENTED_EDGE('',*,*,#3752,.T.);
#3833 = ORIENTED_EDGE('',*,*,#3768,.T.);
#3834 = ORIENTED_EDGE('',*,*,#3835,.F.);
#3835 = EDGE_CURVE('',#3665,#3769,#3836,.T.);
#3836 = LINE('',#3837,#3838);
#3837 = CARTESIAN_POINT('',(3.808333333333,-3.81,0.5));
#3838 = VECTOR('',#3839,1.);
#3839 = DIRECTION('',(1.,-7.395570986447E-32,1.387778780781E-15));
#3840 = PLANE('',#3841);
#3841 = AXIS2_PLACEMENT_3D('',#3842,#3843,#3844);
#3842 = CARTESIAN_POINT('',(3.808333333333,-3.81,3.56));
#3843 = DIRECTION('',(-3.08148791102E-33,1.,5.551115123126E-17));
#3844 = DIRECTION('',(1.33226762955E-15,5.551115123126E-17,-1.));
#3845 = ADVANCED_FACE('',(#3846),#3857,.T.);
#3846 = FACE_BOUND('',#3847,.F.);
#3847 = EDGE_LOOP('',(#3848,#3849,#3855,#3856));
#3848 = ORIENTED_EDGE('',*,*,#3688,.F.);
#3849 = ORIENTED_EDGE('',*,*,#3850,.T.);
#3850 = EDGE_CURVE('',#3681,#3785,#3851,.T.);
#3851 = LINE('',#3852,#3853);
#3852 = CARTESIAN_POINT('',(3.808333333333,-1.77,1.33226762955E-15));
#3853 = VECTOR('',#3854,1.);
#3854 = DIRECTION('',(1.,-7.395570986447E-32,1.387778780781E-15));
#3855 = ORIENTED_EDGE('',*,*,#3792,.T.);
#3856 = ORIENTED_EDGE('',*,*,#3816,.F.);
#3857 = PLANE('',#3858);
#3858 = AXIS2_PLACEMENT_3D('',#3859,#3860,#3861);
#3859 = CARTESIAN_POINT('',(3.808333333333,-1.52,0.25));
#3860 = DIRECTION('',(9.76836572753E-16,0.707106781187,-0.707106781187)
  );
#3861 = DIRECTION('',(-1.,-3.161625686162E-18,-1.384617155095E-15));
#3862 = ADVANCED_FACE('',(#3863),#3874,.T.);
#3863 = FACE_BOUND('',#3864,.F.);
#3864 = EDGE_LOOP('',(#3865,#3866,#3867,#3868));
#3865 = ORIENTED_EDGE('',*,*,#3672,.F.);
#3866 = ORIENTED_EDGE('',*,*,#3835,.T.);
#3867 = ORIENTED_EDGE('',*,*,#3776,.T.);
#3868 = ORIENTED_EDGE('',*,*,#3869,.F.);
#3869 = EDGE_CURVE('',#3673,#3777,#3870,.T.);
#3870 = LINE('',#3871,#3872);
#3871 = CARTESIAN_POINT('',(3.808333333333,-3.31,1.33226762955E-15));
#3872 = VECTOR('',#3873,1.);
#3873 = DIRECTION('',(1.,-7.395570986447E-32,1.387778780781E-15));
#3874 = PLANE('',#3875);
#3875 = AXIS2_PLACEMENT_3D('',#3876,#3877,#3878);
#3876 = CARTESIAN_POINT('',(3.808333333333,-3.56,0.25));
#3877 = DIRECTION('',(9.698803532443E-16,-0.707106781187,-0.707106781187
    ));
#3878 = DIRECTION('',(-1.,8.080415672182E-18,-1.379698365109E-15));
#3879 = ADVANCED_FACE('',(#3880),#3886,.F.);
#3880 = FACE_BOUND('',#3881,.F.);
#3881 = EDGE_LOOP('',(#3882,#3883,#3884,#3885));
#3882 = ORIENTED_EDGE('',*,*,#3680,.F.);
#3883 = ORIENTED_EDGE('',*,*,#3869,.T.);
#3884 = ORIENTED_EDGE('',*,*,#3784,.T.);
#3885 = ORIENTED_EDGE('',*,*,#3850,.F.);
#3886 = PLANE('',#3887);
#3887 = AXIS2_PLACEMENT_3D('',#3888,#3889,#3890);
#3888 = CARTESIAN_POINT('',(3.808333333333,-3.81,1.33226762955E-15));
#3889 = DIRECTION('',(-1.387778780781E-15,3.08148791102E-33,1.));
#3890 = DIRECTION('',(5.551115123126E-17,1.,7.395570986445E-32));
#3891 = MANIFOLD_SOLID_BREP('',#3892);
#3892 = CLOSED_SHELL('',(#3893,#3933,#3996,#4020,#4044,#4093,#4110,#4127
    ,#4144,#4161));
#3893 = ADVANCED_FACE('',(#3894),#3928,.F.);
#3894 = FACE_BOUND('',#3895,.F.);
#3895 = EDGE_LOOP('',(#3896,#3906,#3914,#3922));
#3896 = ORIENTED_EDGE('',*,*,#3897,.F.);
#3897 = EDGE_CURVE('',#3898,#3900,#3902,.T.);
#3898 = VERTEX_POINT('',#3899);
#3899 = CARTESIAN_POINT('',(3.808333333333,-4.31,3.56));
#3900 = VERTEX_POINT('',#3901);
#3901 = CARTESIAN_POINT('',(3.808333333333,-5.85,3.56));
#3902 = LINE('',#3903,#3904);
#3903 = CARTESIAN_POINT('',(3.808333333333,-3.81,3.56));
#3904 = VECTOR('',#3905,1.);
#3905 = DIRECTION('',(-1.110223024625E-16,-1.,5.551115123126E-17));
#3906 = ORIENTED_EDGE('',*,*,#3907,.T.);
#3907 = EDGE_CURVE('',#3898,#3908,#3910,.T.);
#3908 = VERTEX_POINT('',#3909);
#3909 = CARTESIAN_POINT('',(6.348333333333,-4.31,3.56));
#3910 = LINE('',#3911,#3912);
#3911 = CARTESIAN_POINT('',(3.808333333333,-4.31,3.56));
#3912 = VECTOR('',#3913,1.);
#3913 = DIRECTION('',(1.,-7.395570986447E-32,1.387778780781E-15));
#3914 = ORIENTED_EDGE('',*,*,#3915,.T.);
#3915 = EDGE_CURVE('',#3908,#3916,#3918,.T.);
#3916 = VERTEX_POINT('',#3917);
#3917 = CARTESIAN_POINT('',(6.348333333333,-5.85,3.56));
#3918 = LINE('',#3919,#3920);
#3919 = CARTESIAN_POINT('',(6.348333333333,-3.81,3.56));
#3920 = VECTOR('',#3921,1.);
#3921 = DIRECTION('',(-1.110223024625E-16,-1.,5.551115123126E-17));
#3922 = ORIENTED_EDGE('',*,*,#3923,.F.);
#3923 = EDGE_CURVE('',#3900,#3916,#3924,.T.);
#3924 = LINE('',#3925,#3926);
#3925 = CARTESIAN_POINT('',(3.808333333333,-5.85,3.56));
#3926 = VECTOR('',#3927,1.);
#3927 = DIRECTION('',(1.,-7.395570986447E-32,1.387778780781E-15));
#3928 = PLANE('',#3929);
#3929 = AXIS2_PLACEMENT_3D('',#3930,#3931,#3932);
#3930 = CARTESIAN_POINT('',(3.808333333333,-3.81,3.56));
#3931 = DIRECTION('',(1.387778780781E-15,-3.08148791102E-33,-1.));
#3932 = DIRECTION('',(-5.551115123126E-17,-1.,-7.395570986445E-32));
#3933 = ADVANCED_FACE('',(#3934),#3991,.F.);
#3934 = FACE_BOUND('',#3935,.F.);
#3935 = EDGE_LOOP('',(#3936,#3937,#3945,#3953,#3961,#3969,#3977,#3985));
#3936 = ORIENTED_EDGE('',*,*,#3897,.T.);
#3937 = ORIENTED_EDGE('',*,*,#3938,.T.);
#3938 = EDGE_CURVE('',#3900,#3939,#3941,.T.);
#3939 = VERTEX_POINT('',#3940);
#3940 = CARTESIAN_POINT('',(3.808333333333,-6.35,3.06));
#3941 = LINE('',#3942,#3943);
#3942 = CARTESIAN_POINT('',(3.808333333333,-6.2275,3.1825));
#3943 = VECTOR('',#3944,1.);
#3944 = DIRECTION('',(1.009534167956E-15,-0.707106781187,-0.707106781187
    ));
#3945 = ORIENTED_EDGE('',*,*,#3946,.T.);
#3946 = EDGE_CURVE('',#3939,#3947,#3949,.T.);
#3947 = VERTEX_POINT('',#3948);
#3948 = CARTESIAN_POINT('',(3.808333333333,-6.35,0.5));
#3949 = LINE('',#3950,#3951);
#3950 = CARTESIAN_POINT('',(3.808333333333,-6.35,3.56));
#3951 = VECTOR('',#3952,1.);
#3952 = DIRECTION('',(1.276756478319E-15,1.110223024625E-16,-1.));
#3953 = ORIENTED_EDGE('',*,*,#3954,.T.);
#3954 = EDGE_CURVE('',#3947,#3955,#3957,.T.);
#3955 = VERTEX_POINT('',#3956);
#3956 = CARTESIAN_POINT('',(3.808333333333,-5.85,1.7763568394E-15));
#3957 = LINE('',#3958,#3959);
#3958 = CARTESIAN_POINT('',(3.808333333333,-6.2275,0.3775));
#3959 = VECTOR('',#3960,1.);
#3960 = DIRECTION('',(1.009534167956E-15,0.707106781187,-0.707106781187)
  );
#3961 = ORIENTED_EDGE('',*,*,#3962,.T.);
#3962 = EDGE_CURVE('',#3955,#3963,#3965,.T.);
#3963 = VERTEX_POINT('',#3964);
#3964 = CARTESIAN_POINT('',(3.808333333333,-4.31,1.33226762955E-15));
#3965 = LINE('',#3966,#3967);
#3966 = CARTESIAN_POINT('',(3.808333333333,-6.35,1.543672597156E-15));
#3967 = VECTOR('',#3968,1.);
#3968 = DIRECTION('',(1.110223024625E-16,1.,-5.551115123126E-17));
#3969 = ORIENTED_EDGE('',*,*,#3970,.T.);
#3970 = EDGE_CURVE('',#3963,#3971,#3973,.T.);
#3971 = VERTEX_POINT('',#3972);
#3972 = CARTESIAN_POINT('',(3.808333333333,-3.81,0.5));
#3973 = LINE('',#3974,#3975);
#3974 = CARTESIAN_POINT('',(3.808333333333,-3.9325,0.3775));
#3975 = VECTOR('',#3976,1.);
#3976 = DIRECTION('',(-1.009534167956E-15,0.707106781187,0.707106781187)
  );
#3977 = ORIENTED_EDGE('',*,*,#3978,.T.);
#3978 = EDGE_CURVE('',#3971,#3979,#3981,.T.);
#3979 = VERTEX_POINT('',#3980);
#3980 = CARTESIAN_POINT('',(3.808333333333,-3.81,3.06));
#3981 = LINE('',#3982,#3983);
#3982 = CARTESIAN_POINT('',(3.808333333333,-3.81,1.543672597156E-15));
#3983 = VECTOR('',#3984,1.);
#3984 = DIRECTION('',(-1.276756478319E-15,-1.110223024625E-16,1.));
#3985 = ORIENTED_EDGE('',*,*,#3986,.F.);
#3986 = EDGE_CURVE('',#3898,#3979,#3987,.T.);
#3987 = LINE('',#3988,#3989);
#3988 = CARTESIAN_POINT('',(3.808333333333,-3.9325,3.1825));
#3989 = VECTOR('',#3990,1.);
#3990 = DIRECTION('',(1.009534167956E-15,0.707106781187,-0.707106781187)
  );
#3991 = PLANE('',#3992);
#3992 = AXIS2_PLACEMENT_3D('',#3993,#3994,#3995);
#3993 = CARTESIAN_POINT('',(3.808333333333,-5.08,1.78));
#3994 = DIRECTION('',(1.,5.551115123126E-17,1.483208063235E-15));
#3995 = DIRECTION('',(-1.483208063235E-15,-1.110223024625E-16,1.));
#3996 = ADVANCED_FACE('',(#3997),#4015,.T.);
#3997 = FACE_BOUND('',#3998,.T.);
#3998 = EDGE_LOOP('',(#3999,#4000,#4001,#4009));
#3999 = ORIENTED_EDGE('',*,*,#3986,.F.);
#4000 = ORIENTED_EDGE('',*,*,#3907,.T.);
#4001 = ORIENTED_EDGE('',*,*,#4002,.T.);
#4002 = EDGE_CURVE('',#3908,#4003,#4005,.T.);
#4003 = VERTEX_POINT('',#4004);
#4004 = CARTESIAN_POINT('',(6.348333333333,-3.81,3.06));
#4005 = LINE('',#4006,#4007);
#4006 = CARTESIAN_POINT('',(6.348333333333,-3.9325,3.1825));
#4007 = VECTOR('',#4008,1.);
#4008 = DIRECTION('',(1.009534167956E-15,0.707106781187,-0.707106781187)
  );
#4009 = ORIENTED_EDGE('',*,*,#4010,.F.);
#4010 = EDGE_CURVE('',#3979,#4003,#4011,.T.);
#4011 = LINE('',#4012,#4013);
#4012 = CARTESIAN_POINT('',(3.808333333333,-3.81,3.06));
#4013 = VECTOR('',#4014,1.);
#4014 = DIRECTION('',(1.,-7.395570986447E-32,1.387778780781E-15));
#4015 = PLANE('',#4016);
#4016 = AXIS2_PLACEMENT_3D('',#4017,#4018,#4019);
#4017 = CARTESIAN_POINT('',(3.808333333333,-4.06,3.31));
#4018 = DIRECTION('',(-9.76836572753E-16,0.707106781187,0.707106781187)
  );
#4019 = DIRECTION('',(1.,-3.161625686162E-18,1.384617155095E-15));
#4020 = ADVANCED_FACE('',(#4021),#4039,.T.);
#4021 = FACE_BOUND('',#4022,.F.);
#4022 = EDGE_LOOP('',(#4023,#4024,#4025,#4033));
#4023 = ORIENTED_EDGE('',*,*,#3938,.F.);
#4024 = ORIENTED_EDGE('',*,*,#3923,.T.);
#4025 = ORIENTED_EDGE('',*,*,#4026,.T.);
#4026 = EDGE_CURVE('',#3916,#4027,#4029,.T.);
#4027 = VERTEX_POINT('',#4028);
#4028 = CARTESIAN_POINT('',(6.348333333333,-6.35,3.06));
#4029 = LINE('',#4030,#4031);
#4030 = CARTESIAN_POINT('',(6.348333333333,-6.2275,3.1825));
#4031 = VECTOR('',#4032,1.);
#4032 = DIRECTION('',(1.009534167956E-15,-0.707106781187,-0.707106781187
    ));
#4033 = ORIENTED_EDGE('',*,*,#4034,.F.);
#4034 = EDGE_CURVE('',#3939,#4027,#4035,.T.);
#4035 = LINE('',#4036,#4037);
#4036 = CARTESIAN_POINT('',(3.808333333333,-6.35,3.06));
#4037 = VECTOR('',#4038,1.);
#4038 = DIRECTION('',(1.,-7.395570986447E-32,1.387778780781E-15));
#4039 = PLANE('',#4040);
#4040 = AXIS2_PLACEMENT_3D('',#4041,#4042,#4043);
#4041 = CARTESIAN_POINT('',(3.808333333333,-6.1,3.31));
#4042 = DIRECTION('',(-9.698803532443E-16,-0.707106781187,0.707106781187
    ));
#4043 = DIRECTION('',(-1.,-8.080415672182E-18,-1.379698365109E-15));
#4044 = ADVANCED_FACE('',(#4045),#4088,.T.);
#4045 = FACE_BOUND('',#4046,.T.);
#4046 = EDGE_LOOP('',(#4047,#4048,#4049,#4057,#4065,#4073,#4081,#4087));
#4047 = ORIENTED_EDGE('',*,*,#3915,.T.);
#4048 = ORIENTED_EDGE('',*,*,#4026,.T.);
#4049 = ORIENTED_EDGE('',*,*,#4050,.T.);
#4050 = EDGE_CURVE('',#4027,#4051,#4053,.T.);
#4051 = VERTEX_POINT('',#4052);
#4052 = CARTESIAN_POINT('',(6.348333333333,-6.35,0.5));
#4053 = LINE('',#4054,#4055);
#4054 = CARTESIAN_POINT('',(6.348333333333,-6.35,3.56));
#4055 = VECTOR('',#4056,1.);
#4056 = DIRECTION('',(1.276756478319E-15,1.110223024625E-16,-1.));
#4057 = ORIENTED_EDGE('',*,*,#4058,.T.);
#4058 = EDGE_CURVE('',#4051,#4059,#4061,.T.);
#4059 = VERTEX_POINT('',#4060);
#4060 = CARTESIAN_POINT('',(6.348333333333,-5.85,4.884981308351E-15));
#4061 = LINE('',#4062,#4063);
#4062 = CARTESIAN_POINT('',(6.348333333333,-6.2275,0.3775));
#4063 = VECTOR('',#4064,1.);
#4064 = DIRECTION('',(1.009534167956E-15,0.707106781187,-0.707106781187)
  );
#4065 = ORIENTED_EDGE('',*,*,#4066,.T.);
#4066 = EDGE_CURVE('',#4059,#4067,#4069,.T.);
#4067 = VERTEX_POINT('',#4068);
#4068 = CARTESIAN_POINT('',(6.348333333333,-4.31,4.884981308351E-15));
#4069 = LINE('',#4070,#4071);
#4070 = CARTESIAN_POINT('',(6.348333333333,-6.35,5.329070518201E-15));
#4071 = VECTOR('',#4072,1.);
#4072 = DIRECTION('',(1.110223024625E-16,1.,-5.551115123126E-17));
#4073 = ORIENTED_EDGE('',*,*,#4074,.T.);
#4074 = EDGE_CURVE('',#4067,#4075,#4077,.T.);
#4075 = VERTEX_POINT('',#4076);
#4076 = CARTESIAN_POINT('',(6.348333333333,-3.81,0.5));
#4077 = LINE('',#4078,#4079);
#4078 = CARTESIAN_POINT('',(6.348333333333,-3.9325,0.3775));
#4079 = VECTOR('',#4080,1.);
#4080 = DIRECTION('',(-1.009534167956E-15,0.707106781187,0.707106781187)
  );
#4081 = ORIENTED_EDGE('',*,*,#4082,.T.);
#4082 = EDGE_CURVE('',#4075,#4003,#4083,.T.);
#4083 = LINE('',#4084,#4085);
#4084 = CARTESIAN_POINT('',(6.348333333333,-3.81,5.329070518201E-15));
#4085 = VECTOR('',#4086,1.);
#4086 = DIRECTION('',(-1.276756478319E-15,-1.110223024625E-16,1.));
#4087 = ORIENTED_EDGE('',*,*,#4002,.F.);
#4088 = PLANE('',#4089);
#4089 = AXIS2_PLACEMENT_3D('',#4090,#4091,#4092);
#4090 = CARTESIAN_POINT('',(6.348333333333,-5.08,1.78));
#4091 = DIRECTION('',(1.,5.551115123126E-17,1.483208063235E-15));
#4092 = DIRECTION('',(-1.483208063235E-15,-1.110223024625E-16,1.));
#4093 = ADVANCED_FACE('',(#4094),#4105,.F.);
#4094 = FACE_BOUND('',#4095,.F.);
#4095 = EDGE_LOOP('',(#4096,#4097,#4103,#4104));
#4096 = ORIENTED_EDGE('',*,*,#3978,.F.);
#4097 = ORIENTED_EDGE('',*,*,#4098,.T.);
#4098 = EDGE_CURVE('',#3971,#4075,#4099,.T.);
#4099 = LINE('',#4100,#4101);
#4100 = CARTESIAN_POINT('',(3.808333333333,-3.81,0.5));
#4101 = VECTOR('',#4102,1.);
#4102 = DIRECTION('',(1.,-7.395570986447E-32,1.387778780781E-15));
#4103 = ORIENTED_EDGE('',*,*,#4082,.T.);
#4104 = ORIENTED_EDGE('',*,*,#4010,.F.);
#4105 = PLANE('',#4106);
#4106 = AXIS2_PLACEMENT_3D('',#4107,#4108,#4109);
#4107 = CARTESIAN_POINT('',(3.808333333333,-3.81,1.33226762955E-15));
#4108 = DIRECTION('',(3.08148791102E-33,-1.,-5.551115123126E-17));
#4109 = DIRECTION('',(-1.33226762955E-15,-5.551115123126E-17,1.));
#4110 = ADVANCED_FACE('',(#4111),#4122,.F.);
#4111 = FACE_BOUND('',#4112,.F.);
#4112 = EDGE_LOOP('',(#4113,#4114,#4115,#4116));
#4113 = ORIENTED_EDGE('',*,*,#3946,.F.);
#4114 = ORIENTED_EDGE('',*,*,#4034,.T.);
#4115 = ORIENTED_EDGE('',*,*,#4050,.T.);
#4116 = ORIENTED_EDGE('',*,*,#4117,.F.);
#4117 = EDGE_CURVE('',#3947,#4051,#4118,.T.);
#4118 = LINE('',#4119,#4120);
#4119 = CARTESIAN_POINT('',(3.808333333333,-6.35,0.5));
#4120 = VECTOR('',#4121,1.);
#4121 = DIRECTION('',(1.,-7.395570986447E-32,1.387778780781E-15));
#4122 = PLANE('',#4123);
#4123 = AXIS2_PLACEMENT_3D('',#4124,#4125,#4126);
#4124 = CARTESIAN_POINT('',(3.808333333333,-6.35,3.56));
#4125 = DIRECTION('',(-3.08148791102E-33,1.,5.551115123126E-17));
#4126 = DIRECTION('',(1.33226762955E-15,5.551115123126E-17,-1.));
#4127 = ADVANCED_FACE('',(#4128),#4139,.T.);
#4128 = FACE_BOUND('',#4129,.F.);
#4129 = EDGE_LOOP('',(#4130,#4131,#4137,#4138));
#4130 = ORIENTED_EDGE('',*,*,#3970,.F.);
#4131 = ORIENTED_EDGE('',*,*,#4132,.T.);
#4132 = EDGE_CURVE('',#3963,#4067,#4133,.T.);
#4133 = LINE('',#4134,#4135);
#4134 = CARTESIAN_POINT('',(3.808333333333,-4.31,1.33226762955E-15));
#4135 = VECTOR('',#4136,1.);
#4136 = DIRECTION('',(1.,-7.395570986447E-32,1.387778780781E-15));
#4137 = ORIENTED_EDGE('',*,*,#4074,.T.);
#4138 = ORIENTED_EDGE('',*,*,#4098,.F.);
#4139 = PLANE('',#4140);
#4140 = AXIS2_PLACEMENT_3D('',#4141,#4142,#4143);
#4141 = CARTESIAN_POINT('',(3.808333333333,-4.06,0.25));
#4142 = DIRECTION('',(9.76836572753E-16,0.707106781187,-0.707106781187)
  );
#4143 = DIRECTION('',(-1.,-3.161625686162E-18,-1.384617155095E-15));
#4144 = ADVANCED_FACE('',(#4145),#4156,.T.);
#4145 = FACE_BOUND('',#4146,.F.);
#4146 = EDGE_LOOP('',(#4147,#4148,#4149,#4150));
#4147 = ORIENTED_EDGE('',*,*,#3954,.F.);
#4148 = ORIENTED_EDGE('',*,*,#4117,.T.);
#4149 = ORIENTED_EDGE('',*,*,#4058,.T.);
#4150 = ORIENTED_EDGE('',*,*,#4151,.F.);
#4151 = EDGE_CURVE('',#3955,#4059,#4152,.T.);
#4152 = LINE('',#4153,#4154);
#4153 = CARTESIAN_POINT('',(3.808333333333,-5.85,1.33226762955E-15));
#4154 = VECTOR('',#4155,1.);
#4155 = DIRECTION('',(1.,-7.395570986447E-32,1.387778780781E-15));
#4156 = PLANE('',#4157);
#4157 = AXIS2_PLACEMENT_3D('',#4158,#4159,#4160);
#4158 = CARTESIAN_POINT('',(3.808333333333,-6.1,0.25));
#4159 = DIRECTION('',(9.698803532443E-16,-0.707106781187,-0.707106781187
    ));
#4160 = DIRECTION('',(-1.,8.080415672182E-18,-1.379698365109E-15));
#4161 = ADVANCED_FACE('',(#4162),#4168,.F.);
#4162 = FACE_BOUND('',#4163,.F.);
#4163 = EDGE_LOOP('',(#4164,#4165,#4166,#4167));
#4164 = ORIENTED_EDGE('',*,*,#3962,.F.);
#4165 = ORIENTED_EDGE('',*,*,#4151,.T.);
#4166 = ORIENTED_EDGE('',*,*,#4066,.T.);
#4167 = ORIENTED_EDGE('',*,*,#4132,.F.);
#4168 = PLANE('',#4169);
#4169 = AXIS2_PLACEMENT_3D('',#4170,#4171,#4172);
#4170 = CARTESIAN_POINT('',(3.808333333333,-6.35,1.33226762955E-15));
#4171 = DIRECTION('',(-1.387778780781E-15,3.08148791102E-33,1.));
#4172 = DIRECTION('',(5.551115123126E-17,1.,7.395570986445E-32));
#4173 = MANIFOLD_SOLID_BREP('',#4174);
#4174 = CLOSED_SHELL('',(#4175,#4215,#4278,#4302,#4326,#4375,#4392,#4409
    ,#4426,#4443));
#4175 = ADVANCED_FACE('',(#4176),#4210,.F.);
#4176 = FACE_BOUND('',#4177,.F.);
#4177 = EDGE_LOOP('',(#4178,#4188,#4196,#4204));
#4178 = ORIENTED_EDGE('',*,*,#4179,.F.);
#4179 = EDGE_CURVE('',#4180,#4182,#4184,.T.);
#4180 = VERTEX_POINT('',#4181);
#4181 = CARTESIAN_POINT('',(3.808333333333,-6.85,3.56));
#4182 = VERTEX_POINT('',#4183);
#4183 = CARTESIAN_POINT('',(3.808333333333,-8.39,3.56));
#4184 = LINE('',#4185,#4186);
#4185 = CARTESIAN_POINT('',(3.808333333333,-6.35,3.56));
#4186 = VECTOR('',#4187,1.);
#4187 = DIRECTION('',(-1.110223024625E-16,-1.,5.551115123126E-17));
#4188 = ORIENTED_EDGE('',*,*,#4189,.T.);
#4189 = EDGE_CURVE('',#4180,#4190,#4192,.T.);
#4190 = VERTEX_POINT('',#4191);
#4191 = CARTESIAN_POINT('',(6.348333333333,-6.85,3.56));
#4192 = LINE('',#4193,#4194);
#4193 = CARTESIAN_POINT('',(3.808333333333,-6.85,3.56));
#4194 = VECTOR('',#4195,1.);
#4195 = DIRECTION('',(1.,-7.395570986447E-32,1.387778780781E-15));
#4196 = ORIENTED_EDGE('',*,*,#4197,.T.);
#4197 = EDGE_CURVE('',#4190,#4198,#4200,.T.);
#4198 = VERTEX_POINT('',#4199);
#4199 = CARTESIAN_POINT('',(6.348333333333,-8.39,3.56));
#4200 = LINE('',#4201,#4202);
#4201 = CARTESIAN_POINT('',(6.348333333333,-6.35,3.56));
#4202 = VECTOR('',#4203,1.);
#4203 = DIRECTION('',(-1.110223024625E-16,-1.,5.551115123126E-17));
#4204 = ORIENTED_EDGE('',*,*,#4205,.F.);
#4205 = EDGE_CURVE('',#4182,#4198,#4206,.T.);
#4206 = LINE('',#4207,#4208);
#4207 = CARTESIAN_POINT('',(3.808333333333,-8.39,3.56));
#4208 = VECTOR('',#4209,1.);
#4209 = DIRECTION('',(1.,-7.395570986447E-32,1.387778780781E-15));
#4210 = PLANE('',#4211);
#4211 = AXIS2_PLACEMENT_3D('',#4212,#4213,#4214);
#4212 = CARTESIAN_POINT('',(3.808333333333,-6.35,3.56));
#4213 = DIRECTION('',(1.387778780781E-15,-3.08148791102E-33,-1.));
#4214 = DIRECTION('',(-5.551115123126E-17,-1.,-7.395570986445E-32));
#4215 = ADVANCED_FACE('',(#4216),#4273,.F.);
#4216 = FACE_BOUND('',#4217,.F.);
#4217 = EDGE_LOOP('',(#4218,#4219,#4227,#4235,#4243,#4251,#4259,#4267));
#4218 = ORIENTED_EDGE('',*,*,#4179,.T.);
#4219 = ORIENTED_EDGE('',*,*,#4220,.T.);
#4220 = EDGE_CURVE('',#4182,#4221,#4223,.T.);
#4221 = VERTEX_POINT('',#4222);
#4222 = CARTESIAN_POINT('',(3.808333333333,-8.89,3.06));
#4223 = LINE('',#4224,#4225);
#4224 = CARTESIAN_POINT('',(3.808333333333,-8.7675,3.1825));
#4225 = VECTOR('',#4226,1.);
#4226 = DIRECTION('',(1.009534167956E-15,-0.707106781187,-0.707106781187
    ));
#4227 = ORIENTED_EDGE('',*,*,#4228,.T.);
#4228 = EDGE_CURVE('',#4221,#4229,#4231,.T.);
#4229 = VERTEX_POINT('',#4230);
#4230 = CARTESIAN_POINT('',(3.808333333333,-8.89,0.5));
#4231 = LINE('',#4232,#4233);
#4232 = CARTESIAN_POINT('',(3.808333333333,-8.89,3.56));
#4233 = VECTOR('',#4234,1.);
#4234 = DIRECTION('',(1.276756478319E-15,1.110223024625E-16,-1.));
#4235 = ORIENTED_EDGE('',*,*,#4236,.T.);
#4236 = EDGE_CURVE('',#4229,#4237,#4239,.T.);
#4237 = VERTEX_POINT('',#4238);
#4238 = CARTESIAN_POINT('',(3.808333333333,-8.39,1.7763568394E-15));
#4239 = LINE('',#4240,#4241);
#4240 = CARTESIAN_POINT('',(3.808333333333,-8.7675,0.3775));
#4241 = VECTOR('',#4242,1.);
#4242 = DIRECTION('',(1.009534167956E-15,0.707106781187,-0.707106781187)
  );
#4243 = ORIENTED_EDGE('',*,*,#4244,.T.);
#4244 = EDGE_CURVE('',#4237,#4245,#4247,.T.);
#4245 = VERTEX_POINT('',#4246);
#4246 = CARTESIAN_POINT('',(3.808333333333,-6.85,1.33226762955E-15));
#4247 = LINE('',#4248,#4249);
#4248 = CARTESIAN_POINT('',(3.808333333333,-8.89,1.543672597156E-15));
#4249 = VECTOR('',#4250,1.);
#4250 = DIRECTION('',(1.110223024625E-16,1.,-5.551115123126E-17));
#4251 = ORIENTED_EDGE('',*,*,#4252,.T.);
#4252 = EDGE_CURVE('',#4245,#4253,#4255,.T.);
#4253 = VERTEX_POINT('',#4254);
#4254 = CARTESIAN_POINT('',(3.808333333333,-6.35,0.5));
#4255 = LINE('',#4256,#4257);
#4256 = CARTESIAN_POINT('',(3.808333333333,-6.4725,0.3775));
#4257 = VECTOR('',#4258,1.);
#4258 = DIRECTION('',(-1.009534167956E-15,0.707106781187,0.707106781187)
  );
#4259 = ORIENTED_EDGE('',*,*,#4260,.T.);
#4260 = EDGE_CURVE('',#4253,#4261,#4263,.T.);
#4261 = VERTEX_POINT('',#4262);
#4262 = CARTESIAN_POINT('',(3.808333333333,-6.35,3.06));
#4263 = LINE('',#4264,#4265);
#4264 = CARTESIAN_POINT('',(3.808333333333,-6.35,1.543672597156E-15));
#4265 = VECTOR('',#4266,1.);
#4266 = DIRECTION('',(-1.276756478319E-15,-1.110223024625E-16,1.));
#4267 = ORIENTED_EDGE('',*,*,#4268,.F.);
#4268 = EDGE_CURVE('',#4180,#4261,#4269,.T.);
#4269 = LINE('',#4270,#4271);
#4270 = CARTESIAN_POINT('',(3.808333333333,-6.4725,3.1825));
#4271 = VECTOR('',#4272,1.);
#4272 = DIRECTION('',(1.009534167956E-15,0.707106781187,-0.707106781187)
  );
#4273 = PLANE('',#4274);
#4274 = AXIS2_PLACEMENT_3D('',#4275,#4276,#4277);
#4275 = CARTESIAN_POINT('',(3.808333333333,-7.62,1.78));
#4276 = DIRECTION('',(1.,5.551115123126E-17,1.483208063235E-15));
#4277 = DIRECTION('',(-1.483208063235E-15,-1.110223024625E-16,1.));
#4278 = ADVANCED_FACE('',(#4279),#4297,.T.);
#4279 = FACE_BOUND('',#4280,.T.);
#4280 = EDGE_LOOP('',(#4281,#4282,#4283,#4291));
#4281 = ORIENTED_EDGE('',*,*,#4268,.F.);
#4282 = ORIENTED_EDGE('',*,*,#4189,.T.);
#4283 = ORIENTED_EDGE('',*,*,#4284,.T.);
#4284 = EDGE_CURVE('',#4190,#4285,#4287,.T.);
#4285 = VERTEX_POINT('',#4286);
#4286 = CARTESIAN_POINT('',(6.348333333333,-6.35,3.06));
#4287 = LINE('',#4288,#4289);
#4288 = CARTESIAN_POINT('',(6.348333333333,-6.4725,3.1825));
#4289 = VECTOR('',#4290,1.);
#4290 = DIRECTION('',(1.009534167956E-15,0.707106781187,-0.707106781187)
  );
#4291 = ORIENTED_EDGE('',*,*,#4292,.F.);
#4292 = EDGE_CURVE('',#4261,#4285,#4293,.T.);
#4293 = LINE('',#4294,#4295);
#4294 = CARTESIAN_POINT('',(3.808333333333,-6.35,3.06));
#4295 = VECTOR('',#4296,1.);
#4296 = DIRECTION('',(1.,-7.395570986447E-32,1.387778780781E-15));
#4297 = PLANE('',#4298);
#4298 = AXIS2_PLACEMENT_3D('',#4299,#4300,#4301);
#4299 = CARTESIAN_POINT('',(3.808333333333,-6.6,3.31));
#4300 = DIRECTION('',(-9.76836572753E-16,0.707106781187,0.707106781187)
  );
#4301 = DIRECTION('',(1.,-3.161625686162E-18,1.384617155095E-15));
#4302 = ADVANCED_FACE('',(#4303),#4321,.T.);
#4303 = FACE_BOUND('',#4304,.F.);
#4304 = EDGE_LOOP('',(#4305,#4306,#4307,#4315));
#4305 = ORIENTED_EDGE('',*,*,#4220,.F.);
#4306 = ORIENTED_EDGE('',*,*,#4205,.T.);
#4307 = ORIENTED_EDGE('',*,*,#4308,.T.);
#4308 = EDGE_CURVE('',#4198,#4309,#4311,.T.);
#4309 = VERTEX_POINT('',#4310);
#4310 = CARTESIAN_POINT('',(6.348333333333,-8.89,3.06));
#4311 = LINE('',#4312,#4313);
#4312 = CARTESIAN_POINT('',(6.348333333333,-8.7675,3.1825));
#4313 = VECTOR('',#4314,1.);
#4314 = DIRECTION('',(1.009534167956E-15,-0.707106781187,-0.707106781187
    ));
#4315 = ORIENTED_EDGE('',*,*,#4316,.F.);
#4316 = EDGE_CURVE('',#4221,#4309,#4317,.T.);
#4317 = LINE('',#4318,#4319);
#4318 = CARTESIAN_POINT('',(3.808333333333,-8.89,3.06));
#4319 = VECTOR('',#4320,1.);
#4320 = DIRECTION('',(1.,-7.395570986447E-32,1.387778780781E-15));
#4321 = PLANE('',#4322);
#4322 = AXIS2_PLACEMENT_3D('',#4323,#4324,#4325);
#4323 = CARTESIAN_POINT('',(3.808333333333,-8.64,3.31));
#4324 = DIRECTION('',(-9.698803532443E-16,-0.707106781187,0.707106781187
    ));
#4325 = DIRECTION('',(-1.,-8.080415672182E-18,-1.379698365109E-15));
#4326 = ADVANCED_FACE('',(#4327),#4370,.T.);
#4327 = FACE_BOUND('',#4328,.T.);
#4328 = EDGE_LOOP('',(#4329,#4330,#4331,#4339,#4347,#4355,#4363,#4369));
#4329 = ORIENTED_EDGE('',*,*,#4197,.T.);
#4330 = ORIENTED_EDGE('',*,*,#4308,.T.);
#4331 = ORIENTED_EDGE('',*,*,#4332,.T.);
#4332 = EDGE_CURVE('',#4309,#4333,#4335,.T.);
#4333 = VERTEX_POINT('',#4334);
#4334 = CARTESIAN_POINT('',(6.348333333333,-8.89,0.5));
#4335 = LINE('',#4336,#4337);
#4336 = CARTESIAN_POINT('',(6.348333333333,-8.89,3.56));
#4337 = VECTOR('',#4338,1.);
#4338 = DIRECTION('',(1.276756478319E-15,1.110223024625E-16,-1.));
#4339 = ORIENTED_EDGE('',*,*,#4340,.T.);
#4340 = EDGE_CURVE('',#4333,#4341,#4343,.T.);
#4341 = VERTEX_POINT('',#4342);
#4342 = CARTESIAN_POINT('',(6.348333333333,-8.39,4.884981308351E-15));
#4343 = LINE('',#4344,#4345);
#4344 = CARTESIAN_POINT('',(6.348333333333,-8.7675,0.3775));
#4345 = VECTOR('',#4346,1.);
#4346 = DIRECTION('',(1.009534167956E-15,0.707106781187,-0.707106781187)
  );
#4347 = ORIENTED_EDGE('',*,*,#4348,.T.);
#4348 = EDGE_CURVE('',#4341,#4349,#4351,.T.);
#4349 = VERTEX_POINT('',#4350);
#4350 = CARTESIAN_POINT('',(6.348333333333,-6.85,4.884981308351E-15));
#4351 = LINE('',#4352,#4353);
#4352 = CARTESIAN_POINT('',(6.348333333333,-8.89,5.329070518201E-15));
#4353 = VECTOR('',#4354,1.);
#4354 = DIRECTION('',(1.110223024625E-16,1.,-5.551115123126E-17));
#4355 = ORIENTED_EDGE('',*,*,#4356,.T.);
#4356 = EDGE_CURVE('',#4349,#4357,#4359,.T.);
#4357 = VERTEX_POINT('',#4358);
#4358 = CARTESIAN_POINT('',(6.348333333333,-6.35,0.5));
#4359 = LINE('',#4360,#4361);
#4360 = CARTESIAN_POINT('',(6.348333333333,-6.4725,0.3775));
#4361 = VECTOR('',#4362,1.);
#4362 = DIRECTION('',(-1.009534167956E-15,0.707106781187,0.707106781187)
  );
#4363 = ORIENTED_EDGE('',*,*,#4364,.T.);
#4364 = EDGE_CURVE('',#4357,#4285,#4365,.T.);
#4365 = LINE('',#4366,#4367);
#4366 = CARTESIAN_POINT('',(6.348333333333,-6.35,5.329070518201E-15));
#4367 = VECTOR('',#4368,1.);
#4368 = DIRECTION('',(-1.276756478319E-15,-1.110223024625E-16,1.));
#4369 = ORIENTED_EDGE('',*,*,#4284,.F.);
#4370 = PLANE('',#4371);
#4371 = AXIS2_PLACEMENT_3D('',#4372,#4373,#4374);
#4372 = CARTESIAN_POINT('',(6.348333333333,-7.62,1.78));
#4373 = DIRECTION('',(1.,5.551115123126E-17,1.483208063235E-15));
#4374 = DIRECTION('',(-1.483208063235E-15,-1.110223024625E-16,1.));
#4375 = ADVANCED_FACE('',(#4376),#4387,.F.);
#4376 = FACE_BOUND('',#4377,.F.);
#4377 = EDGE_LOOP('',(#4378,#4379,#4385,#4386));
#4378 = ORIENTED_EDGE('',*,*,#4260,.F.);
#4379 = ORIENTED_EDGE('',*,*,#4380,.T.);
#4380 = EDGE_CURVE('',#4253,#4357,#4381,.T.);
#4381 = LINE('',#4382,#4383);
#4382 = CARTESIAN_POINT('',(3.808333333333,-6.35,0.5));
#4383 = VECTOR('',#4384,1.);
#4384 = DIRECTION('',(1.,-7.395570986447E-32,1.387778780781E-15));
#4385 = ORIENTED_EDGE('',*,*,#4364,.T.);
#4386 = ORIENTED_EDGE('',*,*,#4292,.F.);
#4387 = PLANE('',#4388);
#4388 = AXIS2_PLACEMENT_3D('',#4389,#4390,#4391);
#4389 = CARTESIAN_POINT('',(3.808333333333,-6.35,1.33226762955E-15));
#4390 = DIRECTION('',(3.08148791102E-33,-1.,-5.551115123126E-17));
#4391 = DIRECTION('',(-1.33226762955E-15,-5.551115123126E-17,1.));
#4392 = ADVANCED_FACE('',(#4393),#4404,.F.);
#4393 = FACE_BOUND('',#4394,.F.);
#4394 = EDGE_LOOP('',(#4395,#4396,#4397,#4398));
#4395 = ORIENTED_EDGE('',*,*,#4228,.F.);
#4396 = ORIENTED_EDGE('',*,*,#4316,.T.);
#4397 = ORIENTED_EDGE('',*,*,#4332,.T.);
#4398 = ORIENTED_EDGE('',*,*,#4399,.F.);
#4399 = EDGE_CURVE('',#4229,#4333,#4400,.T.);
#4400 = LINE('',#4401,#4402);
#4401 = CARTESIAN_POINT('',(3.808333333333,-8.89,0.5));
#4402 = VECTOR('',#4403,1.);
#4403 = DIRECTION('',(1.,-7.395570986447E-32,1.387778780781E-15));
#4404 = PLANE('',#4405);
#4405 = AXIS2_PLACEMENT_3D('',#4406,#4407,#4408);
#4406 = CARTESIAN_POINT('',(3.808333333333,-8.89,3.56));
#4407 = DIRECTION('',(-3.08148791102E-33,1.,5.551115123126E-17));
#4408 = DIRECTION('',(1.33226762955E-15,5.551115123126E-17,-1.));
#4409 = ADVANCED_FACE('',(#4410),#4421,.T.);
#4410 = FACE_BOUND('',#4411,.F.);
#4411 = EDGE_LOOP('',(#4412,#4413,#4419,#4420));
#4412 = ORIENTED_EDGE('',*,*,#4252,.F.);
#4413 = ORIENTED_EDGE('',*,*,#4414,.T.);
#4414 = EDGE_CURVE('',#4245,#4349,#4415,.T.);
#4415 = LINE('',#4416,#4417);
#4416 = CARTESIAN_POINT('',(3.808333333333,-6.85,1.33226762955E-15));
#4417 = VECTOR('',#4418,1.);
#4418 = DIRECTION('',(1.,-7.395570986447E-32,1.387778780781E-15));
#4419 = ORIENTED_EDGE('',*,*,#4356,.T.);
#4420 = ORIENTED_EDGE('',*,*,#4380,.F.);
#4421 = PLANE('',#4422);
#4422 = AXIS2_PLACEMENT_3D('',#4423,#4424,#4425);
#4423 = CARTESIAN_POINT('',(3.808333333333,-6.6,0.25));
#4424 = DIRECTION('',(9.76836572753E-16,0.707106781187,-0.707106781187)
  );
#4425 = DIRECTION('',(-1.,-3.161625686162E-18,-1.384617155095E-15));
#4426 = ADVANCED_FACE('',(#4427),#4438,.T.);
#4427 = FACE_BOUND('',#4428,.F.);
#4428 = EDGE_LOOP('',(#4429,#4430,#4431,#4432));
#4429 = ORIENTED_EDGE('',*,*,#4236,.F.);
#4430 = ORIENTED_EDGE('',*,*,#4399,.T.);
#4431 = ORIENTED_EDGE('',*,*,#4340,.T.);
#4432 = ORIENTED_EDGE('',*,*,#4433,.F.);
#4433 = EDGE_CURVE('',#4237,#4341,#4434,.T.);
#4434 = LINE('',#4435,#4436);
#4435 = CARTESIAN_POINT('',(3.808333333333,-8.39,1.33226762955E-15));
#4436 = VECTOR('',#4437,1.);
#4437 = DIRECTION('',(1.,-7.395570986447E-32,1.387778780781E-15));
#4438 = PLANE('',#4439);
#4439 = AXIS2_PLACEMENT_3D('',#4440,#4441,#4442);
#4440 = CARTESIAN_POINT('',(3.808333333333,-8.64,0.25));
#4441 = DIRECTION('',(9.698803532443E-16,-0.707106781187,-0.707106781187
    ));
#4442 = DIRECTION('',(-1.,8.080415672182E-18,-1.379698365109E-15));
#4443 = ADVANCED_FACE('',(#4444),#4450,.F.);
#4444 = FACE_BOUND('',#4445,.F.);
#4445 = EDGE_LOOP('',(#4446,#4447,#4448,#4449));
#4446 = ORIENTED_EDGE('',*,*,#4244,.F.);
#4447 = ORIENTED_EDGE('',*,*,#4433,.T.);
#4448 = ORIENTED_EDGE('',*,*,#4348,.T.);
#4449 = ORIENTED_EDGE('',*,*,#4414,.F.);
#4450 = PLANE('',#4451);
#4451 = AXIS2_PLACEMENT_3D('',#4452,#4453,#4454);
#4452 = CARTESIAN_POINT('',(3.808333333333,-8.89,1.33226762955E-15));
#4453 = DIRECTION('',(-1.387778780781E-15,3.08148791102E-33,1.));
#4454 = DIRECTION('',(5.551115123126E-17,1.,7.395570986445E-32));
#4455 = ( GEOMETRIC_REPRESENTATION_CONTEXT(3) 
GLOBAL_UNCERTAINTY_ASSIGNED_CONTEXT((#4459)) 
GLOBAL_UNIT_ASSIGNED_CONTEXT((#4456,#4457,#4458)) REPRESENTATION_CONTEXT
('Context #1','3D Context with UNIT and UNCERTAINTY') );
#4456 = ( LENGTH_UNIT() NAMED_UNIT(*) SI_UNIT(.MILLI.,.METRE.) );
#4457 = ( NAMED_UNIT(*) PLANE_ANGLE_UNIT() SI_UNIT($,.RADIAN.) );
#4458 = ( NAMED_UNIT(*) SI_UNIT($,.STERADIAN.) SOLID_ANGLE_UNIT() );
#4459 = UNCERTAINTY_MEASURE_WITH_UNIT(LENGTH_MEASURE(1.E-07),#4456,
  'distance_accuracy_value','confusion accuracy');
#4460 = CONTEXT_DEPENDENT_SHAPE_REPRESENTATION(#4461,#4463);
#4461 = ( REPRESENTATION_RELATIONSHIP('','',#3326,#72) 
REPRESENTATION_RELATIONSHIP_WITH_TRANSFORMATION(#4462) 
SHAPE_REPRESENTATION_RELATIONSHIP() );
#4462 = ITEM_DEFINED_TRANSFORMATION('','',#11,#77);
#4463 = PRODUCT_DEFINITION_SHAPE('Placement','Placement of an item',
  #4464);
#4464 = NEXT_ASSEMBLY_USAGE_OCCURRENCE('2','','',#67,#3321,$);
#4465 = PRODUCT_RELATED_PRODUCT_CATEGORY('part',$,(#3323));
#4466 = SHAPE_DEFINITION_REPRESENTATION(#4467,#4473);
#4467 = PRODUCT_DEFINITION_SHAPE('','',#4468);
#4468 = PRODUCT_DEFINITION('design','',#4469,#4472);
#4469 = PRODUCT_DEFINITION_FORMATION('','',#4470);
#4470 = PRODUCT('Resistor-1206','Resistor-1206','',(#4471));
#4471 = PRODUCT_CONTEXT('',#2,'mechanical');
#4472 = PRODUCT_DEFINITION_CONTEXT('part definition',#2,'design');
#4473 = SHAPE_REPRESENTATION('',(#11,#4474,#4478,#4482,#4486),#4490);
#4474 = AXIS2_PLACEMENT_3D('',#4475,#4476,#4477);
#4475 = CARTESIAN_POINT('',(0.,0.,0.));
#4476 = DIRECTION('',(0.,0.,1.));
#4477 = DIRECTION('',(1.,0.,0.));
#4478 = AXIS2_PLACEMENT_3D('',#4479,#4480,#4481);
#4479 = CARTESIAN_POINT('',(0.,0.,0.));
#4480 = DIRECTION('',(0.,0.,1.));
#4481 = DIRECTION('',(1.,0.,0.));
#4482 = AXIS2_PLACEMENT_3D('',#4483,#4484,#4485);
#4483 = CARTESIAN_POINT('',(0.,0.,0.));
#4484 = DIRECTION('',(0.,0.,1.));
#4485 = DIRECTION('',(1.,0.,0.));
#4486 = AXIS2_PLACEMENT_3D('',#4487,#4488,#4489);
#4487 = CARTESIAN_POINT('',(0.,0.,0.));
#4488 = DIRECTION('',(0.,0.,1.));
#4489 = DIRECTION('',(1.,0.,0.));
#4490 = ( GEOMETRIC_REPRESENTATION_CONTEXT(3) 
GLOBAL_UNCERTAINTY_ASSIGNED_CONTEXT((#4494)) 
GLOBAL_UNIT_ASSIGNED_CONTEXT((#4491,#4492,#4493)) REPRESENTATION_CONTEXT
('Context #1','3D Context with UNIT and UNCERTAINTY') );
#4491 = ( LENGTH_UNIT() NAMED_UNIT(*) SI_UNIT(.MILLI.,.METRE.) );
#4492 = ( NAMED_UNIT(*) PLANE_ANGLE_UNIT() SI_UNIT($,.RADIAN.) );
#4493 = ( NAMED_UNIT(*) SI_UNIT($,.STERADIAN.) SOLID_ANGLE_UNIT() );
#4494 = UNCERTAINTY_MEASURE_WITH_UNIT(LENGTH_MEASURE(1.E-07),#4491,
  'distance_accuracy_value','confusion accuracy');
#4495 = CONTEXT_DEPENDENT_SHAPE_REPRESENTATION(#4496,#4498);
#4496 = ( REPRESENTATION_RELATIONSHIP('','',#4473,#10) 
REPRESENTATION_RELATIONSHIP_WITH_TRANSFORMATION(#4497) 
SHAPE_REPRESENTATION_RELATIONSHIP() );
#4497 = ITEM_DEFINED_TRANSFORMATION('','',#11,#19);
#4498 = PRODUCT_DEFINITION_SHAPE('Placement','Placement of an item',
  #4499);
#4499 = NEXT_ASSEMBLY_USAGE_OCCURRENCE('8','R2','',#5,#4468,$);
#4500 = PRODUCT_RELATED_PRODUCT_CATEGORY('part',$,(#4470));
#4501 = SHAPE_DEFINITION_REPRESENTATION(#4502,#4508);
#4502 = PRODUCT_DEFINITION_SHAPE('','',#4503);
#4503 = PRODUCT_DEFINITION('design','',#4504,#4507);
#4504 = PRODUCT_DEFINITION_FORMATION('','',#4505);
#4505 = PRODUCT('Ceramic','Ceramic','',(#4506));
#4506 = PRODUCT_CONTEXT('',#2,'mechanical');
#4507 = PRODUCT_DEFINITION_CONTEXT('part definition',#2,'design');
#4508 = ADVANCED_BREP_SHAPE_REPRESENTATION('',(#11,#4509),#4659);
#4509 = MANIFOLD_SOLID_BREP('',#4510);
#4510 = CLOSED_SHELL('',(#4511,#4551,#4582,#4613,#4635,#4647));
#4511 = ADVANCED_FACE('',(#4512),#4546,.F.);
#4512 = FACE_BOUND('',#4513,.F.);
#4513 = EDGE_LOOP('',(#4514,#4524,#4532,#4540));
#4514 = ORIENTED_EDGE('',*,*,#4515,.T.);
#4515 = EDGE_CURVE('',#4516,#4518,#4520,.T.);
#4516 = VERTEX_POINT('',#4517);
#4517 = CARTESIAN_POINT('',(-0.8,1.45,0.1));
#4518 = VERTEX_POINT('',#4519);
#4519 = CARTESIAN_POINT('',(-0.8,1.45,0.45));
#4520 = LINE('',#4521,#4522);
#4521 = CARTESIAN_POINT('',(-0.8,1.45,0.1));
#4522 = VECTOR('',#4523,1.);
#4523 = DIRECTION('',(0.,0.,1.));
#4524 = ORIENTED_EDGE('',*,*,#4525,.T.);
#4525 = EDGE_CURVE('',#4518,#4526,#4528,.T.);
#4526 = VERTEX_POINT('',#4527);
#4527 = CARTESIAN_POINT('',(-0.8,-1.45,0.45));
#4528 = LINE('',#4529,#4530);
#4529 = CARTESIAN_POINT('',(-0.8,1.45,0.45));
#4530 = VECTOR('',#4531,1.);
#4531 = DIRECTION('',(0.,-1.,0.));
#4532 = ORIENTED_EDGE('',*,*,#4533,.F.);
#4533 = EDGE_CURVE('',#4534,#4526,#4536,.T.);
#4534 = VERTEX_POINT('',#4535);
#4535 = CARTESIAN_POINT('',(-0.8,-1.45,0.1));
#4536 = LINE('',#4537,#4538);
#4537 = CARTESIAN_POINT('',(-0.8,-1.45,0.1));
#4538 = VECTOR('',#4539,1.);
#4539 = DIRECTION('',(0.,0.,1.));
#4540 = ORIENTED_EDGE('',*,*,#4541,.F.);
#4541 = EDGE_CURVE('',#4516,#4534,#4542,.T.);
#4542 = LINE('',#4543,#4544);
#4543 = CARTESIAN_POINT('',(-0.8,1.45,0.1));
#4544 = VECTOR('',#4545,1.);
#4545 = DIRECTION('',(0.,-1.,0.));
#4546 = PLANE('',#4547);
#4547 = AXIS2_PLACEMENT_3D('',#4548,#4549,#4550);
#4548 = CARTESIAN_POINT('',(-0.8,1.45,0.1));
#4549 = DIRECTION('',(1.,0.,0.));
#4550 = DIRECTION('',(0.,-1.,0.));
#4551 = ADVANCED_FACE('',(#4552),#4577,.F.);
#4552 = FACE_BOUND('',#4553,.F.);
#4553 = EDGE_LOOP('',(#4554,#4555,#4563,#4571));
#4554 = ORIENTED_EDGE('',*,*,#4533,.T.);
#4555 = ORIENTED_EDGE('',*,*,#4556,.T.);
#4556 = EDGE_CURVE('',#4526,#4557,#4559,.T.);
#4557 = VERTEX_POINT('',#4558);
#4558 = CARTESIAN_POINT('',(0.8,-1.45,0.45));
#4559 = LINE('',#4560,#4561);
#4560 = CARTESIAN_POINT('',(-0.8,-1.45,0.45));
#4561 = VECTOR('',#4562,1.);
#4562 = DIRECTION('',(1.,0.,0.));
#4563 = ORIENTED_EDGE('',*,*,#4564,.F.);
#4564 = EDGE_CURVE('',#4565,#4557,#4567,.T.);
#4565 = VERTEX_POINT('',#4566);
#4566 = CARTESIAN_POINT('',(0.8,-1.45,0.1));
#4567 = LINE('',#4568,#4569);
#4568 = CARTESIAN_POINT('',(0.8,-1.45,0.1));
#4569 = VECTOR('',#4570,1.);
#4570 = DIRECTION('',(0.,0.,1.));
#4571 = ORIENTED_EDGE('',*,*,#4572,.F.);
#4572 = EDGE_CURVE('',#4534,#4565,#4573,.T.);
#4573 = LINE('',#4574,#4575);
#4574 = CARTESIAN_POINT('',(-0.8,-1.45,0.1));
#4575 = VECTOR('',#4576,1.);
#4576 = DIRECTION('',(1.,0.,0.));
#4577 = PLANE('',#4578);
#4578 = AXIS2_PLACEMENT_3D('',#4579,#4580,#4581);
#4579 = CARTESIAN_POINT('',(-0.8,-1.45,0.1));
#4580 = DIRECTION('',(0.,1.,0.));
#4581 = DIRECTION('',(1.,0.,0.));
#4582 = ADVANCED_FACE('',(#4583),#4608,.F.);
#4583 = FACE_BOUND('',#4584,.F.);
#4584 = EDGE_LOOP('',(#4585,#4586,#4594,#4602));
#4585 = ORIENTED_EDGE('',*,*,#4564,.T.);
#4586 = ORIENTED_EDGE('',*,*,#4587,.T.);
#4587 = EDGE_CURVE('',#4557,#4588,#4590,.T.);
#4588 = VERTEX_POINT('',#4589);
#4589 = CARTESIAN_POINT('',(0.8,1.45,0.45));
#4590 = LINE('',#4591,#4592);
#4591 = CARTESIAN_POINT('',(0.8,-1.45,0.45));
#4592 = VECTOR('',#4593,1.);
#4593 = DIRECTION('',(0.,1.,0.));
#4594 = ORIENTED_EDGE('',*,*,#4595,.F.);
#4595 = EDGE_CURVE('',#4596,#4588,#4598,.T.);
#4596 = VERTEX_POINT('',#4597);
#4597 = CARTESIAN_POINT('',(0.8,1.45,0.1));
#4598 = LINE('',#4599,#4600);
#4599 = CARTESIAN_POINT('',(0.8,1.45,0.1));
#4600 = VECTOR('',#4601,1.);
#4601 = DIRECTION('',(0.,0.,1.));
#4602 = ORIENTED_EDGE('',*,*,#4603,.F.);
#4603 = EDGE_CURVE('',#4565,#4596,#4604,.T.);
#4604 = LINE('',#4605,#4606);
#4605 = CARTESIAN_POINT('',(0.8,-1.45,0.1));
#4606 = VECTOR('',#4607,1.);
#4607 = DIRECTION('',(0.,1.,0.));
#4608 = PLANE('',#4609);
#4609 = AXIS2_PLACEMENT_3D('',#4610,#4611,#4612);
#4610 = CARTESIAN_POINT('',(0.8,-1.45,0.1));
#4611 = DIRECTION('',(-1.,0.,0.));
#4612 = DIRECTION('',(0.,1.,0.));
#4613 = ADVANCED_FACE('',(#4614),#4630,.F.);
#4614 = FACE_BOUND('',#4615,.F.);
#4615 = EDGE_LOOP('',(#4616,#4617,#4623,#4624));
#4616 = ORIENTED_EDGE('',*,*,#4595,.T.);
#4617 = ORIENTED_EDGE('',*,*,#4618,.T.);
#4618 = EDGE_CURVE('',#4588,#4518,#4619,.T.);
#4619 = LINE('',#4620,#4621);
#4620 = CARTESIAN_POINT('',(0.8,1.45,0.45));
#4621 = VECTOR('',#4622,1.);
#4622 = DIRECTION('',(-1.,0.,0.));
#4623 = ORIENTED_EDGE('',*,*,#4515,.F.);
#4624 = ORIENTED_EDGE('',*,*,#4625,.F.);
#4625 = EDGE_CURVE('',#4596,#4516,#4626,.T.);
#4626 = LINE('',#4627,#4628);
#4627 = CARTESIAN_POINT('',(0.8,1.45,0.1));
#4628 = VECTOR('',#4629,1.);
#4629 = DIRECTION('',(-1.,0.,0.));
#4630 = PLANE('',#4631);
#4631 = AXIS2_PLACEMENT_3D('',#4632,#4633,#4634);
#4632 = CARTESIAN_POINT('',(0.8,1.45,0.1));
#4633 = DIRECTION('',(0.,-1.,0.));
#4634 = DIRECTION('',(-1.,0.,0.));
#4635 = ADVANCED_FACE('',(#4636),#4642,.F.);
#4636 = FACE_BOUND('',#4637,.F.);
#4637 = EDGE_LOOP('',(#4638,#4639,#4640,#4641));
#4638 = ORIENTED_EDGE('',*,*,#4541,.T.);
#4639 = ORIENTED_EDGE('',*,*,#4572,.T.);
#4640 = ORIENTED_EDGE('',*,*,#4603,.T.);
#4641 = ORIENTED_EDGE('',*,*,#4625,.T.);
#4642 = PLANE('',#4643);
#4643 = AXIS2_PLACEMENT_3D('',#4644,#4645,#4646);
#4644 = CARTESIAN_POINT('',(0.,5.E-17,0.1));
#4645 = DIRECTION('',(0.,0.,1.));
#4646 = DIRECTION('',(1.,0.,-0.));
#4647 = ADVANCED_FACE('',(#4648),#4654,.T.);
#4648 = FACE_BOUND('',#4649,.T.);
#4649 = EDGE_LOOP('',(#4650,#4651,#4652,#4653));
#4650 = ORIENTED_EDGE('',*,*,#4525,.T.);
#4651 = ORIENTED_EDGE('',*,*,#4556,.T.);
#4652 = ORIENTED_EDGE('',*,*,#4587,.T.);
#4653 = ORIENTED_EDGE('',*,*,#4618,.T.);
#4654 = PLANE('',#4655);
#4655 = AXIS2_PLACEMENT_3D('',#4656,#4657,#4658);
#4656 = CARTESIAN_POINT('',(0.,5.E-17,0.45));
#4657 = DIRECTION('',(0.,0.,1.));
#4658 = DIRECTION('',(1.,0.,-0.));
#4659 = ( GEOMETRIC_REPRESENTATION_CONTEXT(3) 
GLOBAL_UNCERTAINTY_ASSIGNED_CONTEXT((#4663)) 
GLOBAL_UNIT_ASSIGNED_CONTEXT((#4660,#4661,#4662)) REPRESENTATION_CONTEXT
('Context #1','3D Context with UNIT and UNCERTAINTY') );
#4660 = ( LENGTH_UNIT() NAMED_UNIT(*) SI_UNIT(.MILLI.,.METRE.) );
#4661 = ( NAMED_UNIT(*) PLANE_ANGLE_UNIT() SI_UNIT($,.RADIAN.) );
#4662 = ( NAMED_UNIT(*) SI_UNIT($,.STERADIAN.) SOLID_ANGLE_UNIT() );
#4663 = UNCERTAINTY_MEASURE_WITH_UNIT(LENGTH_MEASURE(1.E-07),#4660,
  'distance_accuracy_value','confusion accuracy');
#4664 = CONTEXT_DEPENDENT_SHAPE_REPRESENTATION(#4665,#4667);
#4665 = ( REPRESENTATION_RELATIONSHIP('','',#4508,#4473) 
REPRESENTATION_RELATIONSHIP_WITH_TRANSFORMATION(#4666) 
SHAPE_REPRESENTATION_RELATIONSHIP() );
#4666 = ITEM_DEFINED_TRANSFORMATION('','',#11,#4474);
#4667 = PRODUCT_DEFINITION_SHAPE('Placement','Placement of an item',
  #4668);
#4668 = NEXT_ASSEMBLY_USAGE_OCCURRENCE('4','Ceramic','',#4468,#4503,$);
#4669 = PRODUCT_RELATED_PRODUCT_CATEGORY('part',$,(#4505));
#4670 = SHAPE_DEFINITION_REPRESENTATION(#4671,#4677);
#4671 = PRODUCT_DEFINITION_SHAPE('','',#4672);
#4672 = PRODUCT_DEFINITION('design','',#4673,#4676);
#4673 = PRODUCT_DEFINITION_FORMATION('','',#4674);
#4674 = PRODUCT('Contacts','Contacts','',(#4675));
#4675 = PRODUCT_CONTEXT('',#2,'mechanical');
#4676 = PRODUCT_DEFINITION_CONTEXT('part definition',#2,'design');
#4677 = ADVANCED_BREP_SHAPE_REPRESENTATION('',(#11,#4678),#4960);
#4678 = MANIFOLD_SOLID_BREP('',#4679);
#4679 = CLOSED_SHELL('',(#4680,#4720,#4751,#4782,#4813,#4844,#4875,#4906
    ,#4928,#4944));
#4680 = ADVANCED_FACE('',(#4681),#4715,.F.);
#4681 = FACE_BOUND('',#4682,.F.);
#4682 = EDGE_LOOP('',(#4683,#4693,#4701,#4709));
#4683 = ORIENTED_EDGE('',*,*,#4684,.T.);
#4684 = EDGE_CURVE('',#4685,#4687,#4689,.T.);
#4685 = VERTEX_POINT('',#4686);
#4686 = CARTESIAN_POINT('',(0.8,-1.1,0.45));
#4687 = VERTEX_POINT('',#4688);
#4688 = CARTESIAN_POINT('',(-0.8,-1.1,0.45));
#4689 = LINE('',#4690,#4691);
#4690 = CARTESIAN_POINT('',(0.8,-1.1,0.45));
#4691 = VECTOR('',#4692,1.);
#4692 = DIRECTION('',(-1.,-0.,-0.));
#4693 = ORIENTED_EDGE('',*,*,#4694,.T.);
#4694 = EDGE_CURVE('',#4687,#4695,#4697,.T.);
#4695 = VERTEX_POINT('',#4696);
#4696 = CARTESIAN_POINT('',(-0.8,-1.45,0.45));
#4697 = LINE('',#4698,#4699);
#4698 = CARTESIAN_POINT('',(-0.8,-1.1,0.45));
#4699 = VECTOR('',#4700,1.);
#4700 = DIRECTION('',(0.,-1.,0.));
#4701 = ORIENTED_EDGE('',*,*,#4702,.F.);
#4702 = EDGE_CURVE('',#4703,#4695,#4705,.T.);
#4703 = VERTEX_POINT('',#4704);
#4704 = CARTESIAN_POINT('',(0.8,-1.45,0.45));
#4705 = LINE('',#4706,#4707);
#4706 = CARTESIAN_POINT('',(0.8,-1.45,0.45));
#4707 = VECTOR('',#4708,1.);
#4708 = DIRECTION('',(-1.,-0.,-0.));
#4709 = ORIENTED_EDGE('',*,*,#4710,.F.);
#4710 = EDGE_CURVE('',#4685,#4703,#4711,.T.);
#4711 = LINE('',#4712,#4713);
#4712 = CARTESIAN_POINT('',(0.8,-1.1,0.45));
#4713 = VECTOR('',#4714,1.);
#4714 = DIRECTION('',(0.,-1.,0.));
#4715 = PLANE('',#4716);
#4716 = AXIS2_PLACEMENT_3D('',#4717,#4718,#4719);
#4717 = CARTESIAN_POINT('',(0.8,-1.1,0.45));
#4718 = DIRECTION('',(0.,0.,1.));
#4719 = DIRECTION('',(0.,-1.,0.));
#4720 = ADVANCED_FACE('',(#4721),#4746,.F.);
#4721 = FACE_BOUND('',#4722,.F.);
#4722 = EDGE_LOOP('',(#4723,#4724,#4732,#4740));
#4723 = ORIENTED_EDGE('',*,*,#4702,.T.);
#4724 = ORIENTED_EDGE('',*,*,#4725,.T.);
#4725 = EDGE_CURVE('',#4695,#4726,#4728,.T.);
#4726 = VERTEX_POINT('',#4727);
#4727 = CARTESIAN_POINT('',(-0.8,-1.45,0.1));
#4728 = LINE('',#4729,#4730);
#4729 = CARTESIAN_POINT('',(-0.8,-1.45,0.45));
#4730 = VECTOR('',#4731,1.);
#4731 = DIRECTION('',(0.,0.,-1.));
#4732 = ORIENTED_EDGE('',*,*,#4733,.F.);
#4733 = EDGE_CURVE('',#4734,#4726,#4736,.T.);
#4734 = VERTEX_POINT('',#4735);
#4735 = CARTESIAN_POINT('',(0.8,-1.45,0.1));
#4736 = LINE('',#4737,#4738);
#4737 = CARTESIAN_POINT('',(0.8,-1.45,0.1));
#4738 = VECTOR('',#4739,1.);
#4739 = DIRECTION('',(-1.,-0.,-0.));
#4740 = ORIENTED_EDGE('',*,*,#4741,.F.);
#4741 = EDGE_CURVE('',#4703,#4734,#4742,.T.);
#4742 = LINE('',#4743,#4744);
#4743 = CARTESIAN_POINT('',(0.8,-1.45,0.45));
#4744 = VECTOR('',#4745,1.);
#4745 = DIRECTION('',(0.,0.,-1.));
#4746 = PLANE('',#4747);
#4747 = AXIS2_PLACEMENT_3D('',#4748,#4749,#4750);
#4748 = CARTESIAN_POINT('',(0.8,-1.45,0.45));
#4749 = DIRECTION('',(0.,-1.,0.));
#4750 = DIRECTION('',(0.,0.,-1.));
#4751 = ADVANCED_FACE('',(#4752),#4777,.F.);
#4752 = FACE_BOUND('',#4753,.F.);
#4753 = EDGE_LOOP('',(#4754,#4755,#4763,#4771));
#4754 = ORIENTED_EDGE('',*,*,#4733,.T.);
#4755 = ORIENTED_EDGE('',*,*,#4756,.T.);
#4756 = EDGE_CURVE('',#4726,#4757,#4759,.T.);
#4757 = VERTEX_POINT('',#4758);
#4758 = CARTESIAN_POINT('',(-0.8,-1.100000000002,0.1));
#4759 = LINE('',#4760,#4761);
#4760 = CARTESIAN_POINT('',(-0.8,-1.45,0.1));
#4761 = VECTOR('',#4762,1.);
#4762 = DIRECTION('',(0.,1.,0.));
#4763 = ORIENTED_EDGE('',*,*,#4764,.F.);
#4764 = EDGE_CURVE('',#4765,#4757,#4767,.T.);
#4765 = VERTEX_POINT('',#4766);
#4766 = CARTESIAN_POINT('',(0.8,-1.100000000002,0.1));
#4767 = LINE('',#4768,#4769);
#4768 = CARTESIAN_POINT('',(0.8,-1.100000000002,0.1));
#4769 = VECTOR('',#4770,1.);
#4770 = DIRECTION('',(-1.,-0.,-0.));
#4771 = ORIENTED_EDGE('',*,*,#4772,.F.);
#4772 = EDGE_CURVE('',#4734,#4765,#4773,.T.);
#4773 = LINE('',#4774,#4775);
#4774 = CARTESIAN_POINT('',(0.8,-1.45,0.1));
#4775 = VECTOR('',#4776,1.);
#4776 = DIRECTION('',(0.,1.,0.));
#4777 = PLANE('',#4778);
#4778 = AXIS2_PLACEMENT_3D('',#4779,#4780,#4781);
#4779 = CARTESIAN_POINT('',(0.8,-1.45,0.1));
#4780 = DIRECTION('',(0.,0.,-1.));
#4781 = DIRECTION('',(0.,1.,0.));
#4782 = ADVANCED_FACE('',(#4783),#4808,.F.);
#4783 = FACE_BOUND('',#4784,.F.);
#4784 = EDGE_LOOP('',(#4785,#4786,#4794,#4802));
#4785 = ORIENTED_EDGE('',*,*,#4764,.T.);
#4786 = ORIENTED_EDGE('',*,*,#4787,.T.);
#4787 = EDGE_CURVE('',#4757,#4788,#4790,.T.);
#4788 = VERTEX_POINT('',#4789);
#4789 = CARTESIAN_POINT('',(-0.8,-1.100000000002,0.));
#4790 = LINE('',#4791,#4792);
#4791 = CARTESIAN_POINT('',(-0.8,-1.100000000002,0.1));
#4792 = VECTOR('',#4793,1.);
#4793 = DIRECTION('',(0.,0.,-1.));
#4794 = ORIENTED_EDGE('',*,*,#4795,.F.);
#4795 = EDGE_CURVE('',#4796,#4788,#4798,.T.);
#4796 = VERTEX_POINT('',#4797);
#4797 = CARTESIAN_POINT('',(0.8,-1.100000000002,0.));
#4798 = LINE('',#4799,#4800);
#4799 = CARTESIAN_POINT('',(0.8,-1.100000000002,0.));
#4800 = VECTOR('',#4801,1.);
#4801 = DIRECTION('',(-1.,-0.,-0.));
#4802 = ORIENTED_EDGE('',*,*,#4803,.F.);
#4803 = EDGE_CURVE('',#4765,#4796,#4804,.T.);
#4804 = LINE('',#4805,#4806);
#4805 = CARTESIAN_POINT('',(0.8,-1.100000000002,0.1));
#4806 = VECTOR('',#4807,1.);
#4807 = DIRECTION('',(0.,0.,-1.));
#4808 = PLANE('',#4809);
#4809 = AXIS2_PLACEMENT_3D('',#4810,#4811,#4812);
#4810 = CARTESIAN_POINT('',(0.8,-1.100000000002,0.1));
#4811 = DIRECTION('',(0.,-1.,0.));
#4812 = DIRECTION('',(0.,0.,-1.));
#4813 = ADVANCED_FACE('',(#4814),#4839,.F.);
#4814 = FACE_BOUND('',#4815,.F.);
#4815 = EDGE_LOOP('',(#4816,#4817,#4825,#4833));
#4816 = ORIENTED_EDGE('',*,*,#4795,.T.);
#4817 = ORIENTED_EDGE('',*,*,#4818,.T.);
#4818 = EDGE_CURVE('',#4788,#4819,#4821,.T.);
#4819 = VERTEX_POINT('',#4820);
#4820 = CARTESIAN_POINT('',(-0.8,-1.55,0.));
#4821 = LINE('',#4822,#4823);
#4822 = CARTESIAN_POINT('',(-0.8,-1.100000000002,0.));
#4823 = VECTOR('',#4824,1.);
#4824 = DIRECTION('',(0.,-1.,0.));
#4825 = ORIENTED_EDGE('',*,*,#4826,.F.);
#4826 = EDGE_CURVE('',#4827,#4819,#4829,.T.);
#4827 = VERTEX_POINT('',#4828);
#4828 = CARTESIAN_POINT('',(0.8,-1.55,0.));
#4829 = LINE('',#4830,#4831);
#4830 = CARTESIAN_POINT('',(0.8,-1.55,0.));
#4831 = VECTOR('',#4832,1.);
#4832 = DIRECTION('',(-1.,-0.,-0.));
#4833 = ORIENTED_EDGE('',*,*,#4834,.F.);
#4834 = EDGE_CURVE('',#4796,#4827,#4835,.T.);
#4835 = LINE('',#4836,#4837);
#4836 = CARTESIAN_POINT('',(0.8,-1.100000000002,0.));
#4837 = VECTOR('',#4838,1.);
#4838 = DIRECTION('',(0.,-1.,0.));
#4839 = PLANE('',#4840);
#4840 = AXIS2_PLACEMENT_3D('',#4841,#4842,#4843);
#4841 = CARTESIAN_POINT('',(0.8,-1.100000000002,0.));
#4842 = DIRECTION('',(0.,0.,1.));
#4843 = DIRECTION('',(0.,-1.,0.));
#4844 = ADVANCED_FACE('',(#4845),#4870,.F.);
#4845 = FACE_BOUND('',#4846,.F.);
#4846 = EDGE_LOOP('',(#4847,#4848,#4856,#4864));
#4847 = ORIENTED_EDGE('',*,*,#4826,.T.);
#4848 = ORIENTED_EDGE('',*,*,#4849,.T.);
#4849 = EDGE_CURVE('',#4819,#4850,#4852,.T.);
#4850 = VERTEX_POINT('',#4851);
#4851 = CARTESIAN_POINT('',(-0.8,-1.55,0.55));
#4852 = LINE('',#4853,#4854);
#4853 = CARTESIAN_POINT('',(-0.8,-1.55,0.));
#4854 = VECTOR('',#4855,1.);
#4855 = DIRECTION('',(0.,0.,1.));
#4856 = ORIENTED_EDGE('',*,*,#4857,.F.);
#4857 = EDGE_CURVE('',#4858,#4850,#4860,.T.);
#4858 = VERTEX_POINT('',#4859);
#4859 = CARTESIAN_POINT('',(0.8,-1.55,0.55));
#4860 = LINE('',#4861,#4862);
#4861 = CARTESIAN_POINT('',(0.8,-1.55,0.55));
#4862 = VECTOR('',#4863,1.);
#4863 = DIRECTION('',(-1.,-0.,-0.));
#4864 = ORIENTED_EDGE('',*,*,#4865,.F.);
#4865 = EDGE_CURVE('',#4827,#4858,#4866,.T.);
#4866 = LINE('',#4867,#4868);
#4867 = CARTESIAN_POINT('',(0.8,-1.55,0.));
#4868 = VECTOR('',#4869,1.);
#4869 = DIRECTION('',(0.,0.,1.));
#4870 = PLANE('',#4871);
#4871 = AXIS2_PLACEMENT_3D('',#4872,#4873,#4874);
#4872 = CARTESIAN_POINT('',(0.8,-1.55,0.));
#4873 = DIRECTION('',(0.,1.,0.));
#4874 = DIRECTION('',(0.,-0.,1.));
#4875 = ADVANCED_FACE('',(#4876),#4901,.F.);
#4876 = FACE_BOUND('',#4877,.F.);
#4877 = EDGE_LOOP('',(#4878,#4879,#4887,#4895));
#4878 = ORIENTED_EDGE('',*,*,#4857,.T.);
#4879 = ORIENTED_EDGE('',*,*,#4880,.T.);
#4880 = EDGE_CURVE('',#4850,#4881,#4883,.T.);
#4881 = VERTEX_POINT('',#4882);
#4882 = CARTESIAN_POINT('',(-0.8,-1.1,0.55));
#4883 = LINE('',#4884,#4885);
#4884 = CARTESIAN_POINT('',(-0.8,-1.55,0.55));
#4885 = VECTOR('',#4886,1.);
#4886 = DIRECTION('',(0.,1.,0.));
#4887 = ORIENTED_EDGE('',*,*,#4888,.F.);
#4888 = EDGE_CURVE('',#4889,#4881,#4891,.T.);
#4889 = VERTEX_POINT('',#4890);
#4890 = CARTESIAN_POINT('',(0.8,-1.1,0.55));
#4891 = LINE('',#4892,#4893);
#4892 = CARTESIAN_POINT('',(0.8,-1.1,0.55));
#4893 = VECTOR('',#4894,1.);
#4894 = DIRECTION('',(-1.,-0.,-0.));
#4895 = ORIENTED_EDGE('',*,*,#4896,.F.);
#4896 = EDGE_CURVE('',#4858,#4889,#4897,.T.);
#4897 = LINE('',#4898,#4899);
#4898 = CARTESIAN_POINT('',(0.8,-1.55,0.55));
#4899 = VECTOR('',#4900,1.);
#4900 = DIRECTION('',(0.,1.,0.));
#4901 = PLANE('',#4902);
#4902 = AXIS2_PLACEMENT_3D('',#4903,#4904,#4905);
#4903 = CARTESIAN_POINT('',(0.8,-1.55,0.55));
#4904 = DIRECTION('',(0.,0.,-1.));
#4905 = DIRECTION('',(0.,1.,0.));
#4906 = ADVANCED_FACE('',(#4907),#4923,.F.);
#4907 = FACE_BOUND('',#4908,.F.);
#4908 = EDGE_LOOP('',(#4909,#4910,#4916,#4917));
#4909 = ORIENTED_EDGE('',*,*,#4888,.T.);
#4910 = ORIENTED_EDGE('',*,*,#4911,.T.);
#4911 = EDGE_CURVE('',#4881,#4687,#4912,.T.);
#4912 = LINE('',#4913,#4914);
#4913 = CARTESIAN_POINT('',(-0.8,-1.1,0.55));
#4914 = VECTOR('',#4915,1.);
#4915 = DIRECTION('',(0.,0.,-1.));
#4916 = ORIENTED_EDGE('',*,*,#4684,.F.);
#4917 = ORIENTED_EDGE('',*,*,#4918,.F.);
#4918 = EDGE_CURVE('',#4889,#4685,#4919,.T.);
#4919 = LINE('',#4920,#4921);
#4920 = CARTESIAN_POINT('',(0.8,-1.1,0.55));
#4921 = VECTOR('',#4922,1.);
#4922 = DIRECTION('',(0.,0.,-1.));
#4923 = PLANE('',#4924);
#4924 = AXIS2_PLACEMENT_3D('',#4925,#4926,#4927);
#4925 = CARTESIAN_POINT('',(0.8,-1.1,0.55));
#4926 = DIRECTION('',(0.,-1.,0.));
#4927 = DIRECTION('',(0.,0.,-1.));
#4928 = ADVANCED_FACE('',(#4929),#4939,.T.);
#4929 = FACE_BOUND('',#4930,.F.);
#4930 = EDGE_LOOP('',(#4931,#4932,#4933,#4934,#4935,#4936,#4937,#4938));
#4931 = ORIENTED_EDGE('',*,*,#4710,.T.);
#4932 = ORIENTED_EDGE('',*,*,#4741,.T.);
#4933 = ORIENTED_EDGE('',*,*,#4772,.T.);
#4934 = ORIENTED_EDGE('',*,*,#4803,.T.);
#4935 = ORIENTED_EDGE('',*,*,#4834,.T.);
#4936 = ORIENTED_EDGE('',*,*,#4865,.T.);
#4937 = ORIENTED_EDGE('',*,*,#4896,.T.);
#4938 = ORIENTED_EDGE('',*,*,#4918,.T.);
#4939 = PLANE('',#4940);
#4940 = AXIS2_PLACEMENT_3D('',#4941,#4942,#4943);
#4941 = CARTESIAN_POINT('',(0.8,-1.357407407408,0.275));
#4942 = DIRECTION('',(1.,0.,0.));
#4943 = DIRECTION('',(0.,0.,1.));
#4944 = ADVANCED_FACE('',(#4945),#4955,.F.);
#4945 = FACE_BOUND('',#4946,.T.);
#4946 = EDGE_LOOP('',(#4947,#4948,#4949,#4950,#4951,#4952,#4953,#4954));
#4947 = ORIENTED_EDGE('',*,*,#4694,.T.);
#4948 = ORIENTED_EDGE('',*,*,#4725,.T.);
#4949 = ORIENTED_EDGE('',*,*,#4756,.T.);
#4950 = ORIENTED_EDGE('',*,*,#4787,.T.);
#4951 = ORIENTED_EDGE('',*,*,#4818,.T.);
#4952 = ORIENTED_EDGE('',*,*,#4849,.T.);
#4953 = ORIENTED_EDGE('',*,*,#4880,.T.);
#4954 = ORIENTED_EDGE('',*,*,#4911,.T.);
#4955 = PLANE('',#4956);
#4956 = AXIS2_PLACEMENT_3D('',#4957,#4958,#4959);
#4957 = CARTESIAN_POINT('',(-0.8,-1.357407407408,0.275));
#4958 = DIRECTION('',(1.,0.,0.));
#4959 = DIRECTION('',(0.,0.,1.));
#4960 = ( GEOMETRIC_REPRESENTATION_CONTEXT(3) 
GLOBAL_UNCERTAINTY_ASSIGNED_CONTEXT((#4964)) 
GLOBAL_UNIT_ASSIGNED_CONTEXT((#4961,#4962,#4963)) REPRESENTATION_CONTEXT
('Context #1','3D Context with UNIT and UNCERTAINTY') );
#4961 = ( LENGTH_UNIT() NAMED_UNIT(*) SI_UNIT(.MILLI.,.METRE.) );
#4962 = ( NAMED_UNIT(*) PLANE_ANGLE_UNIT() SI_UNIT($,.RADIAN.) );
#4963 = ( NAMED_UNIT(*) SI_UNIT($,.STERADIAN.) SOLID_ANGLE_UNIT() );
#4964 = UNCERTAINTY_MEASURE_WITH_UNIT(LENGTH_MEASURE(1.E-07),#4961,
  'distance_accuracy_value','confusion accuracy');
#4965 = CONTEXT_DEPENDENT_SHAPE_REPRESENTATION(#4966,#4968);
#4966 = ( REPRESENTATION_RELATIONSHIP('','',#4677,#4473) 
REPRESENTATION_RELATIONSHIP_WITH_TRANSFORMATION(#4967) 
SHAPE_REPRESENTATION_RELATIONSHIP() );
#4967 = ITEM_DEFINED_TRANSFORMATION('','',#11,#4478);
#4968 = PRODUCT_DEFINITION_SHAPE('Placement','Placement of an item',
  #4969);
#4969 = NEXT_ASSEMBLY_USAGE_OCCURRENCE('5','Contacts','',#4468,#4672,$);
#4970 = PRODUCT_RELATED_PRODUCT_CATEGORY('part',$,(#4674));
#4971 = SHAPE_DEFINITION_REPRESENTATION(#4972,#4978);
#4972 = PRODUCT_DEFINITION_SHAPE('','',#4973);
#4973 = PRODUCT_DEFINITION('design','',#4974,#4977);
#4974 = PRODUCT_DEFINITION_FORMATION('','',#4975);
#4975 = PRODUCT('Contacts (Mirror #1)','Contacts (Mirror #1)','',(#4976)
  );
#4976 = PRODUCT_CONTEXT('',#2,'mechanical');
#4977 = PRODUCT_DEFINITION_CONTEXT('part definition',#2,'design');
#4978 = ADVANCED_BREP_SHAPE_REPRESENTATION('',(#11,#4979),#5261);
#4979 = MANIFOLD_SOLID_BREP('',#4980);
#4980 = CLOSED_SHELL('',(#4981,#5021,#5052,#5083,#5114,#5145,#5176,#5207
    ,#5229,#5245));
#4981 = ADVANCED_FACE('',(#4982),#5016,.F.);
#4982 = FACE_BOUND('',#4983,.T.);
#4983 = EDGE_LOOP('',(#4984,#4994,#5002,#5010));
#4984 = ORIENTED_EDGE('',*,*,#4985,.T.);
#4985 = EDGE_CURVE('',#4986,#4988,#4990,.T.);
#4986 = VERTEX_POINT('',#4987);
#4987 = CARTESIAN_POINT('',(0.8,1.1,0.45));
#4988 = VERTEX_POINT('',#4989);
#4989 = CARTESIAN_POINT('',(-0.8,1.1,0.45));
#4990 = LINE('',#4991,#4992);
#4991 = CARTESIAN_POINT('',(0.8,1.1,0.45));
#4992 = VECTOR('',#4993,1.);
#4993 = DIRECTION('',(-1.,0.,-0.));
#4994 = ORIENTED_EDGE('',*,*,#4995,.T.);
#4995 = EDGE_CURVE('',#4988,#4996,#4998,.T.);
#4996 = VERTEX_POINT('',#4997);
#4997 = CARTESIAN_POINT('',(-0.8,1.45,0.45));
#4998 = LINE('',#4999,#5000);
#4999 = CARTESIAN_POINT('',(-0.8,1.1,0.45));
#5000 = VECTOR('',#5001,1.);
#5001 = DIRECTION('',(0.,1.,0.));
#5002 = ORIENTED_EDGE('',*,*,#5003,.F.);
#5003 = EDGE_CURVE('',#5004,#4996,#5006,.T.);
#5004 = VERTEX_POINT('',#5005);
#5005 = CARTESIAN_POINT('',(0.8,1.45,0.45));
#5006 = LINE('',#5007,#5008);
#5007 = CARTESIAN_POINT('',(0.8,1.45,0.45));
#5008 = VECTOR('',#5009,1.);
#5009 = DIRECTION('',(-1.,0.,-0.));
#5010 = ORIENTED_EDGE('',*,*,#5011,.F.);
#5011 = EDGE_CURVE('',#4986,#5004,#5012,.T.);
#5012 = LINE('',#5013,#5014);
#5013 = CARTESIAN_POINT('',(0.8,1.1,0.45));
#5014 = VECTOR('',#5015,1.);
#5015 = DIRECTION('',(0.,1.,0.));
#5016 = PLANE('',#5017);
#5017 = AXIS2_PLACEMENT_3D('',#5018,#5019,#5020);
#5018 = CARTESIAN_POINT('',(0.8,1.1,0.45));
#5019 = DIRECTION('',(-0.,-0.,1.));
#5020 = DIRECTION('',(0.,-1.,-0.));
#5021 = ADVANCED_FACE('',(#5022),#5047,.F.);
#5022 = FACE_BOUND('',#5023,.T.);
#5023 = EDGE_LOOP('',(#5024,#5025,#5033,#5041));
#5024 = ORIENTED_EDGE('',*,*,#5003,.T.);
#5025 = ORIENTED_EDGE('',*,*,#5026,.T.);
#5026 = EDGE_CURVE('',#4996,#5027,#5029,.T.);
#5027 = VERTEX_POINT('',#5028);
#5028 = CARTESIAN_POINT('',(-0.8,1.45,0.1));
#5029 = LINE('',#5030,#5031);
#5030 = CARTESIAN_POINT('',(-0.8,1.45,0.45));
#5031 = VECTOR('',#5032,1.);
#5032 = DIRECTION('',(-0.,-0.,-1.));
#5033 = ORIENTED_EDGE('',*,*,#5034,.F.);
#5034 = EDGE_CURVE('',#5035,#5027,#5037,.T.);
#5035 = VERTEX_POINT('',#5036);
#5036 = CARTESIAN_POINT('',(0.8,1.45,0.1));
#5037 = LINE('',#5038,#5039);
#5038 = CARTESIAN_POINT('',(0.8,1.45,0.1));
#5039 = VECTOR('',#5040,1.);
#5040 = DIRECTION('',(-1.,0.,-0.));
#5041 = ORIENTED_EDGE('',*,*,#5042,.F.);
#5042 = EDGE_CURVE('',#5004,#5035,#5043,.T.);
#5043 = LINE('',#5044,#5045);
#5044 = CARTESIAN_POINT('',(0.8,1.45,0.45));
#5045 = VECTOR('',#5046,1.);
#5046 = DIRECTION('',(-0.,-0.,-1.));
#5047 = PLANE('',#5048);
#5048 = AXIS2_PLACEMENT_3D('',#5049,#5050,#5051);
#5049 = CARTESIAN_POINT('',(0.8,1.45,0.45));
#5050 = DIRECTION('',(-0.,1.,-0.));
#5051 = DIRECTION('',(0.,0.,1.));
#5052 = ADVANCED_FACE('',(#5053),#5078,.F.);
#5053 = FACE_BOUND('',#5054,.T.);
#5054 = EDGE_LOOP('',(#5055,#5056,#5064,#5072));
#5055 = ORIENTED_EDGE('',*,*,#5034,.T.);
#5056 = ORIENTED_EDGE('',*,*,#5057,.T.);
#5057 = EDGE_CURVE('',#5027,#5058,#5060,.T.);
#5058 = VERTEX_POINT('',#5059);
#5059 = CARTESIAN_POINT('',(-0.8,1.100000000002,0.1));
#5060 = LINE('',#5061,#5062);
#5061 = CARTESIAN_POINT('',(-0.8,1.45,0.1));
#5062 = VECTOR('',#5063,1.);
#5063 = DIRECTION('',(-0.,-1.,-0.));
#5064 = ORIENTED_EDGE('',*,*,#5065,.F.);
#5065 = EDGE_CURVE('',#5066,#5058,#5068,.T.);
#5066 = VERTEX_POINT('',#5067);
#5067 = CARTESIAN_POINT('',(0.8,1.100000000002,0.1));
#5068 = LINE('',#5069,#5070);
#5069 = CARTESIAN_POINT('',(0.8,1.100000000002,0.1));
#5070 = VECTOR('',#5071,1.);
#5071 = DIRECTION('',(-1.,0.,-0.));
#5072 = ORIENTED_EDGE('',*,*,#5073,.F.);
#5073 = EDGE_CURVE('',#5035,#5066,#5074,.T.);
#5074 = LINE('',#5075,#5076);
#5075 = CARTESIAN_POINT('',(0.8,1.45,0.1));
#5076 = VECTOR('',#5077,1.);
#5077 = DIRECTION('',(-0.,-1.,-0.));
#5078 = PLANE('',#5079);
#5079 = AXIS2_PLACEMENT_3D('',#5080,#5081,#5082);
#5080 = CARTESIAN_POINT('',(0.8,1.45,0.1));
#5081 = DIRECTION('',(-0.,-0.,-1.));
#5082 = DIRECTION('',(0.,1.,-0.));
#5083 = ADVANCED_FACE('',(#5084),#5109,.F.);
#5084 = FACE_BOUND('',#5085,.T.);
#5085 = EDGE_LOOP('',(#5086,#5087,#5095,#5103));
#5086 = ORIENTED_EDGE('',*,*,#5065,.T.);
#5087 = ORIENTED_EDGE('',*,*,#5088,.T.);
#5088 = EDGE_CURVE('',#5058,#5089,#5091,.T.);
#5089 = VERTEX_POINT('',#5090);
#5090 = CARTESIAN_POINT('',(-0.8,1.100000000002,0.));
#5091 = LINE('',#5092,#5093);
#5092 = CARTESIAN_POINT('',(-0.8,1.100000000002,0.1));
#5093 = VECTOR('',#5094,1.);
#5094 = DIRECTION('',(-0.,-0.,-1.));
#5095 = ORIENTED_EDGE('',*,*,#5096,.F.);
#5096 = EDGE_CURVE('',#5097,#5089,#5099,.T.);
#5097 = VERTEX_POINT('',#5098);
#5098 = CARTESIAN_POINT('',(0.8,1.100000000002,0.));
#5099 = LINE('',#5100,#5101);
#5100 = CARTESIAN_POINT('',(0.8,1.100000000002,0.));
#5101 = VECTOR('',#5102,1.);
#5102 = DIRECTION('',(-1.,0.,-0.));
#5103 = ORIENTED_EDGE('',*,*,#5104,.F.);
#5104 = EDGE_CURVE('',#5066,#5097,#5105,.T.);
#5105 = LINE('',#5106,#5107);
#5106 = CARTESIAN_POINT('',(0.8,1.100000000002,0.1));
#5107 = VECTOR('',#5108,1.);
#5108 = DIRECTION('',(-0.,-0.,-1.));
#5109 = PLANE('',#5110);
#5110 = AXIS2_PLACEMENT_3D('',#5111,#5112,#5113);
#5111 = CARTESIAN_POINT('',(0.8,1.100000000002,0.1));
#5112 = DIRECTION('',(-0.,1.,-0.));
#5113 = DIRECTION('',(0.,0.,1.));
#5114 = ADVANCED_FACE('',(#5115),#5140,.F.);
#5115 = FACE_BOUND('',#5116,.T.);
#5116 = EDGE_LOOP('',(#5117,#5118,#5126,#5134));
#5117 = ORIENTED_EDGE('',*,*,#5096,.T.);
#5118 = ORIENTED_EDGE('',*,*,#5119,.T.);
#5119 = EDGE_CURVE('',#5089,#5120,#5122,.T.);
#5120 = VERTEX_POINT('',#5121);
#5121 = CARTESIAN_POINT('',(-0.8,1.55,0.));
#5122 = LINE('',#5123,#5124);
#5123 = CARTESIAN_POINT('',(-0.8,1.100000000002,0.));
#5124 = VECTOR('',#5125,1.);
#5125 = DIRECTION('',(0.,1.,0.));
#5126 = ORIENTED_EDGE('',*,*,#5127,.F.);
#5127 = EDGE_CURVE('',#5128,#5120,#5130,.T.);
#5128 = VERTEX_POINT('',#5129);
#5129 = CARTESIAN_POINT('',(0.8,1.55,0.));
#5130 = LINE('',#5131,#5132);
#5131 = CARTESIAN_POINT('',(0.8,1.55,0.));
#5132 = VECTOR('',#5133,1.);
#5133 = DIRECTION('',(-1.,0.,-0.));
#5134 = ORIENTED_EDGE('',*,*,#5135,.F.);
#5135 = EDGE_CURVE('',#5097,#5128,#5136,.T.);
#5136 = LINE('',#5137,#5138);
#5137 = CARTESIAN_POINT('',(0.8,1.100000000002,0.));
#5138 = VECTOR('',#5139,1.);
#5139 = DIRECTION('',(0.,1.,0.));
#5140 = PLANE('',#5141);
#5141 = AXIS2_PLACEMENT_3D('',#5142,#5143,#5144);
#5142 = CARTESIAN_POINT('',(0.8,1.100000000002,0.));
#5143 = DIRECTION('',(-0.,-0.,1.));
#5144 = DIRECTION('',(0.,-1.,-0.));
#5145 = ADVANCED_FACE('',(#5146),#5171,.F.);
#5146 = FACE_BOUND('',#5147,.T.);
#5147 = EDGE_LOOP('',(#5148,#5149,#5157,#5165));
#5148 = ORIENTED_EDGE('',*,*,#5127,.T.);
#5149 = ORIENTED_EDGE('',*,*,#5150,.T.);
#5150 = EDGE_CURVE('',#5120,#5151,#5153,.T.);
#5151 = VERTEX_POINT('',#5152);
#5152 = CARTESIAN_POINT('',(-0.8,1.55,0.55));
#5153 = LINE('',#5154,#5155);
#5154 = CARTESIAN_POINT('',(-0.8,1.55,0.));
#5155 = VECTOR('',#5156,1.);
#5156 = DIRECTION('',(0.,0.,1.));
#5157 = ORIENTED_EDGE('',*,*,#5158,.F.);
#5158 = EDGE_CURVE('',#5159,#5151,#5161,.T.);
#5159 = VERTEX_POINT('',#5160);
#5160 = CARTESIAN_POINT('',(0.8,1.55,0.55));
#5161 = LINE('',#5162,#5163);
#5162 = CARTESIAN_POINT('',(0.8,1.55,0.55));
#5163 = VECTOR('',#5164,1.);
#5164 = DIRECTION('',(-1.,0.,-0.));
#5165 = ORIENTED_EDGE('',*,*,#5166,.F.);
#5166 = EDGE_CURVE('',#5128,#5159,#5167,.T.);
#5167 = LINE('',#5168,#5169);
#5168 = CARTESIAN_POINT('',(0.8,1.55,0.));
#5169 = VECTOR('',#5170,1.);
#5170 = DIRECTION('',(0.,0.,1.));
#5171 = PLANE('',#5172);
#5172 = AXIS2_PLACEMENT_3D('',#5173,#5174,#5175);
#5173 = CARTESIAN_POINT('',(0.8,1.55,0.));
#5174 = DIRECTION('',(-0.,-1.,-0.));
#5175 = DIRECTION('',(0.,0.,-1.));
#5176 = ADVANCED_FACE('',(#5177),#5202,.F.);
#5177 = FACE_BOUND('',#5178,.T.);
#5178 = EDGE_LOOP('',(#5179,#5180,#5188,#5196));
#5179 = ORIENTED_EDGE('',*,*,#5158,.T.);
#5180 = ORIENTED_EDGE('',*,*,#5181,.T.);
#5181 = EDGE_CURVE('',#5151,#5182,#5184,.T.);
#5182 = VERTEX_POINT('',#5183);
#5183 = CARTESIAN_POINT('',(-0.8,1.1,0.55));
#5184 = LINE('',#5185,#5186);
#5185 = CARTESIAN_POINT('',(-0.8,1.55,0.55));
#5186 = VECTOR('',#5187,1.);
#5187 = DIRECTION('',(-0.,-1.,-0.));
#5188 = ORIENTED_EDGE('',*,*,#5189,.F.);
#5189 = EDGE_CURVE('',#5190,#5182,#5192,.T.);
#5190 = VERTEX_POINT('',#5191);
#5191 = CARTESIAN_POINT('',(0.8,1.1,0.55));
#5192 = LINE('',#5193,#5194);
#5193 = CARTESIAN_POINT('',(0.8,1.1,0.55));
#5194 = VECTOR('',#5195,1.);
#5195 = DIRECTION('',(-1.,0.,-0.));
#5196 = ORIENTED_EDGE('',*,*,#5197,.F.);
#5197 = EDGE_CURVE('',#5159,#5190,#5198,.T.);
#5198 = LINE('',#5199,#5200);
#5199 = CARTESIAN_POINT('',(0.8,1.55,0.55));
#5200 = VECTOR('',#5201,1.);
#5201 = DIRECTION('',(-0.,-1.,-0.));
#5202 = PLANE('',#5203);
#5203 = AXIS2_PLACEMENT_3D('',#5204,#5205,#5206);
#5204 = CARTESIAN_POINT('',(0.8,1.55,0.55));
#5205 = DIRECTION('',(-0.,-0.,-1.));
#5206 = DIRECTION('',(0.,1.,-0.));
#5207 = ADVANCED_FACE('',(#5208),#5224,.F.);
#5208 = FACE_BOUND('',#5209,.T.);
#5209 = EDGE_LOOP('',(#5210,#5211,#5217,#5218));
#5210 = ORIENTED_EDGE('',*,*,#5189,.T.);
#5211 = ORIENTED_EDGE('',*,*,#5212,.T.);
#5212 = EDGE_CURVE('',#5182,#4988,#5213,.T.);
#5213 = LINE('',#5214,#5215);
#5214 = CARTESIAN_POINT('',(-0.8,1.1,0.55));
#5215 = VECTOR('',#5216,1.);
#5216 = DIRECTION('',(-0.,-0.,-1.));
#5217 = ORIENTED_EDGE('',*,*,#4985,.F.);
#5218 = ORIENTED_EDGE('',*,*,#5219,.F.);
#5219 = EDGE_CURVE('',#5190,#4986,#5220,.T.);
#5220 = LINE('',#5221,#5222);
#5221 = CARTESIAN_POINT('',(0.8,1.1,0.55));
#5222 = VECTOR('',#5223,1.);
#5223 = DIRECTION('',(-0.,-0.,-1.));
#5224 = PLANE('',#5225);
#5225 = AXIS2_PLACEMENT_3D('',#5226,#5227,#5228);
#5226 = CARTESIAN_POINT('',(0.8,1.1,0.55));
#5227 = DIRECTION('',(-0.,1.,-0.));
#5228 = DIRECTION('',(0.,0.,1.));
#5229 = ADVANCED_FACE('',(#5230),#5240,.T.);
#5230 = FACE_BOUND('',#5231,.T.);
#5231 = EDGE_LOOP('',(#5232,#5233,#5234,#5235,#5236,#5237,#5238,#5239));
#5232 = ORIENTED_EDGE('',*,*,#5011,.T.);
#5233 = ORIENTED_EDGE('',*,*,#5042,.T.);
#5234 = ORIENTED_EDGE('',*,*,#5073,.T.);
#5235 = ORIENTED_EDGE('',*,*,#5104,.T.);
#5236 = ORIENTED_EDGE('',*,*,#5135,.T.);
#5237 = ORIENTED_EDGE('',*,*,#5166,.T.);
#5238 = ORIENTED_EDGE('',*,*,#5197,.T.);
#5239 = ORIENTED_EDGE('',*,*,#5219,.T.);
#5240 = PLANE('',#5241);
#5241 = AXIS2_PLACEMENT_3D('',#5242,#5243,#5244);
#5242 = CARTESIAN_POINT('',(0.8,1.357407407408,0.275));
#5243 = DIRECTION('',(1.,0.,0.));
#5244 = DIRECTION('',(0.,0.,-1.));
#5245 = ADVANCED_FACE('',(#5246),#5256,.F.);
#5246 = FACE_BOUND('',#5247,.F.);
#5247 = EDGE_LOOP('',(#5248,#5249,#5250,#5251,#5252,#5253,#5254,#5255));
#5248 = ORIENTED_EDGE('',*,*,#4995,.T.);
#5249 = ORIENTED_EDGE('',*,*,#5026,.T.);
#5250 = ORIENTED_EDGE('',*,*,#5057,.T.);
#5251 = ORIENTED_EDGE('',*,*,#5088,.T.);
#5252 = ORIENTED_EDGE('',*,*,#5119,.T.);
#5253 = ORIENTED_EDGE('',*,*,#5150,.T.);
#5254 = ORIENTED_EDGE('',*,*,#5181,.T.);
#5255 = ORIENTED_EDGE('',*,*,#5212,.T.);
#5256 = PLANE('',#5257);
#5257 = AXIS2_PLACEMENT_3D('',#5258,#5259,#5260);
#5258 = CARTESIAN_POINT('',(-0.8,1.357407407408,0.275));
#5259 = DIRECTION('',(1.,0.,0.));
#5260 = DIRECTION('',(0.,0.,-1.));
#5261 = ( GEOMETRIC_REPRESENTATION_CONTEXT(3) 
GLOBAL_UNCERTAINTY_ASSIGNED_CONTEXT((#5265)) 
GLOBAL_UNIT_ASSIGNED_CONTEXT((#5262,#5263,#5264)) REPRESENTATION_CONTEXT
('Context #1','3D Context with UNIT and UNCERTAINTY') );
#5262 = ( LENGTH_UNIT() NAMED_UNIT(*) SI_UNIT(.MILLI.,.METRE.) );
#5263 = ( NAMED_UNIT(*) PLANE_ANGLE_UNIT() SI_UNIT($,.RADIAN.) );
#5264 = ( NAMED_UNIT(*) SI_UNIT($,.STERADIAN.) SOLID_ANGLE_UNIT() );
#5265 = UNCERTAINTY_MEASURE_WITH_UNIT(LENGTH_MEASURE(1.E-07),#5262,
  'distance_accuracy_value','confusion accuracy');
#5266 = CONTEXT_DEPENDENT_SHAPE_REPRESENTATION(#5267,#5269);
#5267 = ( REPRESENTATION_RELATIONSHIP('','',#4978,#4473) 
REPRESENTATION_RELATIONSHIP_WITH_TRANSFORMATION(#5268) 
SHAPE_REPRESENTATION_RELATIONSHIP() );
#5268 = ITEM_DEFINED_TRANSFORMATION('','',#11,#4482);
#5269 = PRODUCT_DEFINITION_SHAPE('Placement','Placement of an item',
  #5270);
#5270 = NEXT_ASSEMBLY_USAGE_OCCURRENCE('6','Contacts (Mirror #1)','',
  #4468,#4973,$);
#5271 = PRODUCT_RELATED_PRODUCT_CATEGORY('part',$,(#4975));
#5272 = SHAPE_DEFINITION_REPRESENTATION(#5273,#5279);
#5273 = PRODUCT_DEFINITION_SHAPE('','',#5274);
#5274 = PRODUCT_DEFINITION('design','',#5275,#5278);
#5275 = PRODUCT_DEFINITION_FORMATION('','',#5276);
#5276 = PRODUCT('Overcoat','Overcoat','',(#5277));
#5277 = PRODUCT_CONTEXT('',#2,'mechanical');
#5278 = PRODUCT_DEFINITION_CONTEXT('part definition',#2,'design');
#5279 = ADVANCED_BREP_SHAPE_REPRESENTATION('',(#11,#5280),#5430);
#5280 = MANIFOLD_SOLID_BREP('',#5281);
#5281 = CLOSED_SHELL('',(#5282,#5322,#5353,#5384,#5406,#5418));
#5282 = ADVANCED_FACE('',(#5283),#5317,.F.);
#5283 = FACE_BOUND('',#5284,.F.);
#5284 = EDGE_LOOP('',(#5285,#5295,#5303,#5311));
#5285 = ORIENTED_EDGE('',*,*,#5286,.T.);
#5286 = EDGE_CURVE('',#5287,#5289,#5291,.T.);
#5287 = VERTEX_POINT('',#5288);
#5288 = CARTESIAN_POINT('',(-0.8,1.1,0.45));
#5289 = VERTEX_POINT('',#5290);
#5290 = CARTESIAN_POINT('',(-0.8,1.1,0.5));
#5291 = LINE('',#5292,#5293);
#5292 = CARTESIAN_POINT('',(-0.8,1.1,0.45));
#5293 = VECTOR('',#5294,1.);
#5294 = DIRECTION('',(0.,0.,1.));
#5295 = ORIENTED_EDGE('',*,*,#5296,.T.);
#5296 = EDGE_CURVE('',#5289,#5297,#5299,.T.);
#5297 = VERTEX_POINT('',#5298);
#5298 = CARTESIAN_POINT('',(-0.8,-1.1,0.5));
#5299 = LINE('',#5300,#5301);
#5300 = CARTESIAN_POINT('',(-0.8,1.1,0.5));
#5301 = VECTOR('',#5302,1.);
#5302 = DIRECTION('',(0.,-1.,0.));
#5303 = ORIENTED_EDGE('',*,*,#5304,.F.);
#5304 = EDGE_CURVE('',#5305,#5297,#5307,.T.);
#5305 = VERTEX_POINT('',#5306);
#5306 = CARTESIAN_POINT('',(-0.8,-1.1,0.45));
#5307 = LINE('',#5308,#5309);
#5308 = CARTESIAN_POINT('',(-0.8,-1.1,0.45));
#5309 = VECTOR('',#5310,1.);
#5310 = DIRECTION('',(0.,0.,1.));
#5311 = ORIENTED_EDGE('',*,*,#5312,.F.);
#5312 = EDGE_CURVE('',#5287,#5305,#5313,.T.);
#5313 = LINE('',#5314,#5315);
#5314 = CARTESIAN_POINT('',(-0.8,1.1,0.45));
#5315 = VECTOR('',#5316,1.);
#5316 = DIRECTION('',(0.,-1.,0.));
#5317 = PLANE('',#5318);
#5318 = AXIS2_PLACEMENT_3D('',#5319,#5320,#5321);
#5319 = CARTESIAN_POINT('',(-0.8,1.1,0.45));
#5320 = DIRECTION('',(1.,0.,0.));
#5321 = DIRECTION('',(0.,-1.,0.));
#5322 = ADVANCED_FACE('',(#5323),#5348,.F.);
#5323 = FACE_BOUND('',#5324,.F.);
#5324 = EDGE_LOOP('',(#5325,#5326,#5334,#5342));
#5325 = ORIENTED_EDGE('',*,*,#5304,.T.);
#5326 = ORIENTED_EDGE('',*,*,#5327,.T.);
#5327 = EDGE_CURVE('',#5297,#5328,#5330,.T.);
#5328 = VERTEX_POINT('',#5329);
#5329 = CARTESIAN_POINT('',(0.8,-1.1,0.5));
#5330 = LINE('',#5331,#5332);
#5331 = CARTESIAN_POINT('',(-0.8,-1.1,0.5));
#5332 = VECTOR('',#5333,1.);
#5333 = DIRECTION('',(1.,0.,0.));
#5334 = ORIENTED_EDGE('',*,*,#5335,.F.);
#5335 = EDGE_CURVE('',#5336,#5328,#5338,.T.);
#5336 = VERTEX_POINT('',#5337);
#5337 = CARTESIAN_POINT('',(0.8,-1.1,0.45));
#5338 = LINE('',#5339,#5340);
#5339 = CARTESIAN_POINT('',(0.8,-1.1,0.45));
#5340 = VECTOR('',#5341,1.);
#5341 = DIRECTION('',(0.,0.,1.));
#5342 = ORIENTED_EDGE('',*,*,#5343,.F.);
#5343 = EDGE_CURVE('',#5305,#5336,#5344,.T.);
#5344 = LINE('',#5345,#5346);
#5345 = CARTESIAN_POINT('',(-0.8,-1.1,0.45));
#5346 = VECTOR('',#5347,1.);
#5347 = DIRECTION('',(1.,0.,0.));
#5348 = PLANE('',#5349);
#5349 = AXIS2_PLACEMENT_3D('',#5350,#5351,#5352);
#5350 = CARTESIAN_POINT('',(-0.8,-1.1,0.45));
#5351 = DIRECTION('',(0.,1.,0.));
#5352 = DIRECTION('',(1.,0.,0.));
#5353 = ADVANCED_FACE('',(#5354),#5379,.F.);
#5354 = FACE_BOUND('',#5355,.F.);
#5355 = EDGE_LOOP('',(#5356,#5357,#5365,#5373));
#5356 = ORIENTED_EDGE('',*,*,#5335,.T.);
#5357 = ORIENTED_EDGE('',*,*,#5358,.T.);
#5358 = EDGE_CURVE('',#5328,#5359,#5361,.T.);
#5359 = VERTEX_POINT('',#5360);
#5360 = CARTESIAN_POINT('',(0.8,1.1,0.5));
#5361 = LINE('',#5362,#5363);
#5362 = CARTESIAN_POINT('',(0.8,-1.1,0.5));
#5363 = VECTOR('',#5364,1.);
#5364 = DIRECTION('',(0.,1.,0.));
#5365 = ORIENTED_EDGE('',*,*,#5366,.F.);
#5366 = EDGE_CURVE('',#5367,#5359,#5369,.T.);
#5367 = VERTEX_POINT('',#5368);
#5368 = CARTESIAN_POINT('',(0.8,1.1,0.45));
#5369 = LINE('',#5370,#5371);
#5370 = CARTESIAN_POINT('',(0.8,1.1,0.45));
#5371 = VECTOR('',#5372,1.);
#5372 = DIRECTION('',(0.,0.,1.));
#5373 = ORIENTED_EDGE('',*,*,#5374,.F.);
#5374 = EDGE_CURVE('',#5336,#5367,#5375,.T.);
#5375 = LINE('',#5376,#5377);
#5376 = CARTESIAN_POINT('',(0.8,-1.1,0.45));
#5377 = VECTOR('',#5378,1.);
#5378 = DIRECTION('',(0.,1.,0.));
#5379 = PLANE('',#5380);
#5380 = AXIS2_PLACEMENT_3D('',#5381,#5382,#5383);
#5381 = CARTESIAN_POINT('',(0.8,-1.1,0.45));
#5382 = DIRECTION('',(-1.,0.,0.));
#5383 = DIRECTION('',(0.,1.,0.));
#5384 = ADVANCED_FACE('',(#5385),#5401,.F.);
#5385 = FACE_BOUND('',#5386,.F.);
#5386 = EDGE_LOOP('',(#5387,#5388,#5394,#5395));
#5387 = ORIENTED_EDGE('',*,*,#5366,.T.);
#5388 = ORIENTED_EDGE('',*,*,#5389,.T.);
#5389 = EDGE_CURVE('',#5359,#5289,#5390,.T.);
#5390 = LINE('',#5391,#5392);
#5391 = CARTESIAN_POINT('',(0.8,1.1,0.5));
#5392 = VECTOR('',#5393,1.);
#5393 = DIRECTION('',(-1.,0.,0.));
#5394 = ORIENTED_EDGE('',*,*,#5286,.F.);
#5395 = ORIENTED_EDGE('',*,*,#5396,.F.);
#5396 = EDGE_CURVE('',#5367,#5287,#5397,.T.);
#5397 = LINE('',#5398,#5399);
#5398 = CARTESIAN_POINT('',(0.8,1.1,0.45));
#5399 = VECTOR('',#5400,1.);
#5400 = DIRECTION('',(-1.,0.,0.));
#5401 = PLANE('',#5402);
#5402 = AXIS2_PLACEMENT_3D('',#5403,#5404,#5405);
#5403 = CARTESIAN_POINT('',(0.8,1.1,0.45));
#5404 = DIRECTION('',(0.,-1.,0.));
#5405 = DIRECTION('',(-1.,0.,0.));
#5406 = ADVANCED_FACE('',(#5407),#5413,.F.);
#5407 = FACE_BOUND('',#5408,.F.);
#5408 = EDGE_LOOP('',(#5409,#5410,#5411,#5412));
#5409 = ORIENTED_EDGE('',*,*,#5312,.T.);
#5410 = ORIENTED_EDGE('',*,*,#5343,.T.);
#5411 = ORIENTED_EDGE('',*,*,#5374,.T.);
#5412 = ORIENTED_EDGE('',*,*,#5396,.T.);
#5413 = PLANE('',#5414);
#5414 = AXIS2_PLACEMENT_3D('',#5415,#5416,#5417);
#5415 = CARTESIAN_POINT('',(0.,-2.921639538487E-17,0.45));
#5416 = DIRECTION('',(0.,0.,1.));
#5417 = DIRECTION('',(1.,0.,-0.));
#5418 = ADVANCED_FACE('',(#5419),#5425,.T.);
#5419 = FACE_BOUND('',#5420,.T.);
#5420 = EDGE_LOOP('',(#5421,#5422,#5423,#5424));
#5421 = ORIENTED_EDGE('',*,*,#5296,.T.);
#5422 = ORIENTED_EDGE('',*,*,#5327,.T.);
#5423 = ORIENTED_EDGE('',*,*,#5358,.T.);
#5424 = ORIENTED_EDGE('',*,*,#5389,.T.);
#5425 = PLANE('',#5426);
#5426 = AXIS2_PLACEMENT_3D('',#5427,#5428,#5429);
#5427 = CARTESIAN_POINT('',(0.,-2.921639538487E-17,0.5));
#5428 = DIRECTION('',(0.,0.,1.));
#5429 = DIRECTION('',(1.,0.,-0.));
#5430 = ( GEOMETRIC_REPRESENTATION_CONTEXT(3) 
GLOBAL_UNCERTAINTY_ASSIGNED_CONTEXT((#5434)) 
GLOBAL_UNIT_ASSIGNED_CONTEXT((#5431,#5432,#5433)) REPRESENTATION_CONTEXT
('Context #1','3D Context with UNIT and UNCERTAINTY') );
#5431 = ( LENGTH_UNIT() NAMED_UNIT(*) SI_UNIT(.MILLI.,.METRE.) );
#5432 = ( NAMED_UNIT(*) PLANE_ANGLE_UNIT() SI_UNIT($,.RADIAN.) );
#5433 = ( NAMED_UNIT(*) SI_UNIT($,.STERADIAN.) SOLID_ANGLE_UNIT() );
#5434 = UNCERTAINTY_MEASURE_WITH_UNIT(LENGTH_MEASURE(1.E-07),#5431,
  'distance_accuracy_value','confusion accuracy');
#5435 = CONTEXT_DEPENDENT_SHAPE_REPRESENTATION(#5436,#5438);
#5436 = ( REPRESENTATION_RELATIONSHIP('','',#5279,#4473) 
REPRESENTATION_RELATIONSHIP_WITH_TRANSFORMATION(#5437) 
SHAPE_REPRESENTATION_RELATIONSHIP() );
#5437 = ITEM_DEFINED_TRANSFORMATION('','',#11,#4486);
#5438 = PRODUCT_DEFINITION_SHAPE('Placement','Placement of an item',
  #5439);
#5439 = NEXT_ASSEMBLY_USAGE_OCCURRENCE('7','Overcoat','',#4468,#5274,$);
#5440 = PRODUCT_RELATED_PRODUCT_CATEGORY('part',$,(#5276));
#5441 = SHAPE_DEFINITION_REPRESENTATION(#5442,#5448);
#5442 = PRODUCT_DEFINITION_SHAPE('','',#5443);
#5443 = PRODUCT_DEFINITION('design','',#5444,#5447);
#5444 = PRODUCT_DEFINITION_FORMATION('','',#5445);
#5445 = PRODUCT('Capacitor-1206','Capacitor-1206','',(#5446));
#5446 = PRODUCT_CONTEXT('',#2,'mechanical');
#5447 = PRODUCT_DEFINITION_CONTEXT('part definition',#2,'design');
#5448 = SHAPE_REPRESENTATION('',(#11,#5449,#5453,#5457),#5461);
#5449 = AXIS2_PLACEMENT_3D('',#5450,#5451,#5452);
#5450 = CARTESIAN_POINT('',(0.,0.,0.));
#5451 = DIRECTION('',(0.,0.,1.));
#5452 = DIRECTION('',(1.,0.,0.));
#5453 = AXIS2_PLACEMENT_3D('',#5454,#5455,#5456);
#5454 = CARTESIAN_POINT('',(0.,0.,0.));
#5455 = DIRECTION('',(0.,0.,1.));
#5456 = DIRECTION('',(1.,0.,0.));
#5457 = AXIS2_PLACEMENT_3D('',#5458,#5459,#5460);
#5458 = CARTESIAN_POINT('',(0.,0.,0.));
#5459 = DIRECTION('',(0.,0.,1.));
#5460 = DIRECTION('',(-1.,1.224646799147E-16,0.));
#5461 = ( GEOMETRIC_REPRESENTATION_CONTEXT(3) 
GLOBAL_UNCERTAINTY_ASSIGNED_CONTEXT((#5465)) 
GLOBAL_UNIT_ASSIGNED_CONTEXT((#5462,#5463,#5464)) REPRESENTATION_CONTEXT
('Context #1','3D Context with UNIT and UNCERTAINTY') );
#5462 = ( LENGTH_UNIT() NAMED_UNIT(*) SI_UNIT(.MILLI.,.METRE.) );
#5463 = ( NAMED_UNIT(*) PLANE_ANGLE_UNIT() SI_UNIT($,.RADIAN.) );
#5464 = ( NAMED_UNIT(*) SI_UNIT($,.STERADIAN.) SOLID_ANGLE_UNIT() );
#5465 = UNCERTAINTY_MEASURE_WITH_UNIT(LENGTH_MEASURE(1.E-07),#5462,
  'distance_accuracy_value','confusion accuracy');
#5466 = CONTEXT_DEPENDENT_SHAPE_REPRESENTATION(#5467,#5469);
#5467 = ( REPRESENTATION_RELATIONSHIP('','',#5448,#10) 
REPRESENTATION_RELATIONSHIP_WITH_TRANSFORMATION(#5468) 
SHAPE_REPRESENTATION_RELATIONSHIP() );
#5468 = ITEM_DEFINED_TRANSFORMATION('','',#11,#23);
#5469 = PRODUCT_DEFINITION_SHAPE('Placement','Placement of an item',
  #5470);
#5470 = NEXT_ASSEMBLY_USAGE_OCCURRENCE('12','C1','',#5,#5443,$);
#5471 = PRODUCT_RELATED_PRODUCT_CATEGORY('part',$,(#5445));
#5472 = SHAPE_DEFINITION_REPRESENTATION(#5473,#5479);
#5473 = PRODUCT_DEFINITION_SHAPE('','',#5474);
#5474 = PRODUCT_DEFINITION('design','',#5475,#5478);
#5475 = PRODUCT_DEFINITION_FORMATION('','',#5476);
#5476 = PRODUCT('Body','Body','',(#5477));
#5477 = PRODUCT_CONTEXT('',#2,'mechanical');
#5478 = PRODUCT_DEFINITION_CONTEXT('part definition',#2,'design');
#5479 = ADVANCED_BREP_SHAPE_REPRESENTATION('',(#11,#5480),#5630);
#5480 = MANIFOLD_SOLID_BREP('',#5481);
#5481 = CLOSED_SHELL('',(#5482,#5522,#5553,#5584,#5606,#5618));
#5482 = ADVANCED_FACE('',(#5483),#5517,.F.);
#5483 = FACE_BOUND('',#5484,.F.);
#5484 = EDGE_LOOP('',(#5485,#5495,#5503,#5511));
#5485 = ORIENTED_EDGE('',*,*,#5486,.T.);
#5486 = EDGE_CURVE('',#5487,#5489,#5491,.T.);
#5487 = VERTEX_POINT('',#5488);
#5488 = CARTESIAN_POINT('',(-0.775,1.575,2.5E-02));
#5489 = VERTEX_POINT('',#5490);
#5490 = CARTESIAN_POINT('',(-0.775,1.575,1.175));
#5491 = LINE('',#5492,#5493);
#5492 = CARTESIAN_POINT('',(-0.775,1.575,2.5E-02));
#5493 = VECTOR('',#5494,1.);
#5494 = DIRECTION('',(0.,0.,1.));
#5495 = ORIENTED_EDGE('',*,*,#5496,.T.);
#5496 = EDGE_CURVE('',#5489,#5497,#5499,.T.);
#5497 = VERTEX_POINT('',#5498);
#5498 = CARTESIAN_POINT('',(-0.775,-1.575,1.175));
#5499 = LINE('',#5500,#5501);
#5500 = CARTESIAN_POINT('',(-0.775,1.575,1.175));
#5501 = VECTOR('',#5502,1.);
#5502 = DIRECTION('',(0.,-1.,0.));
#5503 = ORIENTED_EDGE('',*,*,#5504,.F.);
#5504 = EDGE_CURVE('',#5505,#5497,#5507,.T.);
#5505 = VERTEX_POINT('',#5506);
#5506 = CARTESIAN_POINT('',(-0.775,-1.575,2.5E-02));
#5507 = LINE('',#5508,#5509);
#5508 = CARTESIAN_POINT('',(-0.775,-1.575,2.5E-02));
#5509 = VECTOR('',#5510,1.);
#5510 = DIRECTION('',(0.,0.,1.));
#5511 = ORIENTED_EDGE('',*,*,#5512,.F.);
#5512 = EDGE_CURVE('',#5487,#5505,#5513,.T.);
#5513 = LINE('',#5514,#5515);
#5514 = CARTESIAN_POINT('',(-0.775,1.575,2.5E-02));
#5515 = VECTOR('',#5516,1.);
#5516 = DIRECTION('',(0.,-1.,0.));
#5517 = PLANE('',#5518);
#5518 = AXIS2_PLACEMENT_3D('',#5519,#5520,#5521);
#5519 = CARTESIAN_POINT('',(-0.775,1.575,2.5E-02));
#5520 = DIRECTION('',(1.,0.,0.));
#5521 = DIRECTION('',(0.,-1.,0.));
#5522 = ADVANCED_FACE('',(#5523),#5548,.F.);
#5523 = FACE_BOUND('',#5524,.F.);
#5524 = EDGE_LOOP('',(#5525,#5526,#5534,#5542));
#5525 = ORIENTED_EDGE('',*,*,#5504,.T.);
#5526 = ORIENTED_EDGE('',*,*,#5527,.T.);
#5527 = EDGE_CURVE('',#5497,#5528,#5530,.T.);
#5528 = VERTEX_POINT('',#5529);
#5529 = CARTESIAN_POINT('',(0.775,-1.575,1.175));
#5530 = LINE('',#5531,#5532);
#5531 = CARTESIAN_POINT('',(-0.775,-1.575,1.175));
#5532 = VECTOR('',#5533,1.);
#5533 = DIRECTION('',(1.,0.,0.));
#5534 = ORIENTED_EDGE('',*,*,#5535,.F.);
#5535 = EDGE_CURVE('',#5536,#5528,#5538,.T.);
#5536 = VERTEX_POINT('',#5537);
#5537 = CARTESIAN_POINT('',(0.775,-1.575,2.5E-02));
#5538 = LINE('',#5539,#5540);
#5539 = CARTESIAN_POINT('',(0.775,-1.575,2.5E-02));
#5540 = VECTOR('',#5541,1.);
#5541 = DIRECTION('',(0.,0.,1.));
#5542 = ORIENTED_EDGE('',*,*,#5543,.F.);
#5543 = EDGE_CURVE('',#5505,#5536,#5544,.T.);
#5544 = LINE('',#5545,#5546);
#5545 = CARTESIAN_POINT('',(-0.775,-1.575,2.5E-02));
#5546 = VECTOR('',#5547,1.);
#5547 = DIRECTION('',(1.,0.,0.));
#5548 = PLANE('',#5549);
#5549 = AXIS2_PLACEMENT_3D('',#5550,#5551,#5552);
#5550 = CARTESIAN_POINT('',(-0.775,-1.575,2.5E-02));
#5551 = DIRECTION('',(0.,1.,0.));
#5552 = DIRECTION('',(1.,0.,0.));
#5553 = ADVANCED_FACE('',(#5554),#5579,.F.);
#5554 = FACE_BOUND('',#5555,.F.);
#5555 = EDGE_LOOP('',(#5556,#5557,#5565,#5573));
#5556 = ORIENTED_EDGE('',*,*,#5535,.T.);
#5557 = ORIENTED_EDGE('',*,*,#5558,.T.);
#5558 = EDGE_CURVE('',#5528,#5559,#5561,.T.);
#5559 = VERTEX_POINT('',#5560);
#5560 = CARTESIAN_POINT('',(0.775,1.575,1.175));
#5561 = LINE('',#5562,#5563);
#5562 = CARTESIAN_POINT('',(0.775,-1.575,1.175));
#5563 = VECTOR('',#5564,1.);
#5564 = DIRECTION('',(0.,1.,0.));
#5565 = ORIENTED_EDGE('',*,*,#5566,.F.);
#5566 = EDGE_CURVE('',#5567,#5559,#5569,.T.);
#5567 = VERTEX_POINT('',#5568);
#5568 = CARTESIAN_POINT('',(0.775,1.575,2.5E-02));
#5569 = LINE('',#5570,#5571);
#5570 = CARTESIAN_POINT('',(0.775,1.575,2.5E-02));
#5571 = VECTOR('',#5572,1.);
#5572 = DIRECTION('',(0.,0.,1.));
#5573 = ORIENTED_EDGE('',*,*,#5574,.F.);
#5574 = EDGE_CURVE('',#5536,#5567,#5575,.T.);
#5575 = LINE('',#5576,#5577);
#5576 = CARTESIAN_POINT('',(0.775,-1.575,2.5E-02));
#5577 = VECTOR('',#5578,1.);
#5578 = DIRECTION('',(0.,1.,0.));
#5579 = PLANE('',#5580);
#5580 = AXIS2_PLACEMENT_3D('',#5581,#5582,#5583);
#5581 = CARTESIAN_POINT('',(0.775,-1.575,2.5E-02));
#5582 = DIRECTION('',(-1.,0.,0.));
#5583 = DIRECTION('',(0.,1.,0.));
#5584 = ADVANCED_FACE('',(#5585),#5601,.F.);
#5585 = FACE_BOUND('',#5586,.F.);
#5586 = EDGE_LOOP('',(#5587,#5588,#5594,#5595));
#5587 = ORIENTED_EDGE('',*,*,#5566,.T.);
#5588 = ORIENTED_EDGE('',*,*,#5589,.T.);
#5589 = EDGE_CURVE('',#5559,#5489,#5590,.T.);
#5590 = LINE('',#5591,#5592);
#5591 = CARTESIAN_POINT('',(0.775,1.575,1.175));
#5592 = VECTOR('',#5593,1.);
#5593 = DIRECTION('',(-1.,0.,0.));
#5594 = ORIENTED_EDGE('',*,*,#5486,.F.);
#5595 = ORIENTED_EDGE('',*,*,#5596,.F.);
#5596 = EDGE_CURVE('',#5567,#5487,#5597,.T.);
#5597 = LINE('',#5598,#5599);
#5598 = CARTESIAN_POINT('',(0.775,1.575,2.5E-02));
#5599 = VECTOR('',#5600,1.);
#5600 = DIRECTION('',(-1.,0.,0.));
#5601 = PLANE('',#5602);
#5602 = AXIS2_PLACEMENT_3D('',#5603,#5604,#5605);
#5603 = CARTESIAN_POINT('',(0.775,1.575,2.5E-02));
#5604 = DIRECTION('',(0.,-1.,0.));
#5605 = DIRECTION('',(-1.,0.,0.));
#5606 = ADVANCED_FACE('',(#5607),#5613,.F.);
#5607 = FACE_BOUND('',#5608,.F.);
#5608 = EDGE_LOOP('',(#5609,#5610,#5611,#5612));
#5609 = ORIENTED_EDGE('',*,*,#5512,.T.);
#5610 = ORIENTED_EDGE('',*,*,#5543,.T.);
#5611 = ORIENTED_EDGE('',*,*,#5574,.T.);
#5612 = ORIENTED_EDGE('',*,*,#5596,.T.);
#5613 = PLANE('',#5614);
#5614 = AXIS2_PLACEMENT_3D('',#5615,#5616,#5617);
#5615 = CARTESIAN_POINT('',(0.,-9.448706592555E-17,2.5E-02));
#5616 = DIRECTION('',(0.,0.,1.));
#5617 = DIRECTION('',(1.,0.,-0.));
#5618 = ADVANCED_FACE('',(#5619),#5625,.T.);
#5619 = FACE_BOUND('',#5620,.T.);
#5620 = EDGE_LOOP('',(#5621,#5622,#5623,#5624));
#5621 = ORIENTED_EDGE('',*,*,#5496,.T.);
#5622 = ORIENTED_EDGE('',*,*,#5527,.T.);
#5623 = ORIENTED_EDGE('',*,*,#5558,.T.);
#5624 = ORIENTED_EDGE('',*,*,#5589,.T.);
#5625 = PLANE('',#5626);
#5626 = AXIS2_PLACEMENT_3D('',#5627,#5628,#5629);
#5627 = CARTESIAN_POINT('',(0.,-9.448706592555E-17,1.175));
#5628 = DIRECTION('',(0.,0.,1.));
#5629 = DIRECTION('',(1.,0.,-0.));
#5630 = ( GEOMETRIC_REPRESENTATION_CONTEXT(3) 
GLOBAL_UNCERTAINTY_ASSIGNED_CONTEXT((#5634)) 
GLOBAL_UNIT_ASSIGNED_CONTEXT((#5631,#5632,#5633)) REPRESENTATION_CONTEXT
('Context #1','3D Context with UNIT and UNCERTAINTY') );
#5631 = ( LENGTH_UNIT() NAMED_UNIT(*) SI_UNIT(.MILLI.,.METRE.) );
#5632 = ( NAMED_UNIT(*) PLANE_ANGLE_UNIT() SI_UNIT($,.RADIAN.) );
#5633 = ( NAMED_UNIT(*) SI_UNIT($,.STERADIAN.) SOLID_ANGLE_UNIT() );
#5634 = UNCERTAINTY_MEASURE_WITH_UNIT(LENGTH_MEASURE(1.E-07),#5631,
  'distance_accuracy_value','confusion accuracy');
#5635 = CONTEXT_DEPENDENT_SHAPE_REPRESENTATION(#5636,#5638);
#5636 = ( REPRESENTATION_RELATIONSHIP('','',#5479,#5448) 
REPRESENTATION_RELATIONSHIP_WITH_TRANSFORMATION(#5637) 
SHAPE_REPRESENTATION_RELATIONSHIP() );
#5637 = ITEM_DEFINED_TRANSFORMATION('','',#11,#5449);
#5638 = PRODUCT_DEFINITION_SHAPE('Placement','Placement of an item',
  #5639);
#5639 = NEXT_ASSEMBLY_USAGE_OCCURRENCE('9','Body','',#5443,#5474,$);
#5640 = PRODUCT_RELATED_PRODUCT_CATEGORY('part',$,(#5476));
#5641 = SHAPE_DEFINITION_REPRESENTATION(#5642,#5648);
#5642 = PRODUCT_DEFINITION_SHAPE('','',#5643);
#5643 = PRODUCT_DEFINITION('design','',#5644,#5647);
#5644 = PRODUCT_DEFINITION_FORMATION('','',#5645);
#5645 = PRODUCT('Contact','Contact','',(#5646));
#5646 = PRODUCT_CONTEXT('',#2,'mechanical');
#5647 = PRODUCT_DEFINITION_CONTEXT('part definition',#2,'design');
#5648 = ADVANCED_BREP_SHAPE_REPRESENTATION('',(#11,#5649),#5799);
#5649 = MANIFOLD_SOLID_BREP('',#5650);
#5650 = CLOSED_SHELL('',(#5651,#5691,#5722,#5753,#5775,#5787));
#5651 = ADVANCED_FACE('',(#5652),#5686,.T.);
#5652 = FACE_BOUND('',#5653,.T.);
#5653 = EDGE_LOOP('',(#5654,#5664,#5672,#5680));
#5654 = ORIENTED_EDGE('',*,*,#5655,.T.);
#5655 = EDGE_CURVE('',#5656,#5658,#5660,.T.);
#5656 = VERTEX_POINT('',#5657);
#5657 = CARTESIAN_POINT('',(-0.8,-1.6,1.2));
#5658 = VERTEX_POINT('',#5659);
#5659 = CARTESIAN_POINT('',(-0.8,-1.066666666667,1.2));
#5660 = LINE('',#5661,#5662);
#5661 = CARTESIAN_POINT('',(-0.8,-1.6,1.2));
#5662 = VECTOR('',#5663,1.);
#5663 = DIRECTION('',(-0.,1.,-3.330669073875E-16));
#5664 = ORIENTED_EDGE('',*,*,#5665,.T.);
#5665 = EDGE_CURVE('',#5658,#5666,#5668,.T.);
#5666 = VERTEX_POINT('',#5667);
#5667 = CARTESIAN_POINT('',(-0.8,-1.066666666667,2.22044604925E-16));
#5668 = LINE('',#5669,#5670);
#5669 = CARTESIAN_POINT('',(-0.8,-1.066666666667,1.2));
#5670 = VECTOR('',#5671,1.);
#5671 = DIRECTION('',(0.,-3.330669073875E-16,-1.));
#5672 = ORIENTED_EDGE('',*,*,#5673,.F.);
#5673 = EDGE_CURVE('',#5674,#5666,#5676,.T.);
#5674 = VERTEX_POINT('',#5675);
#5675 = CARTESIAN_POINT('',(-0.8,-1.6,2.22044604925E-16));
#5676 = LINE('',#5677,#5678);
#5677 = CARTESIAN_POINT('',(-0.8,-1.6,3.552713678801E-16));
#5678 = VECTOR('',#5679,1.);
#5679 = DIRECTION('',(-0.,1.,-3.330669073875E-16));
#5680 = ORIENTED_EDGE('',*,*,#5681,.F.);
#5681 = EDGE_CURVE('',#5656,#5674,#5682,.T.);
#5682 = LINE('',#5683,#5684);
#5683 = CARTESIAN_POINT('',(-0.8,-1.6,1.2));
#5684 = VECTOR('',#5685,1.);
#5685 = DIRECTION('',(0.,-3.330669073875E-16,-1.));
#5686 = PLANE('',#5687);
#5687 = AXIS2_PLACEMENT_3D('',#5688,#5689,#5690);
#5688 = CARTESIAN_POINT('',(-0.8,-1.6,1.2));
#5689 = DIRECTION('',(-1.,0.,0.));
#5690 = DIRECTION('',(-0.,-3.330669073875E-16,-1.));
#5691 = ADVANCED_FACE('',(#5692),#5717,.T.);
#5692 = FACE_BOUND('',#5693,.T.);
#5693 = EDGE_LOOP('',(#5694,#5695,#5703,#5711));
#5694 = ORIENTED_EDGE('',*,*,#5673,.T.);
#5695 = ORIENTED_EDGE('',*,*,#5696,.T.);
#5696 = EDGE_CURVE('',#5666,#5697,#5699,.T.);
#5697 = VERTEX_POINT('',#5698);
#5698 = CARTESIAN_POINT('',(0.8,-1.066666666667,2.22044604925E-16));
#5699 = LINE('',#5700,#5701);
#5700 = CARTESIAN_POINT('',(-0.8,-1.066666666667,2.22044604925E-16));
#5701 = VECTOR('',#5702,1.);
#5702 = DIRECTION('',(1.,0.,0.));
#5703 = ORIENTED_EDGE('',*,*,#5704,.F.);
#5704 = EDGE_CURVE('',#5705,#5697,#5707,.T.);
#5705 = VERTEX_POINT('',#5706);
#5706 = CARTESIAN_POINT('',(0.8,-1.6,2.22044604925E-16));
#5707 = LINE('',#5708,#5709);
#5708 = CARTESIAN_POINT('',(0.8,-1.6,3.552713678801E-16));
#5709 = VECTOR('',#5710,1.);
#5710 = DIRECTION('',(-0.,1.,-3.330669073875E-16));
#5711 = ORIENTED_EDGE('',*,*,#5712,.F.);
#5712 = EDGE_CURVE('',#5674,#5705,#5713,.T.);
#5713 = LINE('',#5714,#5715);
#5714 = CARTESIAN_POINT('',(-0.8,-1.6,3.552713678801E-16));
#5715 = VECTOR('',#5716,1.);
#5716 = DIRECTION('',(1.,0.,0.));
#5717 = PLANE('',#5718);
#5718 = AXIS2_PLACEMENT_3D('',#5719,#5720,#5721);
#5719 = CARTESIAN_POINT('',(-0.8,-1.6,3.552713678801E-16));
#5720 = DIRECTION('',(0.,-3.330669073875E-16,-1.));
#5721 = DIRECTION('',(1.,0.,0.));
#5722 = ADVANCED_FACE('',(#5723),#5748,.T.);
#5723 = FACE_BOUND('',#5724,.T.);
#5724 = EDGE_LOOP('',(#5725,#5726,#5734,#5742));
#5725 = ORIENTED_EDGE('',*,*,#5704,.T.);
#5726 = ORIENTED_EDGE('',*,*,#5727,.T.);
#5727 = EDGE_CURVE('',#5697,#5728,#5730,.T.);
#5728 = VERTEX_POINT('',#5729);
#5729 = CARTESIAN_POINT('',(0.8,-1.066666666667,1.2));
#5730 = LINE('',#5731,#5732);
#5731 = CARTESIAN_POINT('',(0.8,-1.066666666667,2.22044604925E-16));
#5732 = VECTOR('',#5733,1.);
#5733 = DIRECTION('',(0.,3.330669073875E-16,1.));
#5734 = ORIENTED_EDGE('',*,*,#5735,.F.);
#5735 = EDGE_CURVE('',#5736,#5728,#5738,.T.);
#5736 = VERTEX_POINT('',#5737);
#5737 = CARTESIAN_POINT('',(0.8,-1.6,1.2));
#5738 = LINE('',#5739,#5740);
#5739 = CARTESIAN_POINT('',(0.8,-1.6,1.2));
#5740 = VECTOR('',#5741,1.);
#5741 = DIRECTION('',(-0.,1.,-3.330669073875E-16));
#5742 = ORIENTED_EDGE('',*,*,#5743,.F.);
#5743 = EDGE_CURVE('',#5705,#5736,#5744,.T.);
#5744 = LINE('',#5745,#5746);
#5745 = CARTESIAN_POINT('',(0.8,-1.6,3.552713678801E-16));
#5746 = VECTOR('',#5747,1.);
#5747 = DIRECTION('',(0.,3.330669073875E-16,1.));
#5748 = PLANE('',#5749);
#5749 = AXIS2_PLACEMENT_3D('',#5750,#5751,#5752);
#5750 = CARTESIAN_POINT('',(0.8,-1.6,3.552713678801E-16));
#5751 = DIRECTION('',(1.,0.,0.));
#5752 = DIRECTION('',(-0.,3.330669073875E-16,1.));
#5753 = ADVANCED_FACE('',(#5754),#5770,.T.);
#5754 = FACE_BOUND('',#5755,.T.);
#5755 = EDGE_LOOP('',(#5756,#5757,#5763,#5764));
#5756 = ORIENTED_EDGE('',*,*,#5735,.T.);
#5757 = ORIENTED_EDGE('',*,*,#5758,.T.);
#5758 = EDGE_CURVE('',#5728,#5658,#5759,.T.);
#5759 = LINE('',#5760,#5761);
#5760 = CARTESIAN_POINT('',(0.8,-1.066666666667,1.2));
#5761 = VECTOR('',#5762,1.);
#5762 = DIRECTION('',(-1.,0.,0.));
#5763 = ORIENTED_EDGE('',*,*,#5655,.F.);
#5764 = ORIENTED_EDGE('',*,*,#5765,.F.);
#5765 = EDGE_CURVE('',#5736,#5656,#5766,.T.);
#5766 = LINE('',#5767,#5768);
#5767 = CARTESIAN_POINT('',(0.8,-1.6,1.2));
#5768 = VECTOR('',#5769,1.);
#5769 = DIRECTION('',(-1.,0.,0.));
#5770 = PLANE('',#5771);
#5771 = AXIS2_PLACEMENT_3D('',#5772,#5773,#5774);
#5772 = CARTESIAN_POINT('',(0.8,-1.6,1.2));
#5773 = DIRECTION('',(0.,3.330669073875E-16,1.));
#5774 = DIRECTION('',(-1.,0.,0.));
#5775 = ADVANCED_FACE('',(#5776),#5782,.F.);
#5776 = FACE_BOUND('',#5777,.T.);
#5777 = EDGE_LOOP('',(#5778,#5779,#5780,#5781));
#5778 = ORIENTED_EDGE('',*,*,#5681,.T.);
#5779 = ORIENTED_EDGE('',*,*,#5712,.T.);
#5780 = ORIENTED_EDGE('',*,*,#5743,.T.);
#5781 = ORIENTED_EDGE('',*,*,#5765,.T.);
#5782 = PLANE('',#5783);
#5783 = AXIS2_PLACEMENT_3D('',#5784,#5785,#5786);
#5784 = CARTESIAN_POINT('',(0.,-1.6,0.6));
#5785 = DIRECTION('',(0.,1.,-1.110223024625E-16));
#5786 = DIRECTION('',(0.,1.110223024625E-16,1.));
#5787 = ADVANCED_FACE('',(#5788),#5794,.T.);
#5788 = FACE_BOUND('',#5789,.F.);
#5789 = EDGE_LOOP('',(#5790,#5791,#5792,#5793));
#5790 = ORIENTED_EDGE('',*,*,#5665,.T.);
#5791 = ORIENTED_EDGE('',*,*,#5696,.T.);
#5792 = ORIENTED_EDGE('',*,*,#5727,.T.);
#5793 = ORIENTED_EDGE('',*,*,#5758,.T.);
#5794 = PLANE('',#5795);
#5795 = AXIS2_PLACEMENT_3D('',#5796,#5797,#5798);
#5796 = CARTESIAN_POINT('',(0.,-1.066666666667,0.6));
#5797 = DIRECTION('',(0.,1.,-1.110223024625E-16));
#5798 = DIRECTION('',(0.,1.110223024625E-16,1.));
#5799 = ( GEOMETRIC_REPRESENTATION_CONTEXT(3) 
GLOBAL_UNCERTAINTY_ASSIGNED_CONTEXT((#5803)) 
GLOBAL_UNIT_ASSIGNED_CONTEXT((#5800,#5801,#5802)) REPRESENTATION_CONTEXT
('Context #1','3D Context with UNIT and UNCERTAINTY') );
#5800 = ( LENGTH_UNIT() NAMED_UNIT(*) SI_UNIT(.MILLI.,.METRE.) );
#5801 = ( NAMED_UNIT(*) PLANE_ANGLE_UNIT() SI_UNIT($,.RADIAN.) );
#5802 = ( NAMED_UNIT(*) SI_UNIT($,.STERADIAN.) SOLID_ANGLE_UNIT() );
#5803 = UNCERTAINTY_MEASURE_WITH_UNIT(LENGTH_MEASURE(1.E-07),#5800,
  'distance_accuracy_value','confusion accuracy');
#5804 = CONTEXT_DEPENDENT_SHAPE_REPRESENTATION(#5805,#5807);
#5805 = ( REPRESENTATION_RELATIONSHIP('','',#5648,#5448) 
REPRESENTATION_RELATIONSHIP_WITH_TRANSFORMATION(#5806) 
SHAPE_REPRESENTATION_RELATIONSHIP() );
#5806 = ITEM_DEFINED_TRANSFORMATION('','',#11,#5453);
#5807 = PRODUCT_DEFINITION_SHAPE('Placement','Placement of an item',
  #5808);
#5808 = NEXT_ASSEMBLY_USAGE_OCCURRENCE('10','Contact','',#5443,#5643,$);
#5809 = PRODUCT_RELATED_PRODUCT_CATEGORY('part',$,(#5645));
#5810 = SHAPE_DEFINITION_REPRESENTATION(#5811,#5817);
#5811 = PRODUCT_DEFINITION_SHAPE('','',#5812);
#5812 = PRODUCT_DEFINITION('design','',#5813,#5816);
#5813 = PRODUCT_DEFINITION_FORMATION('','',#5814);
#5814 = PRODUCT('ContactClone','ContactClone','',(#5815));
#5815 = PRODUCT_CONTEXT('',#2,'mechanical');
#5816 = PRODUCT_DEFINITION_CONTEXT('part definition',#2,'design');
#5817 = ADVANCED_BREP_SHAPE_REPRESENTATION('',(#11,#5818),#5968);
#5818 = MANIFOLD_SOLID_BREP('',#5819);
#5819 = CLOSED_SHELL('',(#5820,#5860,#5891,#5922,#5944,#5956));
#5820 = ADVANCED_FACE('',(#5821),#5855,.T.);
#5821 = FACE_BOUND('',#5822,.T.);
#5822 = EDGE_LOOP('',(#5823,#5833,#5841,#5849));
#5823 = ORIENTED_EDGE('',*,*,#5824,.T.);
#5824 = EDGE_CURVE('',#5825,#5827,#5829,.T.);
#5825 = VERTEX_POINT('',#5826);
#5826 = CARTESIAN_POINT('',(-0.8,-1.6,1.2));
#5827 = VERTEX_POINT('',#5828);
#5828 = CARTESIAN_POINT('',(-0.8,-1.066666666667,1.2));
#5829 = LINE('',#5830,#5831);
#5830 = CARTESIAN_POINT('',(-0.8,-1.6,1.2));
#5831 = VECTOR('',#5832,1.);
#5832 = DIRECTION('',(0.,1.,-3.330669073875E-16));
#5833 = ORIENTED_EDGE('',*,*,#5834,.T.);
#5834 = EDGE_CURVE('',#5827,#5835,#5837,.T.);
#5835 = VERTEX_POINT('',#5836);
#5836 = CARTESIAN_POINT('',(-0.8,-1.066666666667,2.22044604925E-16));
#5837 = LINE('',#5838,#5839);
#5838 = CARTESIAN_POINT('',(-0.8,-1.066666666667,1.2));
#5839 = VECTOR('',#5840,1.);
#5840 = DIRECTION('',(0.,-3.330669073875E-16,-1.));
#5841 = ORIENTED_EDGE('',*,*,#5842,.F.);
#5842 = EDGE_CURVE('',#5843,#5835,#5845,.T.);
#5843 = VERTEX_POINT('',#5844);
#5844 = CARTESIAN_POINT('',(-0.8,-1.6,2.22044604925E-16));
#5845 = LINE('',#5846,#5847);
#5846 = CARTESIAN_POINT('',(-0.8,-1.6,3.552713678801E-16));
#5847 = VECTOR('',#5848,1.);
#5848 = DIRECTION('',(0.,1.,-3.330669073875E-16));
#5849 = ORIENTED_EDGE('',*,*,#5850,.F.);
#5850 = EDGE_CURVE('',#5825,#5843,#5851,.T.);
#5851 = LINE('',#5852,#5853);
#5852 = CARTESIAN_POINT('',(-0.8,-1.6,1.2));
#5853 = VECTOR('',#5854,1.);
#5854 = DIRECTION('',(0.,-3.330669073875E-16,-1.));
#5855 = PLANE('',#5856);
#5856 = AXIS2_PLACEMENT_3D('',#5857,#5858,#5859);
#5857 = CARTESIAN_POINT('',(-0.8,-1.6,1.2));
#5858 = DIRECTION('',(-1.,0.,0.));
#5859 = DIRECTION('',(-0.,-3.330669073875E-16,-1.));
#5860 = ADVANCED_FACE('',(#5861),#5886,.T.);
#5861 = FACE_BOUND('',#5862,.T.);
#5862 = EDGE_LOOP('',(#5863,#5864,#5872,#5880));
#5863 = ORIENTED_EDGE('',*,*,#5842,.T.);
#5864 = ORIENTED_EDGE('',*,*,#5865,.T.);
#5865 = EDGE_CURVE('',#5835,#5866,#5868,.T.);
#5866 = VERTEX_POINT('',#5867);
#5867 = CARTESIAN_POINT('',(0.8,-1.066666666667,2.22044604925E-16));
#5868 = LINE('',#5869,#5870);
#5869 = CARTESIAN_POINT('',(-0.8,-1.066666666667,2.22044604925E-16));
#5870 = VECTOR('',#5871,1.);
#5871 = DIRECTION('',(1.,0.,0.));
#5872 = ORIENTED_EDGE('',*,*,#5873,.F.);
#5873 = EDGE_CURVE('',#5874,#5866,#5876,.T.);
#5874 = VERTEX_POINT('',#5875);
#5875 = CARTESIAN_POINT('',(0.8,-1.6,2.22044604925E-16));
#5876 = LINE('',#5877,#5878);
#5877 = CARTESIAN_POINT('',(0.8,-1.6,3.552713678801E-16));
#5878 = VECTOR('',#5879,1.);
#5879 = DIRECTION('',(0.,1.,-3.330669073875E-16));
#5880 = ORIENTED_EDGE('',*,*,#5881,.F.);
#5881 = EDGE_CURVE('',#5843,#5874,#5882,.T.);
#5882 = LINE('',#5883,#5884);
#5883 = CARTESIAN_POINT('',(-0.8,-1.6,3.552713678801E-16));
#5884 = VECTOR('',#5885,1.);
#5885 = DIRECTION('',(1.,0.,0.));
#5886 = PLANE('',#5887);
#5887 = AXIS2_PLACEMENT_3D('',#5888,#5889,#5890);
#5888 = CARTESIAN_POINT('',(-0.8,-1.6,3.552713678801E-16));
#5889 = DIRECTION('',(0.,-3.330669073875E-16,-1.));
#5890 = DIRECTION('',(1.,0.,0.));
#5891 = ADVANCED_FACE('',(#5892),#5917,.T.);
#5892 = FACE_BOUND('',#5893,.T.);
#5893 = EDGE_LOOP('',(#5894,#5895,#5903,#5911));
#5894 = ORIENTED_EDGE('',*,*,#5873,.T.);
#5895 = ORIENTED_EDGE('',*,*,#5896,.T.);
#5896 = EDGE_CURVE('',#5866,#5897,#5899,.T.);
#5897 = VERTEX_POINT('',#5898);
#5898 = CARTESIAN_POINT('',(0.8,-1.066666666667,1.2));
#5899 = LINE('',#5900,#5901);
#5900 = CARTESIAN_POINT('',(0.8,-1.066666666667,2.22044604925E-16));
#5901 = VECTOR('',#5902,1.);
#5902 = DIRECTION('',(0.,3.330669073875E-16,1.));
#5903 = ORIENTED_EDGE('',*,*,#5904,.F.);
#5904 = EDGE_CURVE('',#5905,#5897,#5907,.T.);
#5905 = VERTEX_POINT('',#5906);
#5906 = CARTESIAN_POINT('',(0.8,-1.6,1.2));
#5907 = LINE('',#5908,#5909);
#5908 = CARTESIAN_POINT('',(0.8,-1.6,1.2));
#5909 = VECTOR('',#5910,1.);
#5910 = DIRECTION('',(0.,1.,-3.330669073875E-16));
#5911 = ORIENTED_EDGE('',*,*,#5912,.F.);
#5912 = EDGE_CURVE('',#5874,#5905,#5913,.T.);
#5913 = LINE('',#5914,#5915);
#5914 = CARTESIAN_POINT('',(0.8,-1.6,3.552713678801E-16));
#5915 = VECTOR('',#5916,1.);
#5916 = DIRECTION('',(0.,3.330669073875E-16,1.));
#5917 = PLANE('',#5918);
#5918 = AXIS2_PLACEMENT_3D('',#5919,#5920,#5921);
#5919 = CARTESIAN_POINT('',(0.8,-1.6,3.552713678801E-16));
#5920 = DIRECTION('',(1.,0.,0.));
#5921 = DIRECTION('',(-0.,3.330669073875E-16,1.));
#5922 = ADVANCED_FACE('',(#5923),#5939,.T.);
#5923 = FACE_BOUND('',#5924,.T.);
#5924 = EDGE_LOOP('',(#5925,#5926,#5932,#5933));
#5925 = ORIENTED_EDGE('',*,*,#5904,.T.);
#5926 = ORIENTED_EDGE('',*,*,#5927,.T.);
#5927 = EDGE_CURVE('',#5897,#5827,#5928,.T.);
#5928 = LINE('',#5929,#5930);
#5929 = CARTESIAN_POINT('',(0.8,-1.066666666667,1.2));
#5930 = VECTOR('',#5931,1.);
#5931 = DIRECTION('',(-1.,0.,0.));
#5932 = ORIENTED_EDGE('',*,*,#5824,.F.);
#5933 = ORIENTED_EDGE('',*,*,#5934,.F.);
#5934 = EDGE_CURVE('',#5905,#5825,#5935,.T.);
#5935 = LINE('',#5936,#5937);
#5936 = CARTESIAN_POINT('',(0.8,-1.6,1.2));
#5937 = VECTOR('',#5938,1.);
#5938 = DIRECTION('',(-1.,0.,0.));
#5939 = PLANE('',#5940);
#5940 = AXIS2_PLACEMENT_3D('',#5941,#5942,#5943);
#5941 = CARTESIAN_POINT('',(0.8,-1.6,1.2));
#5942 = DIRECTION('',(0.,3.330669073875E-16,1.));
#5943 = DIRECTION('',(-1.,0.,0.));
#5944 = ADVANCED_FACE('',(#5945),#5951,.F.);
#5945 = FACE_BOUND('',#5946,.T.);
#5946 = EDGE_LOOP('',(#5947,#5948,#5949,#5950));
#5947 = ORIENTED_EDGE('',*,*,#5850,.T.);
#5948 = ORIENTED_EDGE('',*,*,#5881,.T.);
#5949 = ORIENTED_EDGE('',*,*,#5912,.T.);
#5950 = ORIENTED_EDGE('',*,*,#5934,.T.);
#5951 = PLANE('',#5952);
#5952 = AXIS2_PLACEMENT_3D('',#5953,#5954,#5955);
#5953 = CARTESIAN_POINT('',(0.,-1.6,0.6));
#5954 = DIRECTION('',(0.,1.,-1.110223024625E-16));
#5955 = DIRECTION('',(0.,1.110223024625E-16,1.));
#5956 = ADVANCED_FACE('',(#5957),#5963,.T.);
#5957 = FACE_BOUND('',#5958,.F.);
#5958 = EDGE_LOOP('',(#5959,#5960,#5961,#5962));
#5959 = ORIENTED_EDGE('',*,*,#5834,.T.);
#5960 = ORIENTED_EDGE('',*,*,#5865,.T.);
#5961 = ORIENTED_EDGE('',*,*,#5896,.T.);
#5962 = ORIENTED_EDGE('',*,*,#5927,.T.);
#5963 = PLANE('',#5964);
#5964 = AXIS2_PLACEMENT_3D('',#5965,#5966,#5967);
#5965 = CARTESIAN_POINT('',(0.,-1.066666666667,0.6));
#5966 = DIRECTION('',(0.,1.,-1.110223024625E-16));
#5967 = DIRECTION('',(0.,1.110223024625E-16,1.));
#5968 = ( GEOMETRIC_REPRESENTATION_CONTEXT(3) 
GLOBAL_UNCERTAINTY_ASSIGNED_CONTEXT((#5972)) 
GLOBAL_UNIT_ASSIGNED_CONTEXT((#5969,#5970,#5971)) REPRESENTATION_CONTEXT
('Context #1','3D Context with UNIT and UNCERTAINTY') );
#5969 = ( LENGTH_UNIT() NAMED_UNIT(*) SI_UNIT(.MILLI.,.METRE.) );
#5970 = ( NAMED_UNIT(*) PLANE_ANGLE_UNIT() SI_UNIT($,.RADIAN.) );
#5971 = ( NAMED_UNIT(*) SI_UNIT($,.STERADIAN.) SOLID_ANGLE_UNIT() );
#5972 = UNCERTAINTY_MEASURE_WITH_UNIT(LENGTH_MEASURE(1.E-07),#5969,
  'distance_accuracy_value','confusion accuracy');
#5973 = CONTEXT_DEPENDENT_SHAPE_REPRESENTATION(#5974,#5976);
#5974 = ( REPRESENTATION_RELATIONSHIP('','',#5817,#5448) 
REPRESENTATION_RELATIONSHIP_WITH_TRANSFORMATION(#5975) 
SHAPE_REPRESENTATION_RELATIONSHIP() );
#5975 = ITEM_DEFINED_TRANSFORMATION('','',#11,#5457);
#5976 = PRODUCT_DEFINITION_SHAPE('Placement','Placement of an item',
  #5977);
#5977 = NEXT_ASSEMBLY_USAGE_OCCURRENCE('11','ContactClone','',#5443,
  #5812,$);
#5978 = PRODUCT_RELATED_PRODUCT_CATEGORY('part',$,(#5814));
#5979 = SHAPE_DEFINITION_REPRESENTATION(#5980,#5986);
#5980 = PRODUCT_DEFINITION_SHAPE('','',#5981);
#5981 = PRODUCT_DEFINITION('design','',#5982,#5985);
#5982 = PRODUCT_DEFINITION_FORMATION('','',#5983);
#5983 = PRODUCT('LED-1206','LED-1206','',(#5984));
#5984 = PRODUCT_CONTEXT('',#2,'mechanical');
#5985 = PRODUCT_DEFINITION_CONTEXT('part definition',#2,'design');
#5986 = SHAPE_REPRESENTATION('',(#11,#5987,#5991,#5995,#5999),#6003);
#5987 = AXIS2_PLACEMENT_3D('',#5988,#5989,#5990);
#5988 = CARTESIAN_POINT('',(0.,0.,0.));
#5989 = DIRECTION('',(0.,0.,1.));
#5990 = DIRECTION('',(1.,0.,0.));
#5991 = AXIS2_PLACEMENT_3D('',#5992,#5993,#5994);
#5992 = CARTESIAN_POINT('',(0.,0.,0.));
#5993 = DIRECTION('',(0.,0.,1.));
#5994 = DIRECTION('',(1.,0.,0.));
#5995 = AXIS2_PLACEMENT_3D('',#5996,#5997,#5998);
#5996 = CARTESIAN_POINT('',(0.,0.,0.));
#5997 = DIRECTION('',(0.,0.,1.));
#5998 = DIRECTION('',(1.,0.,0.));
#5999 = AXIS2_PLACEMENT_3D('',#6000,#6001,#6002);
#6000 = CARTESIAN_POINT('',(0.,0.,0.));
#6001 = DIRECTION('',(0.,0.,1.));
#6002 = DIRECTION('',(-1.,0.,0.));
#6003 = ( GEOMETRIC_REPRESENTATION_CONTEXT(3) 
GLOBAL_UNCERTAINTY_ASSIGNED_CONTEXT((#6007)) 
GLOBAL_UNIT_ASSIGNED_CONTEXT((#6004,#6005,#6006)) REPRESENTATION_CONTEXT
('Context #1','3D Context with UNIT and UNCERTAINTY') );
#6004 = ( LENGTH_UNIT() NAMED_UNIT(*) SI_UNIT(.MILLI.,.METRE.) );
#6005 = ( NAMED_UNIT(*) PLANE_ANGLE_UNIT() SI_UNIT($,.RADIAN.) );
#6006 = ( NAMED_UNIT(*) SI_UNIT($,.STERADIAN.) SOLID_ANGLE_UNIT() );
#6007 = UNCERTAINTY_MEASURE_WITH_UNIT(LENGTH_MEASURE(1.E-07),#6004,
  'distance_accuracy_value','confusion accuracy');
#6008 = CONTEXT_DEPENDENT_SHAPE_REPRESENTATION(#6009,#6011);
#6009 = ( REPRESENTATION_RELATIONSHIP('','',#5986,#10) 
REPRESENTATION_RELATIONSHIP_WITH_TRANSFORMATION(#6010) 
SHAPE_REPRESENTATION_RELATIONSHIP() );
#6010 = ITEM_DEFINED_TRANSFORMATION('','',#11,#27);
#6011 = PRODUCT_DEFINITION_SHAPE('Placement','Placement of an item',
  #6012);
#6012 = NEXT_ASSEMBLY_USAGE_OCCURRENCE('17','D1','',#5,#5981,$);
#6013 = PRODUCT_RELATED_PRODUCT_CATEGORY('part',$,(#5983));
#6014 = SHAPE_DEFINITION_REPRESENTATION(#6015,#6021);
#6015 = PRODUCT_DEFINITION_SHAPE('','',#6016);
#6016 = PRODUCT_DEFINITION('design','',#6017,#6020);
#6017 = PRODUCT_DEFINITION_FORMATION('','',#6018);
#6018 = PRODUCT('Base','Base','',(#6019));
#6019 = PRODUCT_CONTEXT('',#2,'mechanical');
#6020 = PRODUCT_DEFINITION_CONTEXT('part definition',#2,'design');
#6021 = ADVANCED_BREP_SHAPE_REPRESENTATION('',(#11,#6022),#6308);
#6022 = MANIFOLD_SOLID_BREP('',#6023);
#6023 = CLOSED_SHELL('',(#6024,#6064,#6095,#6126,#6177,#6228,#6245,#6262
    ,#6279,#6296));
#6024 = ADVANCED_FACE('',(#6025),#6059,.F.);
#6025 = FACE_BOUND('',#6026,.F.);
#6026 = EDGE_LOOP('',(#6027,#6037,#6045,#6053));
#6027 = ORIENTED_EDGE('',*,*,#6028,.T.);
#6028 = EDGE_CURVE('',#6029,#6031,#6033,.T.);
#6029 = VERTEX_POINT('',#6030);
#6030 = CARTESIAN_POINT('',(-0.75,1.6,5.E-02));
#6031 = VERTEX_POINT('',#6032);
#6032 = CARTESIAN_POINT('',(-0.75,1.6,0.41));
#6033 = LINE('',#6034,#6035);
#6034 = CARTESIAN_POINT('',(-0.75,1.6,5.E-02));
#6035 = VECTOR('',#6036,1.);
#6036 = DIRECTION('',(0.,0.,1.));
#6037 = ORIENTED_EDGE('',*,*,#6038,.T.);
#6038 = EDGE_CURVE('',#6031,#6039,#6041,.T.);
#6039 = VERTEX_POINT('',#6040);
#6040 = CARTESIAN_POINT('',(-0.75,-1.6,0.41));
#6041 = LINE('',#6042,#6043);
#6042 = CARTESIAN_POINT('',(-0.75,1.6,0.41));
#6043 = VECTOR('',#6044,1.);
#6044 = DIRECTION('',(0.,-1.,0.));
#6045 = ORIENTED_EDGE('',*,*,#6046,.F.);
#6046 = EDGE_CURVE('',#6047,#6039,#6049,.T.);
#6047 = VERTEX_POINT('',#6048);
#6048 = CARTESIAN_POINT('',(-0.75,-1.6,5.E-02));
#6049 = LINE('',#6050,#6051);
#6050 = CARTESIAN_POINT('',(-0.75,-1.6,5.E-02));
#6051 = VECTOR('',#6052,1.);
#6052 = DIRECTION('',(0.,0.,1.));
#6053 = ORIENTED_EDGE('',*,*,#6054,.F.);
#6054 = EDGE_CURVE('',#6029,#6047,#6055,.T.);
#6055 = LINE('',#6056,#6057);
#6056 = CARTESIAN_POINT('',(-0.75,1.6,5.E-02));
#6057 = VECTOR('',#6058,1.);
#6058 = DIRECTION('',(0.,-1.,0.));
#6059 = PLANE('',#6060);
#6060 = AXIS2_PLACEMENT_3D('',#6061,#6062,#6063);
#6061 = CARTESIAN_POINT('',(-0.75,1.6,5.E-02));
#6062 = DIRECTION('',(1.,0.,0.));
#6063 = DIRECTION('',(0.,-1.,0.));
#6064 = ADVANCED_FACE('',(#6065),#6090,.F.);
#6065 = FACE_BOUND('',#6066,.F.);
#6066 = EDGE_LOOP('',(#6067,#6075,#6083,#6089));
#6067 = ORIENTED_EDGE('',*,*,#6068,.F.);
#6068 = EDGE_CURVE('',#6069,#6029,#6071,.T.);
#6069 = VERTEX_POINT('',#6070);
#6070 = CARTESIAN_POINT('',(-0.3,1.6,5.E-02));
#6071 = LINE('',#6072,#6073);
#6072 = CARTESIAN_POINT('',(0.75,1.6,5.E-02));
#6073 = VECTOR('',#6074,1.);
#6074 = DIRECTION('',(-1.,0.,0.));
#6075 = ORIENTED_EDGE('',*,*,#6076,.F.);
#6076 = EDGE_CURVE('',#6077,#6069,#6079,.T.);
#6077 = VERTEX_POINT('',#6078);
#6078 = CARTESIAN_POINT('',(-0.3,1.6,0.41));
#6079 = LINE('',#6080,#6081);
#6080 = CARTESIAN_POINT('',(-0.3,1.6,0.41));
#6081 = VECTOR('',#6082,1.);
#6082 = DIRECTION('',(-0.,-0.,-1.));
#6083 = ORIENTED_EDGE('',*,*,#6084,.T.);
#6084 = EDGE_CURVE('',#6077,#6031,#6085,.T.);
#6085 = LINE('',#6086,#6087);
#6086 = CARTESIAN_POINT('',(0.75,1.6,0.41));
#6087 = VECTOR('',#6088,1.);
#6088 = DIRECTION('',(-1.,0.,0.));
#6089 = ORIENTED_EDGE('',*,*,#6028,.F.);
#6090 = PLANE('',#6091);
#6091 = AXIS2_PLACEMENT_3D('',#6092,#6093,#6094);
#6092 = CARTESIAN_POINT('',(0.75,1.6,5.E-02));
#6093 = DIRECTION('',(0.,-1.,0.));
#6094 = DIRECTION('',(-1.,0.,0.));
#6095 = ADVANCED_FACE('',(#6096),#6121,.F.);
#6096 = FACE_BOUND('',#6097,.F.);
#6097 = EDGE_LOOP('',(#6098,#6106,#6107,#6115));
#6098 = ORIENTED_EDGE('',*,*,#6099,.F.);
#6099 = EDGE_CURVE('',#6047,#6100,#6102,.T.);
#6100 = VERTEX_POINT('',#6101);
#6101 = CARTESIAN_POINT('',(-0.3,-1.6,5.E-02));
#6102 = LINE('',#6103,#6104);
#6103 = CARTESIAN_POINT('',(-0.75,-1.6,5.E-02));
#6104 = VECTOR('',#6105,1.);
#6105 = DIRECTION('',(1.,0.,0.));
#6106 = ORIENTED_EDGE('',*,*,#6046,.T.);
#6107 = ORIENTED_EDGE('',*,*,#6108,.T.);
#6108 = EDGE_CURVE('',#6039,#6109,#6111,.T.);
#6109 = VERTEX_POINT('',#6110);
#6110 = CARTESIAN_POINT('',(-0.3,-1.6,0.41));
#6111 = LINE('',#6112,#6113);
#6112 = CARTESIAN_POINT('',(-0.75,-1.6,0.41));
#6113 = VECTOR('',#6114,1.);
#6114 = DIRECTION('',(1.,0.,0.));
#6115 = ORIENTED_EDGE('',*,*,#6116,.T.);
#6116 = EDGE_CURVE('',#6109,#6100,#6117,.T.);
#6117 = LINE('',#6118,#6119);
#6118 = CARTESIAN_POINT('',(-0.3,-1.6,0.41));
#6119 = VECTOR('',#6120,1.);
#6120 = DIRECTION('',(0.,0.,-1.));
#6121 = PLANE('',#6122);
#6122 = AXIS2_PLACEMENT_3D('',#6123,#6124,#6125);
#6123 = CARTESIAN_POINT('',(-0.75,-1.6,5.E-02));
#6124 = DIRECTION('',(0.,1.,0.));
#6125 = DIRECTION('',(1.,0.,0.));
#6126 = ADVANCED_FACE('',(#6127),#6172,.F.);
#6127 = FACE_BOUND('',#6128,.F.);
#6128 = EDGE_LOOP('',(#6129,#6138,#6139,#6140,#6141,#6150,#6158,#6166));
#6129 = ORIENTED_EDGE('',*,*,#6130,.F.);
#6130 = EDGE_CURVE('',#6069,#6131,#6133,.T.);
#6131 = VERTEX_POINT('',#6132);
#6132 = CARTESIAN_POINT('',(0.3,1.6,5.E-02));
#6133 = CIRCLE('',#6134,0.3);
#6134 = AXIS2_PLACEMENT_3D('',#6135,#6136,#6137);
#6135 = CARTESIAN_POINT('',(0.,1.6,5.E-02));
#6136 = DIRECTION('',(0.,0.,1.));
#6137 = DIRECTION('',(1.,0.,-0.));
#6138 = ORIENTED_EDGE('',*,*,#6068,.T.);
#6139 = ORIENTED_EDGE('',*,*,#6054,.T.);
#6140 = ORIENTED_EDGE('',*,*,#6099,.T.);
#6141 = ORIENTED_EDGE('',*,*,#6142,.F.);
#6142 = EDGE_CURVE('',#6143,#6100,#6145,.T.);
#6143 = VERTEX_POINT('',#6144);
#6144 = CARTESIAN_POINT('',(0.3,-1.6,5.E-02));
#6145 = CIRCLE('',#6146,0.3);
#6146 = AXIS2_PLACEMENT_3D('',#6147,#6148,#6149);
#6147 = CARTESIAN_POINT('',(0.,-1.6,5.E-02));
#6148 = DIRECTION('',(0.,0.,1.));
#6149 = DIRECTION('',(1.,0.,-0.));
#6150 = ORIENTED_EDGE('',*,*,#6151,.T.);
#6151 = EDGE_CURVE('',#6143,#6152,#6154,.T.);
#6152 = VERTEX_POINT('',#6153);
#6153 = CARTESIAN_POINT('',(0.75,-1.6,5.E-02));
#6154 = LINE('',#6155,#6156);
#6155 = CARTESIAN_POINT('',(-0.75,-1.6,5.E-02));
#6156 = VECTOR('',#6157,1.);
#6157 = DIRECTION('',(1.,0.,0.));
#6158 = ORIENTED_EDGE('',*,*,#6159,.T.);
#6159 = EDGE_CURVE('',#6152,#6160,#6162,.T.);
#6160 = VERTEX_POINT('',#6161);
#6161 = CARTESIAN_POINT('',(0.75,1.6,5.E-02));
#6162 = LINE('',#6163,#6164);
#6163 = CARTESIAN_POINT('',(0.75,-1.6,5.E-02));
#6164 = VECTOR('',#6165,1.);
#6165 = DIRECTION('',(0.,1.,0.));
#6166 = ORIENTED_EDGE('',*,*,#6167,.T.);
#6167 = EDGE_CURVE('',#6160,#6131,#6168,.T.);
#6168 = LINE('',#6169,#6170);
#6169 = CARTESIAN_POINT('',(0.75,1.6,5.E-02));
#6170 = VECTOR('',#6171,1.);
#6171 = DIRECTION('',(-1.,0.,0.));
#6172 = PLANE('',#6173);
#6173 = AXIS2_PLACEMENT_3D('',#6174,#6175,#6176);
#6174 = CARTESIAN_POINT('',(0.,0.,5.E-02));
#6175 = DIRECTION('',(0.,0.,1.));
#6176 = DIRECTION('',(1.,0.,-0.));
#6177 = ADVANCED_FACE('',(#6178),#6223,.T.);
#6178 = FACE_BOUND('',#6179,.T.);
#6179 = EDGE_LOOP('',(#6180,#6189,#6190,#6191,#6192,#6201,#6209,#6217));
#6180 = ORIENTED_EDGE('',*,*,#6181,.F.);
#6181 = EDGE_CURVE('',#6077,#6182,#6184,.T.);
#6182 = VERTEX_POINT('',#6183);
#6183 = CARTESIAN_POINT('',(0.3,1.6,0.41));
#6184 = CIRCLE('',#6185,0.3);
#6185 = AXIS2_PLACEMENT_3D('',#6186,#6187,#6188);
#6186 = CARTESIAN_POINT('',(0.,1.6,0.41));
#6187 = DIRECTION('',(0.,0.,1.));
#6188 = DIRECTION('',(1.,0.,-0.));
#6189 = ORIENTED_EDGE('',*,*,#6084,.T.);
#6190 = ORIENTED_EDGE('',*,*,#6038,.T.);
#6191 = ORIENTED_EDGE('',*,*,#6108,.T.);
#6192 = ORIENTED_EDGE('',*,*,#6193,.T.);
#6193 = EDGE_CURVE('',#6109,#6194,#6196,.T.);
#6194 = VERTEX_POINT('',#6195);
#6195 = CARTESIAN_POINT('',(0.3,-1.6,0.41));
#6196 = CIRCLE('',#6197,0.3);
#6197 = AXIS2_PLACEMENT_3D('',#6198,#6199,#6200);
#6198 = CARTESIAN_POINT('',(0.,-1.6,0.41));
#6199 = DIRECTION('',(0.,0.,-1.));
#6200 = DIRECTION('',(1.,0.,0.));
#6201 = ORIENTED_EDGE('',*,*,#6202,.T.);
#6202 = EDGE_CURVE('',#6194,#6203,#6205,.T.);
#6203 = VERTEX_POINT('',#6204);
#6204 = CARTESIAN_POINT('',(0.75,-1.6,0.41));
#6205 = LINE('',#6206,#6207);
#6206 = CARTESIAN_POINT('',(-0.75,-1.6,0.41));
#6207 = VECTOR('',#6208,1.);
#6208 = DIRECTION('',(1.,0.,0.));
#6209 = ORIENTED_EDGE('',*,*,#6210,.T.);
#6210 = EDGE_CURVE('',#6203,#6211,#6213,.T.);
#6211 = VERTEX_POINT('',#6212);
#6212 = CARTESIAN_POINT('',(0.75,1.6,0.41));
#6213 = LINE('',#6214,#6215);
#6214 = CARTESIAN_POINT('',(0.75,-1.6,0.41));
#6215 = VECTOR('',#6216,1.);
#6216 = DIRECTION('',(0.,1.,0.));
#6217 = ORIENTED_EDGE('',*,*,#6218,.T.);
#6218 = EDGE_CURVE('',#6211,#6182,#6219,.T.);
#6219 = LINE('',#6220,#6221);
#6220 = CARTESIAN_POINT('',(0.75,1.6,0.41));
#6221 = VECTOR('',#6222,1.);
#6222 = DIRECTION('',(-1.,0.,0.));
#6223 = PLANE('',#6224);
#6224 = AXIS2_PLACEMENT_3D('',#6225,#6226,#6227);
#6225 = CARTESIAN_POINT('',(0.,0.,0.41));
#6226 = DIRECTION('',(0.,0.,1.));
#6227 = DIRECTION('',(1.,0.,-0.));
#6228 = ADVANCED_FACE('',(#6229),#6240,.F.);
#6229 = FACE_BOUND('',#6230,.F.);
#6230 = EDGE_LOOP('',(#6231,#6232,#6233,#6234));
#6231 = ORIENTED_EDGE('',*,*,#6181,.F.);
#6232 = ORIENTED_EDGE('',*,*,#6076,.T.);
#6233 = ORIENTED_EDGE('',*,*,#6130,.T.);
#6234 = ORIENTED_EDGE('',*,*,#6235,.F.);
#6235 = EDGE_CURVE('',#6182,#6131,#6236,.T.);
#6236 = LINE('',#6237,#6238);
#6237 = CARTESIAN_POINT('',(0.3,1.6,0.41));
#6238 = VECTOR('',#6239,1.);
#6239 = DIRECTION('',(-0.,-0.,-1.));
#6240 = CYLINDRICAL_SURFACE('',#6241,0.3);
#6241 = AXIS2_PLACEMENT_3D('',#6242,#6243,#6244);
#6242 = CARTESIAN_POINT('',(0.,1.6,0.41));
#6243 = DIRECTION('',(0.,0.,1.));
#6244 = DIRECTION('',(1.,0.,-0.));
#6245 = ADVANCED_FACE('',(#6246),#6257,.F.);
#6246 = FACE_BOUND('',#6247,.F.);
#6247 = EDGE_LOOP('',(#6248,#6254,#6255,#6256));
#6248 = ORIENTED_EDGE('',*,*,#6249,.T.);
#6249 = EDGE_CURVE('',#6194,#6143,#6250,.T.);
#6250 = LINE('',#6251,#6252);
#6251 = CARTESIAN_POINT('',(0.3,-1.6,0.41));
#6252 = VECTOR('',#6253,1.);
#6253 = DIRECTION('',(0.,0.,-1.));
#6254 = ORIENTED_EDGE('',*,*,#6142,.T.);
#6255 = ORIENTED_EDGE('',*,*,#6116,.F.);
#6256 = ORIENTED_EDGE('',*,*,#6193,.T.);
#6257 = CYLINDRICAL_SURFACE('',#6258,0.3);
#6258 = AXIS2_PLACEMENT_3D('',#6259,#6260,#6261);
#6259 = CARTESIAN_POINT('',(0.,-1.6,0.41));
#6260 = DIRECTION('',(0.,0.,1.));
#6261 = DIRECTION('',(1.,0.,-0.));
#6262 = ADVANCED_FACE('',(#6263),#6274,.F.);
#6263 = FACE_BOUND('',#6264,.F.);
#6264 = EDGE_LOOP('',(#6265,#6266,#6272,#6273));
#6265 = ORIENTED_EDGE('',*,*,#6167,.F.);
#6266 = ORIENTED_EDGE('',*,*,#6267,.T.);
#6267 = EDGE_CURVE('',#6160,#6211,#6268,.T.);
#6268 = LINE('',#6269,#6270);
#6269 = CARTESIAN_POINT('',(0.75,1.6,5.E-02));
#6270 = VECTOR('',#6271,1.);
#6271 = DIRECTION('',(0.,0.,1.));
#6272 = ORIENTED_EDGE('',*,*,#6218,.T.);
#6273 = ORIENTED_EDGE('',*,*,#6235,.T.);
#6274 = PLANE('',#6275);
#6275 = AXIS2_PLACEMENT_3D('',#6276,#6277,#6278);
#6276 = CARTESIAN_POINT('',(0.75,1.6,5.E-02));
#6277 = DIRECTION('',(0.,-1.,0.));
#6278 = DIRECTION('',(-1.,0.,0.));
#6279 = ADVANCED_FACE('',(#6280),#6291,.F.);
#6280 = FACE_BOUND('',#6281,.F.);
#6281 = EDGE_LOOP('',(#6282,#6288,#6289,#6290));
#6282 = ORIENTED_EDGE('',*,*,#6283,.T.);
#6283 = EDGE_CURVE('',#6152,#6203,#6284,.T.);
#6284 = LINE('',#6285,#6286);
#6285 = CARTESIAN_POINT('',(0.75,-1.6,5.E-02));
#6286 = VECTOR('',#6287,1.);
#6287 = DIRECTION('',(0.,0.,1.));
#6288 = ORIENTED_EDGE('',*,*,#6210,.T.);
#6289 = ORIENTED_EDGE('',*,*,#6267,.F.);
#6290 = ORIENTED_EDGE('',*,*,#6159,.F.);
#6291 = PLANE('',#6292);
#6292 = AXIS2_PLACEMENT_3D('',#6293,#6294,#6295);
#6293 = CARTESIAN_POINT('',(0.75,-1.6,5.E-02));
#6294 = DIRECTION('',(-1.,0.,0.));
#6295 = DIRECTION('',(0.,1.,0.));
#6296 = ADVANCED_FACE('',(#6297),#6303,.F.);
#6297 = FACE_BOUND('',#6298,.F.);
#6298 = EDGE_LOOP('',(#6299,#6300,#6301,#6302));
#6299 = ORIENTED_EDGE('',*,*,#6151,.F.);
#6300 = ORIENTED_EDGE('',*,*,#6249,.F.);
#6301 = ORIENTED_EDGE('',*,*,#6202,.T.);
#6302 = ORIENTED_EDGE('',*,*,#6283,.F.);
#6303 = PLANE('',#6304);
#6304 = AXIS2_PLACEMENT_3D('',#6305,#6306,#6307);
#6305 = CARTESIAN_POINT('',(-0.75,-1.6,5.E-02));
#6306 = DIRECTION('',(0.,1.,0.));
#6307 = DIRECTION('',(1.,0.,0.));
#6308 = ( GEOMETRIC_REPRESENTATION_CONTEXT(3) 
GLOBAL_UNCERTAINTY_ASSIGNED_CONTEXT((#6312)) 
GLOBAL_UNIT_ASSIGNED_CONTEXT((#6309,#6310,#6311)) REPRESENTATION_CONTEXT
('Context #1','3D Context with UNIT and UNCERTAINTY') );
#6309 = ( LENGTH_UNIT() NAMED_UNIT(*) SI_UNIT(.MILLI.,.METRE.) );
#6310 = ( NAMED_UNIT(*) PLANE_ANGLE_UNIT() SI_UNIT($,.RADIAN.) );
#6311 = ( NAMED_UNIT(*) SI_UNIT($,.STERADIAN.) SOLID_ANGLE_UNIT() );
#6312 = UNCERTAINTY_MEASURE_WITH_UNIT(LENGTH_MEASURE(1.E-07),#6309,
  'distance_accuracy_value','confusion accuracy');
#6313 = CONTEXT_DEPENDENT_SHAPE_REPRESENTATION(#6314,#6316);
#6314 = ( REPRESENTATION_RELATIONSHIP('','',#6021,#5986) 
REPRESENTATION_RELATIONSHIP_WITH_TRANSFORMATION(#6315) 
SHAPE_REPRESENTATION_RELATIONSHIP() );
#6315 = ITEM_DEFINED_TRANSFORMATION('','',#11,#5987);
#6316 = PRODUCT_DEFINITION_SHAPE('Placement','Placement of an item',
  #6317);
#6317 = NEXT_ASSEMBLY_USAGE_OCCURRENCE('13','Base','',#5981,#6016,$);
#6318 = PRODUCT_RELATED_PRODUCT_CATEGORY('part',$,(#6018));
#6319 = SHAPE_DEFINITION_REPRESENTATION(#6320,#6326);
#6320 = PRODUCT_DEFINITION_SHAPE('','',#6321);
#6321 = PRODUCT_DEFINITION('design','',#6322,#6325);
#6322 = PRODUCT_DEFINITION_FORMATION('','',#6323);
#6323 = PRODUCT('Emmiter','Emmiter','',(#6324));
#6324 = PRODUCT_CONTEXT('',#2,'mechanical');
#6325 = PRODUCT_DEFINITION_CONTEXT('part definition',#2,'design');
#6326 = ADVANCED_BREP_SHAPE_REPRESENTATION('',(#11,#6327),#6477);
#6327 = MANIFOLD_SOLID_BREP('',#6328);
#6328 = CLOSED_SHELL('',(#6329,#6369,#6400,#6431,#6453,#6465));
#6329 = ADVANCED_FACE('',(#6330),#6364,.T.);
#6330 = FACE_BOUND('',#6331,.T.);
#6331 = EDGE_LOOP('',(#6332,#6342,#6350,#6358));
#6332 = ORIENTED_EDGE('',*,*,#6333,.T.);
#6333 = EDGE_CURVE('',#6334,#6336,#6338,.T.);
#6334 = VERTEX_POINT('',#6335);
#6335 = CARTESIAN_POINT('',(0.75,-0.927557108984,1.));
#6336 = VERTEX_POINT('',#6337);
#6337 = CARTESIAN_POINT('',(-0.75,-0.927557108984,1.));
#6338 = LINE('',#6339,#6340);
#6339 = CARTESIAN_POINT('',(0.75,-0.927557108984,1.));
#6340 = VECTOR('',#6341,1.);
#6341 = DIRECTION('',(-1.,-0.,-0.));
#6342 = ORIENTED_EDGE('',*,*,#6343,.T.);
#6343 = EDGE_CURVE('',#6336,#6344,#6346,.T.);
#6344 = VERTEX_POINT('',#6345);
#6345 = CARTESIAN_POINT('',(-0.75,-0.999999999916,0.41));
#6346 = LINE('',#6347,#6348);
#6347 = CARTESIAN_POINT('',(-0.75,-0.927557108984,1.));
#6348 = VECTOR('',#6349,1.);
#6349 = DIRECTION('',(0.,-0.121869343405,-0.992546151641));
#6350 = ORIENTED_EDGE('',*,*,#6351,.F.);
#6351 = EDGE_CURVE('',#6352,#6344,#6354,.T.);
#6352 = VERTEX_POINT('',#6353);
#6353 = CARTESIAN_POINT('',(0.75,-0.999999999916,0.41));
#6354 = LINE('',#6355,#6356);
#6355 = CARTESIAN_POINT('',(0.75,-0.999999999916,0.41));
#6356 = VECTOR('',#6357,1.);
#6357 = DIRECTION('',(-1.,-0.,-0.));
#6358 = ORIENTED_EDGE('',*,*,#6359,.F.);
#6359 = EDGE_CURVE('',#6334,#6352,#6360,.T.);
#6360 = LINE('',#6361,#6362);
#6361 = CARTESIAN_POINT('',(0.75,-0.927557108984,1.));
#6362 = VECTOR('',#6363,1.);
#6363 = DIRECTION('',(0.,-0.121869343405,-0.992546151641));
#6364 = PLANE('',#6365);
#6365 = AXIS2_PLACEMENT_3D('',#6366,#6367,#6368);
#6366 = CARTESIAN_POINT('',(0.75,-0.927557108984,1.));
#6367 = DIRECTION('',(0.,-0.992546151641,0.121869343405));
#6368 = DIRECTION('',(0.,-0.121869343405,-0.992546151641));
#6369 = ADVANCED_FACE('',(#6370),#6395,.T.);
#6370 = FACE_BOUND('',#6371,.T.);
#6371 = EDGE_LOOP('',(#6372,#6373,#6381,#6389));
#6372 = ORIENTED_EDGE('',*,*,#6351,.T.);
#6373 = ORIENTED_EDGE('',*,*,#6374,.T.);
#6374 = EDGE_CURVE('',#6344,#6375,#6377,.T.);
#6375 = VERTEX_POINT('',#6376);
#6376 = CARTESIAN_POINT('',(-0.75,1.000000000084,0.41));
#6377 = LINE('',#6378,#6379);
#6378 = CARTESIAN_POINT('',(-0.75,-0.999999999916,0.41));
#6379 = VECTOR('',#6380,1.);
#6380 = DIRECTION('',(0.,1.,0.));
#6381 = ORIENTED_EDGE('',*,*,#6382,.F.);
#6382 = EDGE_CURVE('',#6383,#6375,#6385,.T.);
#6383 = VERTEX_POINT('',#6384);
#6384 = CARTESIAN_POINT('',(0.75,1.000000000084,0.41));
#6385 = LINE('',#6386,#6387);
#6386 = CARTESIAN_POINT('',(0.75,1.000000000084,0.41));
#6387 = VECTOR('',#6388,1.);
#6388 = DIRECTION('',(-1.,-0.,-0.));
#6389 = ORIENTED_EDGE('',*,*,#6390,.F.);
#6390 = EDGE_CURVE('',#6352,#6383,#6391,.T.);
#6391 = LINE('',#6392,#6393);
#6392 = CARTESIAN_POINT('',(0.75,-0.999999999916,0.41));
#6393 = VECTOR('',#6394,1.);
#6394 = DIRECTION('',(0.,1.,0.));
#6395 = PLANE('',#6396);
#6396 = AXIS2_PLACEMENT_3D('',#6397,#6398,#6399);
#6397 = CARTESIAN_POINT('',(0.75,-0.999999999916,0.41));
#6398 = DIRECTION('',(0.,0.,-1.));
#6399 = DIRECTION('',(0.,1.,0.));
#6400 = ADVANCED_FACE('',(#6401),#6426,.T.);
#6401 = FACE_BOUND('',#6402,.T.);
#6402 = EDGE_LOOP('',(#6403,#6404,#6412,#6420));
#6403 = ORIENTED_EDGE('',*,*,#6382,.T.);
#6404 = ORIENTED_EDGE('',*,*,#6405,.T.);
#6405 = EDGE_CURVE('',#6375,#6406,#6408,.T.);
#6406 = VERTEX_POINT('',#6407);
#6407 = CARTESIAN_POINT('',(-0.75,0.927557108984,1.));
#6408 = LINE('',#6409,#6410);
#6409 = CARTESIAN_POINT('',(-0.75,1.000000000084,0.41));
#6410 = VECTOR('',#6411,1.);
#6411 = DIRECTION('',(0.,-0.121869343682,0.992546151607));
#6412 = ORIENTED_EDGE('',*,*,#6413,.F.);
#6413 = EDGE_CURVE('',#6414,#6406,#6416,.T.);
#6414 = VERTEX_POINT('',#6415);
#6415 = CARTESIAN_POINT('',(0.75,0.927557108984,1.));
#6416 = LINE('',#6417,#6418);
#6417 = CARTESIAN_POINT('',(0.75,0.927557108984,1.));
#6418 = VECTOR('',#6419,1.);
#6419 = DIRECTION('',(-1.,-0.,-0.));
#6420 = ORIENTED_EDGE('',*,*,#6421,.F.);
#6421 = EDGE_CURVE('',#6383,#6414,#6422,.T.);
#6422 = LINE('',#6423,#6424);
#6423 = CARTESIAN_POINT('',(0.75,1.000000000084,0.41));
#6424 = VECTOR('',#6425,1.);
#6425 = DIRECTION('',(0.,-0.121869343682,0.992546151607));
#6426 = PLANE('',#6427);
#6427 = AXIS2_PLACEMENT_3D('',#6428,#6429,#6430);
#6428 = CARTESIAN_POINT('',(0.75,1.000000000084,0.41));
#6429 = DIRECTION('',(0.,0.992546151607,0.121869343682));
#6430 = DIRECTION('',(0.,-0.121869343682,0.992546151607));
#6431 = ADVANCED_FACE('',(#6432),#6448,.T.);
#6432 = FACE_BOUND('',#6433,.T.);
#6433 = EDGE_LOOP('',(#6434,#6435,#6441,#6442));
#6434 = ORIENTED_EDGE('',*,*,#6413,.T.);
#6435 = ORIENTED_EDGE('',*,*,#6436,.T.);
#6436 = EDGE_CURVE('',#6406,#6336,#6437,.T.);
#6437 = LINE('',#6438,#6439);
#6438 = CARTESIAN_POINT('',(-0.75,0.927557108984,1.));
#6439 = VECTOR('',#6440,1.);
#6440 = DIRECTION('',(0.,-1.,0.));
#6441 = ORIENTED_EDGE('',*,*,#6333,.F.);
#6442 = ORIENTED_EDGE('',*,*,#6443,.F.);
#6443 = EDGE_CURVE('',#6414,#6334,#6444,.T.);
#6444 = LINE('',#6445,#6446);
#6445 = CARTESIAN_POINT('',(0.75,0.927557108984,1.));
#6446 = VECTOR('',#6447,1.);
#6447 = DIRECTION('',(0.,-1.,0.));
#6448 = PLANE('',#6449);
#6449 = AXIS2_PLACEMENT_3D('',#6450,#6451,#6452);
#6450 = CARTESIAN_POINT('',(0.75,0.927557108984,1.));
#6451 = DIRECTION('',(0.,0.,1.));
#6452 = DIRECTION('',(0.,-1.,0.));
#6453 = ADVANCED_FACE('',(#6454),#6460,.T.);
#6454 = FACE_BOUND('',#6455,.T.);
#6455 = EDGE_LOOP('',(#6456,#6457,#6458,#6459));
#6456 = ORIENTED_EDGE('',*,*,#6359,.T.);
#6457 = ORIENTED_EDGE('',*,*,#6390,.T.);
#6458 = ORIENTED_EDGE('',*,*,#6421,.T.);
#6459 = ORIENTED_EDGE('',*,*,#6443,.T.);
#6460 = PLANE('',#6461);
#6461 = AXIS2_PLACEMENT_3D('',#6462,#6463,#6464);
#6462 = CARTESIAN_POINT('',(0.75,4.690396E-11,0.69652626672));
#6463 = DIRECTION('',(1.,0.,0.));
#6464 = DIRECTION('',(0.,0.,1.));
#6465 = ADVANCED_FACE('',(#6466),#6472,.F.);
#6466 = FACE_BOUND('',#6467,.F.);
#6467 = EDGE_LOOP('',(#6468,#6469,#6470,#6471));
#6468 = ORIENTED_EDGE('',*,*,#6343,.T.);
#6469 = ORIENTED_EDGE('',*,*,#6374,.T.);
#6470 = ORIENTED_EDGE('',*,*,#6405,.T.);
#6471 = ORIENTED_EDGE('',*,*,#6436,.T.);
#6472 = PLANE('',#6473);
#6473 = AXIS2_PLACEMENT_3D('',#6474,#6475,#6476);
#6474 = CARTESIAN_POINT('',(-0.75,4.690396E-11,0.69652626672));
#6475 = DIRECTION('',(1.,0.,0.));
#6476 = DIRECTION('',(0.,0.,1.));
#6477 = ( GEOMETRIC_REPRESENTATION_CONTEXT(3) 
GLOBAL_UNCERTAINTY_ASSIGNED_CONTEXT((#6481)) 
GLOBAL_UNIT_ASSIGNED_CONTEXT((#6478,#6479,#6480)) REPRESENTATION_CONTEXT
('Context #1','3D Context with UNIT and UNCERTAINTY') );
#6478 = ( LENGTH_UNIT() NAMED_UNIT(*) SI_UNIT(.MILLI.,.METRE.) );
#6479 = ( NAMED_UNIT(*) PLANE_ANGLE_UNIT() SI_UNIT($,.RADIAN.) );
#6480 = ( NAMED_UNIT(*) SI_UNIT($,.STERADIAN.) SOLID_ANGLE_UNIT() );
#6481 = UNCERTAINTY_MEASURE_WITH_UNIT(LENGTH_MEASURE(1.E-07),#6478,
  'distance_accuracy_value','confusion accuracy');
#6482 = CONTEXT_DEPENDENT_SHAPE_REPRESENTATION(#6483,#6485);
#6483 = ( REPRESENTATION_RELATIONSHIP('','',#6326,#5986) 
REPRESENTATION_RELATIONSHIP_WITH_TRANSFORMATION(#6484) 
SHAPE_REPRESENTATION_RELATIONSHIP() );
#6484 = ITEM_DEFINED_TRANSFORMATION('','',#11,#5991);
#6485 = PRODUCT_DEFINITION_SHAPE('Placement','Placement of an item',
  #6486);
#6486 = NEXT_ASSEMBLY_USAGE_OCCURRENCE('14','Emmiter','',#5981,#6321,$);
#6487 = PRODUCT_RELATED_PRODUCT_CATEGORY('part',$,(#6323));
#6488 = SHAPE_DEFINITION_REPRESENTATION(#6489,#6495);
#6489 = PRODUCT_DEFINITION_SHAPE('','',#6490);
#6490 = PRODUCT_DEFINITION('design','',#6491,#6494);
#6491 = PRODUCT_DEFINITION_FORMATION('','',#6492);
#6492 = PRODUCT('Contact_1','Contact_1','',(#6493));
#6493 = PRODUCT_CONTEXT('',#2,'mechanical');
#6494 = PRODUCT_DEFINITION_CONTEXT('part definition',#2,'design');
#6495 = ADVANCED_BREP_SHAPE_REPRESENTATION('',(#11,#6496),#6914);
#6496 = MANIFOLD_SOLID_BREP('',#6497);
#6497 = CLOSED_SHELL('',(#6498,#6538,#6569,#6610,#6651,#6683,#6715,#6732
    ,#6779,#6810,#6841,#6858,#6879,#6900));
#6498 = ADVANCED_FACE('',(#6499),#6533,.T.);
#6499 = FACE_BOUND('',#6500,.T.);
#6500 = EDGE_LOOP('',(#6501,#6511,#6519,#6527));
#6501 = ORIENTED_EDGE('',*,*,#6502,.T.);
#6502 = EDGE_CURVE('',#6503,#6505,#6507,.T.);
#6503 = VERTEX_POINT('',#6504);
#6504 = CARTESIAN_POINT('',(0.75,-1.6,5.E-02));
#6505 = VERTEX_POINT('',#6506);
#6506 = CARTESIAN_POINT('',(0.75,-1.6,0.));
#6507 = LINE('',#6508,#6509);
#6508 = CARTESIAN_POINT('',(0.75,-1.6,5.E-02));
#6509 = VECTOR('',#6510,1.);
#6510 = DIRECTION('',(0.,0.,-1.));
#6511 = ORIENTED_EDGE('',*,*,#6512,.T.);
#6512 = EDGE_CURVE('',#6505,#6513,#6515,.T.);
#6513 = VERTEX_POINT('',#6514);
#6514 = CARTESIAN_POINT('',(0.75,-1.,0.));
#6515 = LINE('',#6516,#6517);
#6516 = CARTESIAN_POINT('',(0.75,-1.6,0.));
#6517 = VECTOR('',#6518,1.);
#6518 = DIRECTION('',(0.,1.,0.));
#6519 = ORIENTED_EDGE('',*,*,#6520,.F.);
#6520 = EDGE_CURVE('',#6521,#6513,#6523,.T.);
#6521 = VERTEX_POINT('',#6522);
#6522 = CARTESIAN_POINT('',(0.75,-1.,5.E-02));
#6523 = LINE('',#6524,#6525);
#6524 = CARTESIAN_POINT('',(0.75,-1.,5.E-02));
#6525 = VECTOR('',#6526,1.);
#6526 = DIRECTION('',(0.,0.,-1.));
#6527 = ORIENTED_EDGE('',*,*,#6528,.F.);
#6528 = EDGE_CURVE('',#6503,#6521,#6529,.T.);
#6529 = LINE('',#6530,#6531);
#6530 = CARTESIAN_POINT('',(0.75,-1.6,5.E-02));
#6531 = VECTOR('',#6532,1.);
#6532 = DIRECTION('',(0.,1.,0.));
#6533 = PLANE('',#6534);
#6534 = AXIS2_PLACEMENT_3D('',#6535,#6536,#6537);
#6535 = CARTESIAN_POINT('',(0.75,-1.6,5.E-02));
#6536 = DIRECTION('',(1.,0.,0.));
#6537 = DIRECTION('',(-0.,1.,0.));
#6538 = ADVANCED_FACE('',(#6539),#6564,.T.);
#6539 = FACE_BOUND('',#6540,.T.);
#6540 = EDGE_LOOP('',(#6541,#6542,#6550,#6558));
#6541 = ORIENTED_EDGE('',*,*,#6520,.T.);
#6542 = ORIENTED_EDGE('',*,*,#6543,.T.);
#6543 = EDGE_CURVE('',#6513,#6544,#6546,.T.);
#6544 = VERTEX_POINT('',#6545);
#6545 = CARTESIAN_POINT('',(-0.75,-1.,0.));
#6546 = LINE('',#6547,#6548);
#6547 = CARTESIAN_POINT('',(0.75,-1.,0.));
#6548 = VECTOR('',#6549,1.);
#6549 = DIRECTION('',(-1.,0.,0.));
#6550 = ORIENTED_EDGE('',*,*,#6551,.F.);
#6551 = EDGE_CURVE('',#6552,#6544,#6554,.T.);
#6552 = VERTEX_POINT('',#6553);
#6553 = CARTESIAN_POINT('',(-0.75,-1.,5.E-02));
#6554 = LINE('',#6555,#6556);
#6555 = CARTESIAN_POINT('',(-0.75,-1.,5.E-02));
#6556 = VECTOR('',#6557,1.);
#6557 = DIRECTION('',(0.,0.,-1.));
#6558 = ORIENTED_EDGE('',*,*,#6559,.F.);
#6559 = EDGE_CURVE('',#6521,#6552,#6560,.T.);
#6560 = LINE('',#6561,#6562);
#6561 = CARTESIAN_POINT('',(0.75,-1.,5.E-02));
#6562 = VECTOR('',#6563,1.);
#6563 = DIRECTION('',(-1.,0.,0.));
#6564 = PLANE('',#6565);
#6565 = AXIS2_PLACEMENT_3D('',#6566,#6567,#6568);
#6566 = CARTESIAN_POINT('',(0.75,-1.,5.E-02));
#6567 = DIRECTION('',(0.,1.,0.));
#6568 = DIRECTION('',(-1.,0.,0.));
#6569 = ADVANCED_FACE('',(#6570),#6605,.T.);
#6570 = FACE_BOUND('',#6571,.T.);
#6571 = EDGE_LOOP('',(#6572,#6583,#6589,#6590,#6591,#6599));
#6572 = ORIENTED_EDGE('',*,*,#6573,.T.);
#6573 = EDGE_CURVE('',#6574,#6576,#6578,.T.);
#6574 = VERTEX_POINT('',#6575);
#6575 = CARTESIAN_POINT('',(-0.3,-1.6,5.E-02));
#6576 = VERTEX_POINT('',#6577);
#6577 = CARTESIAN_POINT('',(0.3,-1.6,5.E-02));
#6578 = CIRCLE('',#6579,0.3);
#6579 = AXIS2_PLACEMENT_3D('',#6580,#6581,#6582);
#6580 = CARTESIAN_POINT('',(0.,-1.6,5.E-02));
#6581 = DIRECTION('',(0.,0.,-1.));
#6582 = DIRECTION('',(1.,0.,0.));
#6583 = ORIENTED_EDGE('',*,*,#6584,.T.);
#6584 = EDGE_CURVE('',#6576,#6503,#6585,.T.);
#6585 = LINE('',#6586,#6587);
#6586 = CARTESIAN_POINT('',(0.3,-1.6,5.E-02));
#6587 = VECTOR('',#6588,1.);
#6588 = DIRECTION('',(1.,0.,0.));
#6589 = ORIENTED_EDGE('',*,*,#6528,.T.);
#6590 = ORIENTED_EDGE('',*,*,#6559,.T.);
#6591 = ORIENTED_EDGE('',*,*,#6592,.T.);
#6592 = EDGE_CURVE('',#6552,#6593,#6595,.T.);
#6593 = VERTEX_POINT('',#6594);
#6594 = CARTESIAN_POINT('',(-0.75,-1.6,5.E-02));
#6595 = LINE('',#6596,#6597);
#6596 = CARTESIAN_POINT('',(-0.75,-1.,5.E-02));
#6597 = VECTOR('',#6598,1.);
#6598 = DIRECTION('',(0.,-1.,0.));
#6599 = ORIENTED_EDGE('',*,*,#6600,.T.);
#6600 = EDGE_CURVE('',#6593,#6574,#6601,.T.);
#6601 = LINE('',#6602,#6603);
#6602 = CARTESIAN_POINT('',(-0.75,-1.6,5.E-02));
#6603 = VECTOR('',#6604,1.);
#6604 = DIRECTION('',(1.,0.,0.));
#6605 = PLANE('',#6606);
#6606 = AXIS2_PLACEMENT_3D('',#6607,#6608,#6609);
#6607 = CARTESIAN_POINT('',(-1.E-17,-1.285358983849,5.E-02));
#6608 = DIRECTION('',(0.,0.,1.));
#6609 = DIRECTION('',(1.,0.,-0.));
#6610 = ADVANCED_FACE('',(#6611),#6646,.T.);
#6611 = FACE_BOUND('',#6612,.T.);
#6612 = EDGE_LOOP('',(#6613,#6621,#6630,#6638,#6644,#6645));
#6613 = ORIENTED_EDGE('',*,*,#6614,.T.);
#6614 = EDGE_CURVE('',#6505,#6615,#6617,.T.);
#6615 = VERTEX_POINT('',#6616);
#6616 = CARTESIAN_POINT('',(0.25,-1.6,0.));
#6617 = LINE('',#6618,#6619);
#6618 = CARTESIAN_POINT('',(0.3,-1.6,2.E-17));
#6619 = VECTOR('',#6620,1.);
#6620 = DIRECTION('',(-1.,0.,0.));
#6621 = ORIENTED_EDGE('',*,*,#6622,.F.);
#6622 = EDGE_CURVE('',#6623,#6615,#6625,.T.);
#6623 = VERTEX_POINT('',#6624);
#6624 = CARTESIAN_POINT('',(-0.25,-1.6,0.));
#6625 = CIRCLE('',#6626,0.25);
#6626 = AXIS2_PLACEMENT_3D('',#6627,#6628,#6629);
#6627 = CARTESIAN_POINT('',(0.,-1.6,0.));
#6628 = DIRECTION('',(0.,0.,-1.));
#6629 = DIRECTION('',(1.,0.,0.));
#6630 = ORIENTED_EDGE('',*,*,#6631,.F.);
#6631 = EDGE_CURVE('',#6632,#6623,#6634,.T.);
#6632 = VERTEX_POINT('',#6633);
#6633 = CARTESIAN_POINT('',(-0.75,-1.6,0.));
#6634 = LINE('',#6635,#6636);
#6635 = CARTESIAN_POINT('',(-0.75,-1.6,0.));
#6636 = VECTOR('',#6637,1.);
#6637 = DIRECTION('',(1.,0.,0.));
#6638 = ORIENTED_EDGE('',*,*,#6639,.F.);
#6639 = EDGE_CURVE('',#6544,#6632,#6640,.T.);
#6640 = LINE('',#6641,#6642);
#6641 = CARTESIAN_POINT('',(-0.75,-1.,0.));
#6642 = VECTOR('',#6643,1.);
#6643 = DIRECTION('',(0.,-1.,0.));
#6644 = ORIENTED_EDGE('',*,*,#6543,.F.);
#6645 = ORIENTED_EDGE('',*,*,#6512,.F.);
#6646 = PLANE('',#6647);
#6647 = AXIS2_PLACEMENT_3D('',#6648,#6649,#6650);
#6648 = CARTESIAN_POINT('',(0.,-1.292527376298,0.));
#6649 = DIRECTION('',(-0.,-0.,-1.));
#6650 = DIRECTION('',(-1.,0.,0.));
#6651 = ADVANCED_FACE('',(#6652),#6678,.T.);
#6652 = FACE_BOUND('',#6653,.T.);
#6653 = EDGE_LOOP('',(#6654,#6655,#6663,#6672));
#6654 = ORIENTED_EDGE('',*,*,#6573,.F.);
#6655 = ORIENTED_EDGE('',*,*,#6656,.T.);
#6656 = EDGE_CURVE('',#6574,#6657,#6659,.T.);
#6657 = VERTEX_POINT('',#6658);
#6658 = CARTESIAN_POINT('',(-0.3,-1.6,0.41));
#6659 = LINE('',#6660,#6661);
#6660 = CARTESIAN_POINT('',(-0.3,-1.6,2.E-17));
#6661 = VECTOR('',#6662,1.);
#6662 = DIRECTION('',(0.,0.,1.));
#6663 = ORIENTED_EDGE('',*,*,#6664,.F.);
#6664 = EDGE_CURVE('',#6665,#6657,#6667,.T.);
#6665 = VERTEX_POINT('',#6666);
#6666 = CARTESIAN_POINT('',(0.3,-1.6,0.41));
#6667 = CIRCLE('',#6668,0.3);
#6668 = AXIS2_PLACEMENT_3D('',#6669,#6670,#6671);
#6669 = CARTESIAN_POINT('',(0.,-1.6,0.41));
#6670 = DIRECTION('',(0.,0.,1.));
#6671 = DIRECTION('',(1.,0.,-0.));
#6672 = ORIENTED_EDGE('',*,*,#6673,.F.);
#6673 = EDGE_CURVE('',#6576,#6665,#6674,.T.);
#6674 = LINE('',#6675,#6676);
#6675 = CARTESIAN_POINT('',(0.3,-1.6,2.E-17));
#6676 = VECTOR('',#6677,1.);
#6677 = DIRECTION('',(0.,0.,1.));
#6678 = CYLINDRICAL_SURFACE('',#6679,0.3);
#6679 = AXIS2_PLACEMENT_3D('',#6680,#6681,#6682);
#6680 = CARTESIAN_POINT('',(0.,-1.6,2.E-17));
#6681 = DIRECTION('',(0.,0.,-1.));
#6682 = DIRECTION('',(1.,0.,0.));
#6683 = ADVANCED_FACE('',(#6684),#6710,.F.);
#6684 = FACE_BOUND('',#6685,.F.);
#6685 = EDGE_LOOP('',(#6686,#6694,#6703,#6709));
#6686 = ORIENTED_EDGE('',*,*,#6687,.T.);
#6687 = EDGE_CURVE('',#6623,#6688,#6690,.T.);
#6688 = VERTEX_POINT('',#6689);
#6689 = CARTESIAN_POINT('',(-0.25,-1.6,0.46));
#6690 = LINE('',#6691,#6692);
#6691 = CARTESIAN_POINT('',(-0.25,-1.6,2.E-17));
#6692 = VECTOR('',#6693,1.);
#6693 = DIRECTION('',(0.,0.,1.));
#6694 = ORIENTED_EDGE('',*,*,#6695,.T.);
#6695 = EDGE_CURVE('',#6688,#6696,#6698,.T.);
#6696 = VERTEX_POINT('',#6697);
#6697 = CARTESIAN_POINT('',(0.25,-1.6,0.46));
#6698 = CIRCLE('',#6699,0.25);
#6699 = AXIS2_PLACEMENT_3D('',#6700,#6701,#6702);
#6700 = CARTESIAN_POINT('',(0.,-1.6,0.46));
#6701 = DIRECTION('',(0.,0.,-1.));
#6702 = DIRECTION('',(1.,0.,0.));
#6703 = ORIENTED_EDGE('',*,*,#6704,.F.);
#6704 = EDGE_CURVE('',#6615,#6696,#6705,.T.);
#6705 = LINE('',#6706,#6707);
#6706 = CARTESIAN_POINT('',(0.25,-1.6,2.E-17));
#6707 = VECTOR('',#6708,1.);
#6708 = DIRECTION('',(0.,0.,1.));
#6709 = ORIENTED_EDGE('',*,*,#6622,.F.);
#6710 = CYLINDRICAL_SURFACE('',#6711,0.25);
#6711 = AXIS2_PLACEMENT_3D('',#6712,#6713,#6714);
#6712 = CARTESIAN_POINT('',(0.,-1.6,2.E-17));
#6713 = DIRECTION('',(0.,0.,-1.));
#6714 = DIRECTION('',(1.,0.,0.));
#6715 = ADVANCED_FACE('',(#6716),#6727,.T.);
#6716 = FACE_BOUND('',#6717,.T.);
#6717 = EDGE_LOOP('',(#6718,#6719,#6720,#6726));
#6718 = ORIENTED_EDGE('',*,*,#6551,.T.);
#6719 = ORIENTED_EDGE('',*,*,#6639,.T.);
#6720 = ORIENTED_EDGE('',*,*,#6721,.F.);
#6721 = EDGE_CURVE('',#6593,#6632,#6722,.T.);
#6722 = LINE('',#6723,#6724);
#6723 = CARTESIAN_POINT('',(-0.75,-1.6,5.E-02));
#6724 = VECTOR('',#6725,1.);
#6725 = DIRECTION('',(0.,0.,-1.));
#6726 = ORIENTED_EDGE('',*,*,#6592,.F.);
#6727 = PLANE('',#6728);
#6728 = AXIS2_PLACEMENT_3D('',#6729,#6730,#6731);
#6729 = CARTESIAN_POINT('',(-0.75,-1.,5.E-02));
#6730 = DIRECTION('',(-1.,-0.,-0.));
#6731 = DIRECTION('',(0.,-1.,0.));
#6732 = ADVANCED_FACE('',(#6733),#6774,.F.);
#6733 = FACE_BOUND('',#6734,.T.);
#6734 = EDGE_LOOP('',(#6735,#6736,#6744,#6752,#6760,#6768));
#6735 = ORIENTED_EDGE('',*,*,#6664,.T.);
#6736 = ORIENTED_EDGE('',*,*,#6737,.T.);
#6737 = EDGE_CURVE('',#6657,#6738,#6740,.T.);
#6738 = VERTEX_POINT('',#6739);
#6739 = CARTESIAN_POINT('',(-0.75,-1.6,0.41));
#6740 = LINE('',#6741,#6742);
#6741 = CARTESIAN_POINT('',(-0.3,-1.6,0.41));
#6742 = VECTOR('',#6743,1.);
#6743 = DIRECTION('',(-1.,0.,0.));
#6744 = ORIENTED_EDGE('',*,*,#6745,.T.);
#6745 = EDGE_CURVE('',#6738,#6746,#6748,.T.);
#6746 = VERTEX_POINT('',#6747);
#6747 = CARTESIAN_POINT('',(-0.75,-1.,0.41));
#6748 = LINE('',#6749,#6750);
#6749 = CARTESIAN_POINT('',(-0.75,-1.6,0.41));
#6750 = VECTOR('',#6751,1.);
#6751 = DIRECTION('',(0.,1.,0.));
#6752 = ORIENTED_EDGE('',*,*,#6753,.T.);
#6753 = EDGE_CURVE('',#6746,#6754,#6756,.T.);
#6754 = VERTEX_POINT('',#6755);
#6755 = CARTESIAN_POINT('',(0.75,-1.,0.41));
#6756 = LINE('',#6757,#6758);
#6757 = CARTESIAN_POINT('',(-0.75,-1.,0.41));
#6758 = VECTOR('',#6759,1.);
#6759 = DIRECTION('',(1.,0.,0.));
#6760 = ORIENTED_EDGE('',*,*,#6761,.T.);
#6761 = EDGE_CURVE('',#6754,#6762,#6764,.T.);
#6762 = VERTEX_POINT('',#6763);
#6763 = CARTESIAN_POINT('',(0.75,-1.6,0.41));
#6764 = LINE('',#6765,#6766);
#6765 = CARTESIAN_POINT('',(0.75,-1.,0.41));
#6766 = VECTOR('',#6767,1.);
#6767 = DIRECTION('',(0.,-1.,0.));
#6768 = ORIENTED_EDGE('',*,*,#6769,.T.);
#6769 = EDGE_CURVE('',#6762,#6665,#6770,.T.);
#6770 = LINE('',#6771,#6772);
#6771 = CARTESIAN_POINT('',(0.75,-1.6,0.41));
#6772 = VECTOR('',#6773,1.);
#6773 = DIRECTION('',(-1.,0.,0.));
#6774 = PLANE('',#6775);
#6775 = AXIS2_PLACEMENT_3D('',#6776,#6777,#6778);
#6776 = CARTESIAN_POINT('',(1.E-17,-1.285358983849,0.41));
#6777 = DIRECTION('',(0.,0.,1.));
#6778 = DIRECTION('',(1.,0.,-0.));
#6779 = ADVANCED_FACE('',(#6780),#6805,.F.);
#6780 = FACE_BOUND('',#6781,.F.);
#6781 = EDGE_LOOP('',(#6782,#6790,#6791,#6799));
#6782 = ORIENTED_EDGE('',*,*,#6783,.T.);
#6783 = EDGE_CURVE('',#6784,#6754,#6786,.T.);
#6784 = VERTEX_POINT('',#6785);
#6785 = CARTESIAN_POINT('',(0.75,-1.,0.46));
#6786 = LINE('',#6787,#6788);
#6787 = CARTESIAN_POINT('',(0.75,-1.,0.46));
#6788 = VECTOR('',#6789,1.);
#6789 = DIRECTION('',(-0.,-0.,-1.));
#6790 = ORIENTED_EDGE('',*,*,#6761,.T.);
#6791 = ORIENTED_EDGE('',*,*,#6792,.F.);
#6792 = EDGE_CURVE('',#6793,#6762,#6795,.T.);
#6793 = VERTEX_POINT('',#6794);
#6794 = CARTESIAN_POINT('',(0.75,-1.6,0.46));
#6795 = LINE('',#6796,#6797);
#6796 = CARTESIAN_POINT('',(0.75,-1.6,0.46));
#6797 = VECTOR('',#6798,1.);
#6798 = DIRECTION('',(-0.,-0.,-1.));
#6799 = ORIENTED_EDGE('',*,*,#6800,.F.);
#6800 = EDGE_CURVE('',#6784,#6793,#6801,.T.);
#6801 = LINE('',#6802,#6803);
#6802 = CARTESIAN_POINT('',(0.75,-1.,0.46));
#6803 = VECTOR('',#6804,1.);
#6804 = DIRECTION('',(0.,-1.,0.));
#6805 = PLANE('',#6806);
#6806 = AXIS2_PLACEMENT_3D('',#6807,#6808,#6809);
#6807 = CARTESIAN_POINT('',(0.75,-1.,0.46));
#6808 = DIRECTION('',(-1.,0.,0.));
#6809 = DIRECTION('',(0.,-1.,0.));
#6810 = ADVANCED_FACE('',(#6811),#6836,.F.);
#6811 = FACE_BOUND('',#6812,.F.);
#6812 = EDGE_LOOP('',(#6813,#6821,#6822,#6830));
#6813 = ORIENTED_EDGE('',*,*,#6814,.T.);
#6814 = EDGE_CURVE('',#6815,#6738,#6817,.T.);
#6815 = VERTEX_POINT('',#6816);
#6816 = CARTESIAN_POINT('',(-0.75,-1.6,0.46));
#6817 = LINE('',#6818,#6819);
#6818 = CARTESIAN_POINT('',(-0.75,-1.6,0.46));
#6819 = VECTOR('',#6820,1.);
#6820 = DIRECTION('',(-0.,-0.,-1.));
#6821 = ORIENTED_EDGE('',*,*,#6745,.T.);
#6822 = ORIENTED_EDGE('',*,*,#6823,.F.);
#6823 = EDGE_CURVE('',#6824,#6746,#6826,.T.);
#6824 = VERTEX_POINT('',#6825);
#6825 = CARTESIAN_POINT('',(-0.75,-1.,0.46));
#6826 = LINE('',#6827,#6828);
#6827 = CARTESIAN_POINT('',(-0.75,-1.,0.46));
#6828 = VECTOR('',#6829,1.);
#6829 = DIRECTION('',(-0.,-0.,-1.));
#6830 = ORIENTED_EDGE('',*,*,#6831,.F.);
#6831 = EDGE_CURVE('',#6815,#6824,#6832,.T.);
#6832 = LINE('',#6833,#6834);
#6833 = CARTESIAN_POINT('',(-0.75,-1.6,0.46));
#6834 = VECTOR('',#6835,1.);
#6835 = DIRECTION('',(0.,1.,0.));
#6836 = PLANE('',#6837);
#6837 = AXIS2_PLACEMENT_3D('',#6838,#6839,#6840);
#6838 = CARTESIAN_POINT('',(-0.75,-1.6,0.46));
#6839 = DIRECTION('',(1.,0.,0.));
#6840 = DIRECTION('',(-0.,1.,0.));
#6841 = ADVANCED_FACE('',(#6842),#6853,.F.);
#6842 = FACE_BOUND('',#6843,.F.);
#6843 = EDGE_LOOP('',(#6844,#6845,#6846,#6847));
#6844 = ORIENTED_EDGE('',*,*,#6823,.T.);
#6845 = ORIENTED_EDGE('',*,*,#6753,.T.);
#6846 = ORIENTED_EDGE('',*,*,#6783,.F.);
#6847 = ORIENTED_EDGE('',*,*,#6848,.F.);
#6848 = EDGE_CURVE('',#6824,#6784,#6849,.T.);
#6849 = LINE('',#6850,#6851);
#6850 = CARTESIAN_POINT('',(-0.75,-1.,0.46));
#6851 = VECTOR('',#6852,1.);
#6852 = DIRECTION('',(1.,0.,0.));
#6853 = PLANE('',#6854);
#6854 = AXIS2_PLACEMENT_3D('',#6855,#6856,#6857);
#6855 = CARTESIAN_POINT('',(-0.75,-1.,0.46));
#6856 = DIRECTION('',(0.,-1.,0.));
#6857 = DIRECTION('',(1.,0.,0.));
#6858 = ADVANCED_FACE('',(#6859),#6874,.T.);
#6859 = FACE_BOUND('',#6860,.T.);
#6860 = EDGE_LOOP('',(#6861,#6862,#6863,#6864,#6865,#6866,#6872,#6873));
#6861 = ORIENTED_EDGE('',*,*,#6502,.F.);
#6862 = ORIENTED_EDGE('',*,*,#6584,.F.);
#6863 = ORIENTED_EDGE('',*,*,#6673,.T.);
#6864 = ORIENTED_EDGE('',*,*,#6769,.F.);
#6865 = ORIENTED_EDGE('',*,*,#6792,.F.);
#6866 = ORIENTED_EDGE('',*,*,#6867,.T.);
#6867 = EDGE_CURVE('',#6793,#6696,#6868,.T.);
#6868 = LINE('',#6869,#6870);
#6869 = CARTESIAN_POINT('',(0.75,-1.6,0.46));
#6870 = VECTOR('',#6871,1.);
#6871 = DIRECTION('',(-1.,0.,0.));
#6872 = ORIENTED_EDGE('',*,*,#6704,.F.);
#6873 = ORIENTED_EDGE('',*,*,#6614,.F.);
#6874 = PLANE('',#6875);
#6875 = AXIS2_PLACEMENT_3D('',#6876,#6877,#6878);
#6876 = CARTESIAN_POINT('',(0.450531914894,-1.6,0.23));
#6877 = DIRECTION('',(-0.,-1.,-0.));
#6878 = DIRECTION('',(0.,0.,-1.));
#6879 = ADVANCED_FACE('',(#6880),#6895,.T.);
#6880 = FACE_BOUND('',#6881,.T.);
#6881 = EDGE_LOOP('',(#6882,#6883,#6884,#6885,#6891,#6892,#6893,#6894));
#6882 = ORIENTED_EDGE('',*,*,#6721,.T.);
#6883 = ORIENTED_EDGE('',*,*,#6631,.T.);
#6884 = ORIENTED_EDGE('',*,*,#6687,.T.);
#6885 = ORIENTED_EDGE('',*,*,#6886,.T.);
#6886 = EDGE_CURVE('',#6688,#6815,#6887,.T.);
#6887 = LINE('',#6888,#6889);
#6888 = CARTESIAN_POINT('',(-0.25,-1.6,0.46));
#6889 = VECTOR('',#6890,1.);
#6890 = DIRECTION('',(-1.,0.,0.));
#6891 = ORIENTED_EDGE('',*,*,#6814,.T.);
#6892 = ORIENTED_EDGE('',*,*,#6737,.F.);
#6893 = ORIENTED_EDGE('',*,*,#6656,.F.);
#6894 = ORIENTED_EDGE('',*,*,#6600,.F.);
#6895 = PLANE('',#6896);
#6896 = AXIS2_PLACEMENT_3D('',#6897,#6898,#6899);
#6897 = CARTESIAN_POINT('',(-0.450531914894,-1.6,0.23));
#6898 = DIRECTION('',(-0.,-1.,-0.));
#6899 = DIRECTION('',(0.,0.,-1.));
#6900 = ADVANCED_FACE('',(#6901),#6909,.T.);
#6901 = FACE_BOUND('',#6902,.T.);
#6902 = EDGE_LOOP('',(#6903,#6904,#6905,#6906,#6907,#6908));
#6903 = ORIENTED_EDGE('',*,*,#6886,.F.);
#6904 = ORIENTED_EDGE('',*,*,#6695,.T.);
#6905 = ORIENTED_EDGE('',*,*,#6867,.F.);
#6906 = ORIENTED_EDGE('',*,*,#6800,.F.);
#6907 = ORIENTED_EDGE('',*,*,#6848,.F.);
#6908 = ORIENTED_EDGE('',*,*,#6831,.F.);
#6909 = PLANE('',#6910);
#6910 = AXIS2_PLACEMENT_3D('',#6911,#6912,#6913);
#6911 = CARTESIAN_POINT('',(-1.E-17,-1.292527376298,0.46));
#6912 = DIRECTION('',(0.,0.,1.));
#6913 = DIRECTION('',(1.,0.,-0.));
#6914 = ( GEOMETRIC_REPRESENTATION_CONTEXT(3) 
GLOBAL_UNCERTAINTY_ASSIGNED_CONTEXT((#6918)) 
GLOBAL_UNIT_ASSIGNED_CONTEXT((#6915,#6916,#6917)) REPRESENTATION_CONTEXT
('Context #1','3D Context with UNIT and UNCERTAINTY') );
#6915 = ( LENGTH_UNIT() NAMED_UNIT(*) SI_UNIT(.MILLI.,.METRE.) );
#6916 = ( NAMED_UNIT(*) PLANE_ANGLE_UNIT() SI_UNIT($,.RADIAN.) );
#6917 = ( NAMED_UNIT(*) SI_UNIT($,.STERADIAN.) SOLID_ANGLE_UNIT() );
#6918 = UNCERTAINTY_MEASURE_WITH_UNIT(LENGTH_MEASURE(1.E-07),#6915,
  'distance_accuracy_value','confusion accuracy');
#6919 = CONTEXT_DEPENDENT_SHAPE_REPRESENTATION(#6920,#6922);
#6920 = ( REPRESENTATION_RELATIONSHIP('','',#6495,#5986) 
REPRESENTATION_RELATIONSHIP_WITH_TRANSFORMATION(#6921) 
SHAPE_REPRESENTATION_RELATIONSHIP() );
#6921 = ITEM_DEFINED_TRANSFORMATION('','',#11,#5995);
#6922 = PRODUCT_DEFINITION_SHAPE('Placement','Placement of an item',
  #6923);
#6923 = NEXT_ASSEMBLY_USAGE_OCCURRENCE('15','Contact_1','',#5981,#6490,$
  );
#6924 = PRODUCT_RELATED_PRODUCT_CATEGORY('part',$,(#6492));
#6925 = SHAPE_DEFINITION_REPRESENTATION(#6926,#6932);
#6926 = PRODUCT_DEFINITION_SHAPE('','',#6927);
#6927 = PRODUCT_DEFINITION('design','',#6928,#6931);
#6928 = PRODUCT_DEFINITION_FORMATION('','',#6929);
#6929 = PRODUCT('Contact_2','Contact_2','',(#6930));
#6930 = PRODUCT_CONTEXT('',#2,'mechanical');
#6931 = PRODUCT_DEFINITION_CONTEXT('part definition',#2,'design');
#6932 = ADVANCED_BREP_SHAPE_REPRESENTATION('',(#11,#6933),#7351);
#6933 = MANIFOLD_SOLID_BREP('',#6934);
#6934 = CLOSED_SHELL('',(#6935,#6975,#7006,#7047,#7088,#7120,#7152,#7169
    ,#7216,#7247,#7278,#7295,#7316,#7337));
#6935 = ADVANCED_FACE('',(#6936),#6970,.T.);
#6936 = FACE_BOUND('',#6937,.T.);
#6937 = EDGE_LOOP('',(#6938,#6948,#6956,#6964));
#6938 = ORIENTED_EDGE('',*,*,#6939,.T.);
#6939 = EDGE_CURVE('',#6940,#6942,#6944,.T.);
#6940 = VERTEX_POINT('',#6941);
#6941 = CARTESIAN_POINT('',(0.75,-1.6,5.E-02));
#6942 = VERTEX_POINT('',#6943);
#6943 = CARTESIAN_POINT('',(0.75,-1.6,0.));
#6944 = LINE('',#6945,#6946);
#6945 = CARTESIAN_POINT('',(0.75,-1.6,5.E-02));
#6946 = VECTOR('',#6947,1.);
#6947 = DIRECTION('',(0.,0.,-1.));
#6948 = ORIENTED_EDGE('',*,*,#6949,.T.);
#6949 = EDGE_CURVE('',#6942,#6950,#6952,.T.);
#6950 = VERTEX_POINT('',#6951);
#6951 = CARTESIAN_POINT('',(0.75,-1.,0.));
#6952 = LINE('',#6953,#6954);
#6953 = CARTESIAN_POINT('',(0.75,-1.6,0.));
#6954 = VECTOR('',#6955,1.);
#6955 = DIRECTION('',(0.,1.,0.));
#6956 = ORIENTED_EDGE('',*,*,#6957,.F.);
#6957 = EDGE_CURVE('',#6958,#6950,#6960,.T.);
#6958 = VERTEX_POINT('',#6959);
#6959 = CARTESIAN_POINT('',(0.75,-1.,5.E-02));
#6960 = LINE('',#6961,#6962);
#6961 = CARTESIAN_POINT('',(0.75,-1.,5.E-02));
#6962 = VECTOR('',#6963,1.);
#6963 = DIRECTION('',(0.,0.,-1.));
#6964 = ORIENTED_EDGE('',*,*,#6965,.F.);
#6965 = EDGE_CURVE('',#6940,#6958,#6966,.T.);
#6966 = LINE('',#6967,#6968);
#6967 = CARTESIAN_POINT('',(0.75,-1.6,5.E-02));
#6968 = VECTOR('',#6969,1.);
#6969 = DIRECTION('',(0.,1.,0.));
#6970 = PLANE('',#6971);
#6971 = AXIS2_PLACEMENT_3D('',#6972,#6973,#6974);
#6972 = CARTESIAN_POINT('',(0.75,-1.6,5.E-02));
#6973 = DIRECTION('',(1.,0.,0.));
#6974 = DIRECTION('',(-0.,1.,0.));
#6975 = ADVANCED_FACE('',(#6976),#7001,.T.);
#6976 = FACE_BOUND('',#6977,.T.);
#6977 = EDGE_LOOP('',(#6978,#6979,#6987,#6995));
#6978 = ORIENTED_EDGE('',*,*,#6957,.T.);
#6979 = ORIENTED_EDGE('',*,*,#6980,.T.);
#6980 = EDGE_CURVE('',#6950,#6981,#6983,.T.);
#6981 = VERTEX_POINT('',#6982);
#6982 = CARTESIAN_POINT('',(-0.75,-1.,0.));
#6983 = LINE('',#6984,#6985);
#6984 = CARTESIAN_POINT('',(0.75,-1.,0.));
#6985 = VECTOR('',#6986,1.);
#6986 = DIRECTION('',(-1.,0.,0.));
#6987 = ORIENTED_EDGE('',*,*,#6988,.F.);
#6988 = EDGE_CURVE('',#6989,#6981,#6991,.T.);
#6989 = VERTEX_POINT('',#6990);
#6990 = CARTESIAN_POINT('',(-0.75,-1.,5.E-02));
#6991 = LINE('',#6992,#6993);
#6992 = CARTESIAN_POINT('',(-0.75,-1.,5.E-02));
#6993 = VECTOR('',#6994,1.);
#6994 = DIRECTION('',(0.,0.,-1.));
#6995 = ORIENTED_EDGE('',*,*,#6996,.F.);
#6996 = EDGE_CURVE('',#6958,#6989,#6997,.T.);
#6997 = LINE('',#6998,#6999);
#6998 = CARTESIAN_POINT('',(0.75,-1.,5.E-02));
#6999 = VECTOR('',#7000,1.);
#7000 = DIRECTION('',(-1.,0.,0.));
#7001 = PLANE('',#7002);
#7002 = AXIS2_PLACEMENT_3D('',#7003,#7004,#7005);
#7003 = CARTESIAN_POINT('',(0.75,-1.,5.E-02));
#7004 = DIRECTION('',(0.,1.,0.));
#7005 = DIRECTION('',(-1.,0.,0.));
#7006 = ADVANCED_FACE('',(#7007),#7042,.T.);
#7007 = FACE_BOUND('',#7008,.T.);
#7008 = EDGE_LOOP('',(#7009,#7020,#7026,#7027,#7028,#7036));
#7009 = ORIENTED_EDGE('',*,*,#7010,.T.);
#7010 = EDGE_CURVE('',#7011,#7013,#7015,.T.);
#7011 = VERTEX_POINT('',#7012);
#7012 = CARTESIAN_POINT('',(-0.3,-1.6,5.E-02));
#7013 = VERTEX_POINT('',#7014);
#7014 = CARTESIAN_POINT('',(0.3,-1.6,5.E-02));
#7015 = CIRCLE('',#7016,0.3);
#7016 = AXIS2_PLACEMENT_3D('',#7017,#7018,#7019);
#7017 = CARTESIAN_POINT('',(0.,-1.6,5.E-02));
#7018 = DIRECTION('',(0.,0.,-1.));
#7019 = DIRECTION('',(1.,0.,0.));
#7020 = ORIENTED_EDGE('',*,*,#7021,.T.);
#7021 = EDGE_CURVE('',#7013,#6940,#7022,.T.);
#7022 = LINE('',#7023,#7024);
#7023 = CARTESIAN_POINT('',(0.3,-1.6,5.E-02));
#7024 = VECTOR('',#7025,1.);
#7025 = DIRECTION('',(1.,0.,0.));
#7026 = ORIENTED_EDGE('',*,*,#6965,.T.);
#7027 = ORIENTED_EDGE('',*,*,#6996,.T.);
#7028 = ORIENTED_EDGE('',*,*,#7029,.T.);
#7029 = EDGE_CURVE('',#6989,#7030,#7032,.T.);
#7030 = VERTEX_POINT('',#7031);
#7031 = CARTESIAN_POINT('',(-0.75,-1.6,5.E-02));
#7032 = LINE('',#7033,#7034);
#7033 = CARTESIAN_POINT('',(-0.75,-1.,5.E-02));
#7034 = VECTOR('',#7035,1.);
#7035 = DIRECTION('',(0.,-1.,0.));
#7036 = ORIENTED_EDGE('',*,*,#7037,.T.);
#7037 = EDGE_CURVE('',#7030,#7011,#7038,.T.);
#7038 = LINE('',#7039,#7040);
#7039 = CARTESIAN_POINT('',(-0.75,-1.6,5.E-02));
#7040 = VECTOR('',#7041,1.);
#7041 = DIRECTION('',(1.,0.,0.));
#7042 = PLANE('',#7043);
#7043 = AXIS2_PLACEMENT_3D('',#7044,#7045,#7046);
#7044 = CARTESIAN_POINT('',(-1.E-17,-1.285358983849,5.E-02));
#7045 = DIRECTION('',(0.,0.,1.));
#7046 = DIRECTION('',(1.,0.,-0.));
#7047 = ADVANCED_FACE('',(#7048),#7083,.T.);
#7048 = FACE_BOUND('',#7049,.T.);
#7049 = EDGE_LOOP('',(#7050,#7058,#7067,#7075,#7081,#7082));
#7050 = ORIENTED_EDGE('',*,*,#7051,.T.);
#7051 = EDGE_CURVE('',#6942,#7052,#7054,.T.);
#7052 = VERTEX_POINT('',#7053);
#7053 = CARTESIAN_POINT('',(0.25,-1.6,0.));
#7054 = LINE('',#7055,#7056);
#7055 = CARTESIAN_POINT('',(0.3,-1.6,2.E-17));
#7056 = VECTOR('',#7057,1.);
#7057 = DIRECTION('',(-1.,0.,0.));
#7058 = ORIENTED_EDGE('',*,*,#7059,.F.);
#7059 = EDGE_CURVE('',#7060,#7052,#7062,.T.);
#7060 = VERTEX_POINT('',#7061);
#7061 = CARTESIAN_POINT('',(-0.25,-1.6,0.));
#7062 = CIRCLE('',#7063,0.25);
#7063 = AXIS2_PLACEMENT_3D('',#7064,#7065,#7066);
#7064 = CARTESIAN_POINT('',(0.,-1.6,0.));
#7065 = DIRECTION('',(0.,0.,-1.));
#7066 = DIRECTION('',(1.,0.,0.));
#7067 = ORIENTED_EDGE('',*,*,#7068,.F.);
#7068 = EDGE_CURVE('',#7069,#7060,#7071,.T.);
#7069 = VERTEX_POINT('',#7070);
#7070 = CARTESIAN_POINT('',(-0.75,-1.6,0.));
#7071 = LINE('',#7072,#7073);
#7072 = CARTESIAN_POINT('',(-0.75,-1.6,0.));
#7073 = VECTOR('',#7074,1.);
#7074 = DIRECTION('',(1.,0.,0.));
#7075 = ORIENTED_EDGE('',*,*,#7076,.F.);
#7076 = EDGE_CURVE('',#6981,#7069,#7077,.T.);
#7077 = LINE('',#7078,#7079);
#7078 = CARTESIAN_POINT('',(-0.75,-1.,0.));
#7079 = VECTOR('',#7080,1.);
#7080 = DIRECTION('',(0.,-1.,0.));
#7081 = ORIENTED_EDGE('',*,*,#6980,.F.);
#7082 = ORIENTED_EDGE('',*,*,#6949,.F.);
#7083 = PLANE('',#7084);
#7084 = AXIS2_PLACEMENT_3D('',#7085,#7086,#7087);
#7085 = CARTESIAN_POINT('',(0.,-1.292527376298,0.));
#7086 = DIRECTION('',(-0.,-0.,-1.));
#7087 = DIRECTION('',(-1.,0.,0.));
#7088 = ADVANCED_FACE('',(#7089),#7115,.T.);
#7089 = FACE_BOUND('',#7090,.T.);
#7090 = EDGE_LOOP('',(#7091,#7092,#7100,#7109));
#7091 = ORIENTED_EDGE('',*,*,#7010,.F.);
#7092 = ORIENTED_EDGE('',*,*,#7093,.T.);
#7093 = EDGE_CURVE('',#7011,#7094,#7096,.T.);
#7094 = VERTEX_POINT('',#7095);
#7095 = CARTESIAN_POINT('',(-0.3,-1.6,0.41));
#7096 = LINE('',#7097,#7098);
#7097 = CARTESIAN_POINT('',(-0.3,-1.6,2.E-17));
#7098 = VECTOR('',#7099,1.);
#7099 = DIRECTION('',(0.,0.,1.));
#7100 = ORIENTED_EDGE('',*,*,#7101,.F.);
#7101 = EDGE_CURVE('',#7102,#7094,#7104,.T.);
#7102 = VERTEX_POINT('',#7103);
#7103 = CARTESIAN_POINT('',(0.3,-1.6,0.41));
#7104 = CIRCLE('',#7105,0.3);
#7105 = AXIS2_PLACEMENT_3D('',#7106,#7107,#7108);
#7106 = CARTESIAN_POINT('',(0.,-1.6,0.41));
#7107 = DIRECTION('',(0.,0.,1.));
#7108 = DIRECTION('',(1.,0.,-0.));
#7109 = ORIENTED_EDGE('',*,*,#7110,.F.);
#7110 = EDGE_CURVE('',#7013,#7102,#7111,.T.);
#7111 = LINE('',#7112,#7113);
#7112 = CARTESIAN_POINT('',(0.3,-1.6,2.E-17));
#7113 = VECTOR('',#7114,1.);
#7114 = DIRECTION('',(0.,0.,1.));
#7115 = CYLINDRICAL_SURFACE('',#7116,0.3);
#7116 = AXIS2_PLACEMENT_3D('',#7117,#7118,#7119);
#7117 = CARTESIAN_POINT('',(0.,-1.6,2.E-17));
#7118 = DIRECTION('',(0.,0.,-1.));
#7119 = DIRECTION('',(1.,0.,0.));
#7120 = ADVANCED_FACE('',(#7121),#7147,.F.);
#7121 = FACE_BOUND('',#7122,.F.);
#7122 = EDGE_LOOP('',(#7123,#7131,#7140,#7146));
#7123 = ORIENTED_EDGE('',*,*,#7124,.T.);
#7124 = EDGE_CURVE('',#7060,#7125,#7127,.T.);
#7125 = VERTEX_POINT('',#7126);
#7126 = CARTESIAN_POINT('',(-0.25,-1.6,0.46));
#7127 = LINE('',#7128,#7129);
#7128 = CARTESIAN_POINT('',(-0.25,-1.6,2.E-17));
#7129 = VECTOR('',#7130,1.);
#7130 = DIRECTION('',(0.,0.,1.));
#7131 = ORIENTED_EDGE('',*,*,#7132,.T.);
#7132 = EDGE_CURVE('',#7125,#7133,#7135,.T.);
#7133 = VERTEX_POINT('',#7134);
#7134 = CARTESIAN_POINT('',(0.25,-1.6,0.46));
#7135 = CIRCLE('',#7136,0.25);
#7136 = AXIS2_PLACEMENT_3D('',#7137,#7138,#7139);
#7137 = CARTESIAN_POINT('',(0.,-1.6,0.46));
#7138 = DIRECTION('',(0.,0.,-1.));
#7139 = DIRECTION('',(1.,0.,0.));
#7140 = ORIENTED_EDGE('',*,*,#7141,.F.);
#7141 = EDGE_CURVE('',#7052,#7133,#7142,.T.);
#7142 = LINE('',#7143,#7144);
#7143 = CARTESIAN_POINT('',(0.25,-1.6,2.E-17));
#7144 = VECTOR('',#7145,1.);
#7145 = DIRECTION('',(0.,0.,1.));
#7146 = ORIENTED_EDGE('',*,*,#7059,.F.);
#7147 = CYLINDRICAL_SURFACE('',#7148,0.25);
#7148 = AXIS2_PLACEMENT_3D('',#7149,#7150,#7151);
#7149 = CARTESIAN_POINT('',(0.,-1.6,2.E-17));
#7150 = DIRECTION('',(0.,0.,-1.));
#7151 = DIRECTION('',(1.,0.,0.));
#7152 = ADVANCED_FACE('',(#7153),#7164,.T.);
#7153 = FACE_BOUND('',#7154,.T.);
#7154 = EDGE_LOOP('',(#7155,#7156,#7157,#7163));
#7155 = ORIENTED_EDGE('',*,*,#6988,.T.);
#7156 = ORIENTED_EDGE('',*,*,#7076,.T.);
#7157 = ORIENTED_EDGE('',*,*,#7158,.F.);
#7158 = EDGE_CURVE('',#7030,#7069,#7159,.T.);
#7159 = LINE('',#7160,#7161);
#7160 = CARTESIAN_POINT('',(-0.75,-1.6,5.E-02));
#7161 = VECTOR('',#7162,1.);
#7162 = DIRECTION('',(0.,0.,-1.));
#7163 = ORIENTED_EDGE('',*,*,#7029,.F.);
#7164 = PLANE('',#7165);
#7165 = AXIS2_PLACEMENT_3D('',#7166,#7167,#7168);
#7166 = CARTESIAN_POINT('',(-0.75,-1.,5.E-02));
#7167 = DIRECTION('',(-1.,-0.,-0.));
#7168 = DIRECTION('',(0.,-1.,0.));
#7169 = ADVANCED_FACE('',(#7170),#7211,.F.);
#7170 = FACE_BOUND('',#7171,.T.);
#7171 = EDGE_LOOP('',(#7172,#7173,#7181,#7189,#7197,#7205));
#7172 = ORIENTED_EDGE('',*,*,#7101,.T.);
#7173 = ORIENTED_EDGE('',*,*,#7174,.T.);
#7174 = EDGE_CURVE('',#7094,#7175,#7177,.T.);
#7175 = VERTEX_POINT('',#7176);
#7176 = CARTESIAN_POINT('',(-0.75,-1.6,0.41));
#7177 = LINE('',#7178,#7179);
#7178 = CARTESIAN_POINT('',(-0.3,-1.6,0.41));
#7179 = VECTOR('',#7180,1.);
#7180 = DIRECTION('',(-1.,0.,0.));
#7181 = ORIENTED_EDGE('',*,*,#7182,.T.);
#7182 = EDGE_CURVE('',#7175,#7183,#7185,.T.);
#7183 = VERTEX_POINT('',#7184);
#7184 = CARTESIAN_POINT('',(-0.75,-1.,0.41));
#7185 = LINE('',#7186,#7187);
#7186 = CARTESIAN_POINT('',(-0.75,-1.6,0.41));
#7187 = VECTOR('',#7188,1.);
#7188 = DIRECTION('',(0.,1.,0.));
#7189 = ORIENTED_EDGE('',*,*,#7190,.T.);
#7190 = EDGE_CURVE('',#7183,#7191,#7193,.T.);
#7191 = VERTEX_POINT('',#7192);
#7192 = CARTESIAN_POINT('',(0.75,-1.,0.41));
#7193 = LINE('',#7194,#7195);
#7194 = CARTESIAN_POINT('',(-0.75,-1.,0.41));
#7195 = VECTOR('',#7196,1.);
#7196 = DIRECTION('',(1.,0.,0.));
#7197 = ORIENTED_EDGE('',*,*,#7198,.T.);
#7198 = EDGE_CURVE('',#7191,#7199,#7201,.T.);
#7199 = VERTEX_POINT('',#7200);
#7200 = CARTESIAN_POINT('',(0.75,-1.6,0.41));
#7201 = LINE('',#7202,#7203);
#7202 = CARTESIAN_POINT('',(0.75,-1.,0.41));
#7203 = VECTOR('',#7204,1.);
#7204 = DIRECTION('',(0.,-1.,0.));
#7205 = ORIENTED_EDGE('',*,*,#7206,.T.);
#7206 = EDGE_CURVE('',#7199,#7102,#7207,.T.);
#7207 = LINE('',#7208,#7209);
#7208 = CARTESIAN_POINT('',(0.75,-1.6,0.41));
#7209 = VECTOR('',#7210,1.);
#7210 = DIRECTION('',(-1.,0.,0.));
#7211 = PLANE('',#7212);
#7212 = AXIS2_PLACEMENT_3D('',#7213,#7214,#7215);
#7213 = CARTESIAN_POINT('',(1.E-17,-1.285358983849,0.41));
#7214 = DIRECTION('',(0.,0.,1.));
#7215 = DIRECTION('',(1.,0.,-0.));
#7216 = ADVANCED_FACE('',(#7217),#7242,.F.);
#7217 = FACE_BOUND('',#7218,.F.);
#7218 = EDGE_LOOP('',(#7219,#7227,#7228,#7236));
#7219 = ORIENTED_EDGE('',*,*,#7220,.T.);
#7220 = EDGE_CURVE('',#7221,#7191,#7223,.T.);
#7221 = VERTEX_POINT('',#7222);
#7222 = CARTESIAN_POINT('',(0.75,-1.,0.46));
#7223 = LINE('',#7224,#7225);
#7224 = CARTESIAN_POINT('',(0.75,-1.,0.46));
#7225 = VECTOR('',#7226,1.);
#7226 = DIRECTION('',(-0.,-0.,-1.));
#7227 = ORIENTED_EDGE('',*,*,#7198,.T.);
#7228 = ORIENTED_EDGE('',*,*,#7229,.F.);
#7229 = EDGE_CURVE('',#7230,#7199,#7232,.T.);
#7230 = VERTEX_POINT('',#7231);
#7231 = CARTESIAN_POINT('',(0.75,-1.6,0.46));
#7232 = LINE('',#7233,#7234);
#7233 = CARTESIAN_POINT('',(0.75,-1.6,0.46));
#7234 = VECTOR('',#7235,1.);
#7235 = DIRECTION('',(-0.,-0.,-1.));
#7236 = ORIENTED_EDGE('',*,*,#7237,.F.);
#7237 = EDGE_CURVE('',#7221,#7230,#7238,.T.);
#7238 = LINE('',#7239,#7240);
#7239 = CARTESIAN_POINT('',(0.75,-1.,0.46));
#7240 = VECTOR('',#7241,1.);
#7241 = DIRECTION('',(0.,-1.,0.));
#7242 = PLANE('',#7243);
#7243 = AXIS2_PLACEMENT_3D('',#7244,#7245,#7246);
#7244 = CARTESIAN_POINT('',(0.75,-1.,0.46));
#7245 = DIRECTION('',(-1.,0.,0.));
#7246 = DIRECTION('',(0.,-1.,0.));
#7247 = ADVANCED_FACE('',(#7248),#7273,.F.);
#7248 = FACE_BOUND('',#7249,.F.);
#7249 = EDGE_LOOP('',(#7250,#7258,#7259,#7267));
#7250 = ORIENTED_EDGE('',*,*,#7251,.T.);
#7251 = EDGE_CURVE('',#7252,#7175,#7254,.T.);
#7252 = VERTEX_POINT('',#7253);
#7253 = CARTESIAN_POINT('',(-0.75,-1.6,0.46));
#7254 = LINE('',#7255,#7256);
#7255 = CARTESIAN_POINT('',(-0.75,-1.6,0.46));
#7256 = VECTOR('',#7257,1.);
#7257 = DIRECTION('',(-0.,-0.,-1.));
#7258 = ORIENTED_EDGE('',*,*,#7182,.T.);
#7259 = ORIENTED_EDGE('',*,*,#7260,.F.);
#7260 = EDGE_CURVE('',#7261,#7183,#7263,.T.);
#7261 = VERTEX_POINT('',#7262);
#7262 = CARTESIAN_POINT('',(-0.75,-1.,0.46));
#7263 = LINE('',#7264,#7265);
#7264 = CARTESIAN_POINT('',(-0.75,-1.,0.46));
#7265 = VECTOR('',#7266,1.);
#7266 = DIRECTION('',(-0.,-0.,-1.));
#7267 = ORIENTED_EDGE('',*,*,#7268,.F.);
#7268 = EDGE_CURVE('',#7252,#7261,#7269,.T.);
#7269 = LINE('',#7270,#7271);
#7270 = CARTESIAN_POINT('',(-0.75,-1.6,0.46));
#7271 = VECTOR('',#7272,1.);
#7272 = DIRECTION('',(0.,1.,0.));
#7273 = PLANE('',#7274);
#7274 = AXIS2_PLACEMENT_3D('',#7275,#7276,#7277);
#7275 = CARTESIAN_POINT('',(-0.75,-1.6,0.46));
#7276 = DIRECTION('',(1.,0.,0.));
#7277 = DIRECTION('',(-0.,1.,0.));
#7278 = ADVANCED_FACE('',(#7279),#7290,.F.);
#7279 = FACE_BOUND('',#7280,.F.);
#7280 = EDGE_LOOP('',(#7281,#7282,#7283,#7284));
#7281 = ORIENTED_EDGE('',*,*,#7260,.T.);
#7282 = ORIENTED_EDGE('',*,*,#7190,.T.);
#7283 = ORIENTED_EDGE('',*,*,#7220,.F.);
#7284 = ORIENTED_EDGE('',*,*,#7285,.F.);
#7285 = EDGE_CURVE('',#7261,#7221,#7286,.T.);
#7286 = LINE('',#7287,#7288);
#7287 = CARTESIAN_POINT('',(-0.75,-1.,0.46));
#7288 = VECTOR('',#7289,1.);
#7289 = DIRECTION('',(1.,0.,0.));
#7290 = PLANE('',#7291);
#7291 = AXIS2_PLACEMENT_3D('',#7292,#7293,#7294);
#7292 = CARTESIAN_POINT('',(-0.75,-1.,0.46));
#7293 = DIRECTION('',(0.,-1.,0.));
#7294 = DIRECTION('',(1.,0.,0.));
#7295 = ADVANCED_FACE('',(#7296),#7311,.T.);
#7296 = FACE_BOUND('',#7297,.T.);
#7297 = EDGE_LOOP('',(#7298,#7299,#7300,#7301,#7302,#7303,#7309,#7310));
#7298 = ORIENTED_EDGE('',*,*,#6939,.F.);
#7299 = ORIENTED_EDGE('',*,*,#7021,.F.);
#7300 = ORIENTED_EDGE('',*,*,#7110,.T.);
#7301 = ORIENTED_EDGE('',*,*,#7206,.F.);
#7302 = ORIENTED_EDGE('',*,*,#7229,.F.);
#7303 = ORIENTED_EDGE('',*,*,#7304,.T.);
#7304 = EDGE_CURVE('',#7230,#7133,#7305,.T.);
#7305 = LINE('',#7306,#7307);
#7306 = CARTESIAN_POINT('',(0.75,-1.6,0.46));
#7307 = VECTOR('',#7308,1.);
#7308 = DIRECTION('',(-1.,0.,0.));
#7309 = ORIENTED_EDGE('',*,*,#7141,.F.);
#7310 = ORIENTED_EDGE('',*,*,#7051,.F.);
#7311 = PLANE('',#7312);
#7312 = AXIS2_PLACEMENT_3D('',#7313,#7314,#7315);
#7313 = CARTESIAN_POINT('',(0.450531914894,-1.6,0.23));
#7314 = DIRECTION('',(-0.,-1.,-0.));
#7315 = DIRECTION('',(0.,0.,-1.));
#7316 = ADVANCED_FACE('',(#7317),#7332,.T.);
#7317 = FACE_BOUND('',#7318,.T.);
#7318 = EDGE_LOOP('',(#7319,#7320,#7321,#7322,#7328,#7329,#7330,#7331));
#7319 = ORIENTED_EDGE('',*,*,#7158,.T.);
#7320 = ORIENTED_EDGE('',*,*,#7068,.T.);
#7321 = ORIENTED_EDGE('',*,*,#7124,.T.);
#7322 = ORIENTED_EDGE('',*,*,#7323,.T.);
#7323 = EDGE_CURVE('',#7125,#7252,#7324,.T.);
#7324 = LINE('',#7325,#7326);
#7325 = CARTESIAN_POINT('',(-0.25,-1.6,0.46));
#7326 = VECTOR('',#7327,1.);
#7327 = DIRECTION('',(-1.,0.,0.));
#7328 = ORIENTED_EDGE('',*,*,#7251,.T.);
#7329 = ORIENTED_EDGE('',*,*,#7174,.F.);
#7330 = ORIENTED_EDGE('',*,*,#7093,.F.);
#7331 = ORIENTED_EDGE('',*,*,#7037,.F.);
#7332 = PLANE('',#7333);
#7333 = AXIS2_PLACEMENT_3D('',#7334,#7335,#7336);
#7334 = CARTESIAN_POINT('',(-0.450531914894,-1.6,0.23));
#7335 = DIRECTION('',(-0.,-1.,-0.));
#7336 = DIRECTION('',(0.,0.,-1.));
#7337 = ADVANCED_FACE('',(#7338),#7346,.T.);
#7338 = FACE_BOUND('',#7339,.T.);
#7339 = EDGE_LOOP('',(#7340,#7341,#7342,#7343,#7344,#7345));
#7340 = ORIENTED_EDGE('',*,*,#7323,.F.);
#7341 = ORIENTED_EDGE('',*,*,#7132,.T.);
#7342 = ORIENTED_EDGE('',*,*,#7304,.F.);
#7343 = ORIENTED_EDGE('',*,*,#7237,.F.);
#7344 = ORIENTED_EDGE('',*,*,#7285,.F.);
#7345 = ORIENTED_EDGE('',*,*,#7268,.F.);
#7346 = PLANE('',#7347);
#7347 = AXIS2_PLACEMENT_3D('',#7348,#7349,#7350);
#7348 = CARTESIAN_POINT('',(-1.E-17,-1.292527376298,0.46));
#7349 = DIRECTION('',(0.,0.,1.));
#7350 = DIRECTION('',(1.,0.,-0.));
#7351 = ( GEOMETRIC_REPRESENTATION_CONTEXT(3) 
GLOBAL_UNCERTAINTY_ASSIGNED_CONTEXT((#7355)) 
GLOBAL_UNIT_ASSIGNED_CONTEXT((#7352,#7353,#7354)) REPRESENTATION_CONTEXT
('Context #1','3D Context with UNIT and UNCERTAINTY') );
#7352 = ( LENGTH_UNIT() NAMED_UNIT(*) SI_UNIT(.MILLI.,.METRE.) );
#7353 = ( NAMED_UNIT(*) PLANE_ANGLE_UNIT() SI_UNIT($,.RADIAN.) );
#7354 = ( NAMED_UNIT(*) SI_UNIT($,.STERADIAN.) SOLID_ANGLE_UNIT() );
#7355 = UNCERTAINTY_MEASURE_WITH_UNIT(LENGTH_MEASURE(1.E-07),#7352,
  'distance_accuracy_value','confusion accuracy');
#7356 = CONTEXT_DEPENDENT_SHAPE_REPRESENTATION(#7357,#7359);
#7357 = ( REPRESENTATION_RELATIONSHIP('','',#6932,#5986) 
REPRESENTATION_RELATIONSHIP_WITH_TRANSFORMATION(#7358) 
SHAPE_REPRESENTATION_RELATIONSHIP() );
#7358 = ITEM_DEFINED_TRANSFORMATION('','',#11,#5999);
#7359 = PRODUCT_DEFINITION_SHAPE('Placement','Placement of an item',
  #7360);
#7360 = NEXT_ASSEMBLY_USAGE_OCCURRENCE('16','Contact_2','',#5981,#6927,$
  );
#7361 = PRODUCT_RELATED_PRODUCT_CATEGORY('part',$,(#6929));
#7362 = CONTEXT_DEPENDENT_SHAPE_REPRESENTATION(#7363,#7365);
#7363 = ( REPRESENTATION_RELATIONSHIP('','',#4473,#10) 
REPRESENTATION_RELATIONSHIP_WITH_TRANSFORMATION(#7364) 
SHAPE_REPRESENTATION_RELATIONSHIP() );
#7364 = ITEM_DEFINED_TRANSFORMATION('','',#11,#31);
#7365 = PRODUCT_DEFINITION_SHAPE('Placement','Placement of an item',
  #7366);
#7366 = NEXT_ASSEMBLY_USAGE_OCCURRENCE('18','R1','',#5,#4468,$);
#7367 = CONTEXT_DEPENDENT_SHAPE_REPRESENTATION(#7368,#7370);
#7368 = ( REPRESENTATION_RELATIONSHIP('','',#72,#10) 
REPRESENTATION_RELATIONSHIP_WITH_TRANSFORMATION(#7369) 
SHAPE_REPRESENTATION_RELATIONSHIP() );
#7369 = ITEM_DEFINED_TRANSFORMATION('','',#11,#35);
#7370 = PRODUCT_DEFINITION_SHAPE('Placement','Placement of an item',
  #7371);
#7371 = NEXT_ASSEMBLY_USAGE_OCCURRENCE('19','J3','',#5,#67,$);
#7372 = SHAPE_DEFINITION_REPRESENTATION(#7373,#7379);
#7373 = PRODUCT_DEFINITION_SHAPE('','',#7374);
#7374 = PRODUCT_DEFINITION('design','',#7375,#7378);
#7375 = PRODUCT_DEFINITION_FORMATION('','',#7376);
#7376 = PRODUCT('SO-8_3.9x4.9mm_P1.27mm','SO-8_3.9x4.9mm_P1.27mm','',(
    #7377));
#7377 = PRODUCT_CONTEXT('',#2,'mechanical');
#7378 = PRODUCT_DEFINITION_CONTEXT('part definition',#2,'design');
#7379 = ADVANCED_BREP_SHAPE_REPRESENTATION('',(#11,#7380),#11850);
#7380 = MANIFOLD_SOLID_BREP('',#7381);
#7381 = CLOSED_SHELL('',(#7382,#7420,#7483,#7506,#7535,#7558,#7645,#7732
    ,#7755,#7778,#7795,#7818,#7906,#7922,#7952,#7983,#8014,#8045,#8076,
    #8107,#8138,#8169,#8186,#8203,#8234,#8265,#8296,#8327,#8358,#8389,
    #8420,#8450,#8473,#8496,#8513,#8558,#8644,#8667,#8690,#8713,#8800,
    #8838,#8887,#8979,#9004,#9088,#9110,#9202,#9227,#9311,#9333,#9425,
    #9450,#9534,#9551,#9636,#9661,#9738,#9823,#9848,#9925,#9942,#10034,
    #10059,#10143,#10165,#10257,#10282,#10366,#10388,#10480,#10505,
    #10589,#10606,#10625,#10644,#10663,#10709,#10725,#10744,#10763,
    #10782,#10798,#10815,#10827,#10844,#10861,#10878,#10895,#10912,
    #10929,#10946,#10958,#10975,#10992,#11009,#11026,#11043,#11060,
    #11077,#11089,#11106,#11123,#11140,#11157,#11174,#11191,#11208,
    #11220,#11237,#11254,#11271,#11288,#11305,#11322,#11334,#11351,
    #11368,#11385,#11402,#11419,#11436,#11448,#11465,#11482,#11499,
    #11516,#11533,#11550,#11567,#11579,#11596,#11613,#11630,#11647,
    #11664,#11681,#11698,#11710,#11727,#11744,#11761,#11778,#11795,
    #11812,#11829,#11841));
#7382 = ADVANCED_FACE('',(#7383),#7415,.F.);
#7383 = FACE_BOUND('',#7384,.F.);
#7384 = EDGE_LOOP('',(#7385,#7395,#7402,#7410));
#7385 = ORIENTED_EDGE('',*,*,#7386,.T.);
#7386 = EDGE_CURVE('',#7387,#7389,#7391,.T.);
#7387 = VERTEX_POINT('',#7388);
#7388 = CARTESIAN_POINT('',(-1.713230068273,2.328960136547,0.1));
#7389 = VERTEX_POINT('',#7390);
#7390 = CARTESIAN_POINT('',(1.713230068273,2.328960136547,0.1));
#7391 = LINE('',#7392,#7393);
#7392 = CARTESIAN_POINT('',(-1.713230068273,2.328960136547,0.1));
#7393 = VECTOR('',#7394,1.);
#7394 = DIRECTION('',(1.,1.110223024625E-16,0.));
#7395 = ORIENTED_EDGE('',*,*,#7396,.T.);
#7396 = EDGE_CURVE('',#7389,#7397,#7399,.T.);
#7397 = VERTEX_POINT('',#7398);
#7398 = CARTESIAN_POINT('',(1.775,2.4525,0.88));
#7399 = B_SPLINE_CURVE_WITH_KNOTS('',1,(#7400,#7401),.UNSPECIFIED.,.F.,
  .F.,(2,2),(0.,1.),.PIECEWISE_BEZIER_KNOTS.);
#7400 = CARTESIAN_POINT('',(1.713230068273,2.328960136547,0.1));
#7401 = CARTESIAN_POINT('',(1.775,2.4525,0.88));
#7402 = ORIENTED_EDGE('',*,*,#7403,.F.);
#7403 = EDGE_CURVE('',#7404,#7397,#7406,.T.);
#7404 = VERTEX_POINT('',#7405);
#7405 = CARTESIAN_POINT('',(-1.775,2.4525,0.88));
#7406 = LINE('',#7407,#7408);
#7407 = CARTESIAN_POINT('',(-1.775,2.4525,0.88));
#7408 = VECTOR('',#7409,1.);
#7409 = DIRECTION('',(1.,1.110223024625E-16,0.));
#7410 = ORIENTED_EDGE('',*,*,#7411,.F.);
#7411 = EDGE_CURVE('',#7387,#7404,#7412,.T.);
#7412 = B_SPLINE_CURVE_WITH_KNOTS('',1,(#7413,#7414),.UNSPECIFIED.,.F.,
  .F.,(2,2),(0.,1.),.PIECEWISE_BEZIER_KNOTS.);
#7413 = CARTESIAN_POINT('',(-1.713230068273,2.328960136547,0.1));
#7414 = CARTESIAN_POINT('',(-1.775,2.4525,0.88));
#7415 = B_SPLINE_SURFACE_WITH_KNOTS('',1,1,(
    (#7416,#7417)
    ,(#7418,#7419
    )),.UNSPECIFIED.,.F.,.F.,.F.,(2,2),(2,2),(0.,3.55),(0.,1.),
  .PIECEWISE_BEZIER_KNOTS.);
#7416 = CARTESIAN_POINT('',(-1.713230068273,2.328960136547,0.1));
#7417 = CARTESIAN_POINT('',(-1.775,2.4525,0.88));
#7418 = CARTESIAN_POINT('',(1.713230068273,2.328960136547,0.1));
#7419 = CARTESIAN_POINT('',(1.775,2.4525,0.88));
#7420 = ADVANCED_FACE('',(#7421),#7478,.F.);
#7421 = FACE_BOUND('',#7422,.T.);
#7422 = EDGE_LOOP('',(#7423,#7424,#7432,#7440,#7448,#7456,#7464,#7472));
#7423 = ORIENTED_EDGE('',*,*,#7386,.T.);
#7424 = ORIENTED_EDGE('',*,*,#7425,.T.);
#7425 = EDGE_CURVE('',#7389,#7426,#7428,.T.);
#7426 = VERTEX_POINT('',#7427);
#7427 = CARTESIAN_POINT('',(1.826460136547,2.215730068273,0.1));
#7428 = LINE('',#7429,#7430);
#7429 = CARTESIAN_POINT('',(1.713230068273,2.328960136547,0.1));
#7430 = VECTOR('',#7431,1.);
#7431 = DIRECTION('',(0.707106781187,-0.707106781187,0.));
#7432 = ORIENTED_EDGE('',*,*,#7433,.T.);
#7433 = EDGE_CURVE('',#7426,#7434,#7436,.T.);
#7434 = VERTEX_POINT('',#7435);
#7435 = CARTESIAN_POINT('',(1.826460136547,-2.215730068273,0.1));
#7436 = LINE('',#7437,#7438);
#7437 = CARTESIAN_POINT('',(1.826460136547,2.215730068273,0.1));
#7438 = VECTOR('',#7439,1.);
#7439 = DIRECTION('',(1.110223024625E-16,-1.,0.));
#7440 = ORIENTED_EDGE('',*,*,#7441,.T.);
#7441 = EDGE_CURVE('',#7434,#7442,#7444,.T.);
#7442 = VERTEX_POINT('',#7443);
#7443 = CARTESIAN_POINT('',(1.713230068273,-2.328960136547,0.1));
#7444 = LINE('',#7445,#7446);
#7445 = CARTESIAN_POINT('',(1.826460136547,-2.215730068273,0.1));
#7446 = VECTOR('',#7447,1.);
#7447 = DIRECTION('',(-0.707106781187,-0.707106781187,0.));
#7448 = ORIENTED_EDGE('',*,*,#7449,.T.);
#7449 = EDGE_CURVE('',#7442,#7450,#7452,.T.);
#7450 = VERTEX_POINT('',#7451);
#7451 = CARTESIAN_POINT('',(-1.713230068273,-2.328960136547,0.1));
#7452 = LINE('',#7453,#7454);
#7453 = CARTESIAN_POINT('',(1.713230068273,-2.328960136547,0.1));
#7454 = VECTOR('',#7455,1.);
#7455 = DIRECTION('',(-1.,-1.110223024625E-16,0.));
#7456 = ORIENTED_EDGE('',*,*,#7457,.T.);
#7457 = EDGE_CURVE('',#7450,#7458,#7460,.T.);
#7458 = VERTEX_POINT('',#7459);
#7459 = CARTESIAN_POINT('',(-1.826460136547,-2.215730068273,0.1));
#7460 = LINE('',#7461,#7462);
#7461 = CARTESIAN_POINT('',(-1.713230068273,-2.328960136547,0.1));
#7462 = VECTOR('',#7463,1.);
#7463 = DIRECTION('',(-0.707106781187,0.707106781187,0.));
#7464 = ORIENTED_EDGE('',*,*,#7465,.T.);
#7465 = EDGE_CURVE('',#7458,#7466,#7468,.T.);
#7466 = VERTEX_POINT('',#7467);
#7467 = CARTESIAN_POINT('',(-1.826460136547,2.215730068273,0.1));
#7468 = LINE('',#7469,#7470);
#7469 = CARTESIAN_POINT('',(-1.826460136547,-2.215730068273,0.1));
#7470 = VECTOR('',#7471,1.);
#7471 = DIRECTION('',(-1.110223024625E-16,1.,0.));
#7472 = ORIENTED_EDGE('',*,*,#7473,.T.);
#7473 = EDGE_CURVE('',#7466,#7387,#7474,.T.);
#7474 = LINE('',#7475,#7476);
#7475 = CARTESIAN_POINT('',(-1.826460136547,2.215730068273,0.1));
#7476 = VECTOR('',#7477,1.);
#7477 = DIRECTION('',(0.707106781187,0.707106781187,0.));
#7478 = PLANE('',#7479);
#7479 = AXIS2_PLACEMENT_3D('',#7480,#7481,#7482);
#7480 = CARTESIAN_POINT('',(-1.713230068273,2.328960136547,0.1));
#7481 = DIRECTION('',(0.,0.,1.));
#7482 = DIRECTION('',(0.592560915935,-0.805525642612,0.));
#7483 = ADVANCED_FACE('',(#7484),#7501,.F.);
#7484 = FACE_BOUND('',#7485,.F.);
#7485 = EDGE_LOOP('',(#7486,#7487,#7494,#7500));
#7486 = ORIENTED_EDGE('',*,*,#7425,.T.);
#7487 = ORIENTED_EDGE('',*,*,#7488,.T.);
#7488 = EDGE_CURVE('',#7426,#7489,#7491,.T.);
#7489 = VERTEX_POINT('',#7490);
#7490 = CARTESIAN_POINT('',(1.95,2.2775,0.88));
#7491 = B_SPLINE_CURVE_WITH_KNOTS('',1,(#7492,#7493),.UNSPECIFIED.,.F.,
  .F.,(2,2),(0.,1.),.PIECEWISE_BEZIER_KNOTS.);
#7492 = CARTESIAN_POINT('',(1.826460136547,2.215730068273,0.1));
#7493 = CARTESIAN_POINT('',(1.95,2.2775,0.88));
#7494 = ORIENTED_EDGE('',*,*,#7495,.F.);
#7495 = EDGE_CURVE('',#7397,#7489,#7496,.T.);
#7496 = LINE('',#7497,#7498);
#7497 = CARTESIAN_POINT('',(1.775,2.4525,0.88));
#7498 = VECTOR('',#7499,1.);
#7499 = DIRECTION('',(0.707106781187,-0.707106781187,0.));
#7500 = ORIENTED_EDGE('',*,*,#7396,.F.);
#7501 = B_SPLINE_SURFACE_WITH_KNOTS('',1,1,(
    (#7502,#7503)
    ,(#7504,#7505
    )),.UNSPECIFIED.,.F.,.F.,.F.,(2,2),(2,2),(0.,0.247487373415),(0.,1.)
  ,.PIECEWISE_BEZIER_KNOTS.);
#7502 = CARTESIAN_POINT('',(1.713230068273,2.328960136547,0.1));
#7503 = CARTESIAN_POINT('',(1.775,2.4525,0.88));
#7504 = CARTESIAN_POINT('',(1.826460136547,2.215730068273,0.1));
#7505 = CARTESIAN_POINT('',(1.95,2.2775,0.88));
#7506 = ADVANCED_FACE('',(#7507),#7530,.F.);
#7507 = FACE_BOUND('',#7508,.F.);
#7508 = EDGE_LOOP('',(#7509,#7510,#7517,#7525));
#7509 = ORIENTED_EDGE('',*,*,#7403,.T.);
#7510 = ORIENTED_EDGE('',*,*,#7511,.T.);
#7511 = EDGE_CURVE('',#7397,#7512,#7514,.T.);
#7512 = VERTEX_POINT('',#7513);
#7513 = CARTESIAN_POINT('',(1.775,2.4525,1.07));
#7514 = B_SPLINE_CURVE_WITH_KNOTS('',1,(#7515,#7516),.UNSPECIFIED.,.F.,
  .F.,(2,2),(0.,1.),.PIECEWISE_BEZIER_KNOTS.);
#7515 = CARTESIAN_POINT('',(1.775,2.4525,0.88));
#7516 = CARTESIAN_POINT('',(1.775,2.4525,1.07));
#7517 = ORIENTED_EDGE('',*,*,#7518,.F.);
#7518 = EDGE_CURVE('',#7519,#7512,#7521,.T.);
#7519 = VERTEX_POINT('',#7520);
#7520 = CARTESIAN_POINT('',(-1.775,2.4525,1.07));
#7521 = LINE('',#7522,#7523);
#7522 = CARTESIAN_POINT('',(-1.775,2.4525,1.07));
#7523 = VECTOR('',#7524,1.);
#7524 = DIRECTION('',(1.,1.110223024625E-16,0.));
#7525 = ORIENTED_EDGE('',*,*,#7526,.F.);
#7526 = EDGE_CURVE('',#7404,#7519,#7527,.T.);
#7527 = B_SPLINE_CURVE_WITH_KNOTS('',1,(#7528,#7529),.UNSPECIFIED.,.F.,
  .F.,(2,2),(0.,1.),.PIECEWISE_BEZIER_KNOTS.);
#7528 = CARTESIAN_POINT('',(-1.775,2.4525,0.88));
#7529 = CARTESIAN_POINT('',(-1.775,2.4525,1.07));
#7530 = PLANE('',#7531);
#7531 = AXIS2_PLACEMENT_3D('',#7532,#7533,#7534);
#7532 = CARTESIAN_POINT('',(-1.775,2.4525,1.07));
#7533 = DIRECTION('',(1.110223024625E-16,-1.,0.));
#7534 = DIRECTION('',(1.,1.110223024625E-16,0.));
#7535 = ADVANCED_FACE('',(#7536),#7553,.F.);
#7536 = FACE_BOUND('',#7537,.F.);
#7537 = EDGE_LOOP('',(#7538,#7539,#7540,#7548));
#7538 = ORIENTED_EDGE('',*,*,#7473,.T.);
#7539 = ORIENTED_EDGE('',*,*,#7411,.T.);
#7540 = ORIENTED_EDGE('',*,*,#7541,.F.);
#7541 = EDGE_CURVE('',#7542,#7404,#7544,.T.);
#7542 = VERTEX_POINT('',#7543);
#7543 = CARTESIAN_POINT('',(-1.95,2.2775,0.88));
#7544 = LINE('',#7545,#7546);
#7545 = CARTESIAN_POINT('',(-1.95,2.2775,0.88));
#7546 = VECTOR('',#7547,1.);
#7547 = DIRECTION('',(0.707106781187,0.707106781187,0.));
#7548 = ORIENTED_EDGE('',*,*,#7549,.F.);
#7549 = EDGE_CURVE('',#7466,#7542,#7550,.T.);
#7550 = B_SPLINE_CURVE_WITH_KNOTS('',1,(#7551,#7552),.UNSPECIFIED.,.F.,
  .F.,(2,2),(0.,1.),.PIECEWISE_BEZIER_KNOTS.);
#7551 = CARTESIAN_POINT('',(-1.826460136547,2.215730068273,0.1));
#7552 = CARTESIAN_POINT('',(-1.95,2.2775,0.88));
#7553 = B_SPLINE_SURFACE_WITH_KNOTS('',1,1,(
    (#7554,#7555)
    ,(#7556,#7557
    )),.UNSPECIFIED.,.F.,.F.,.F.,(2,2),(2,2),(0.,0.247487373415),(0.,1.)
  ,.PIECEWISE_BEZIER_KNOTS.);
#7554 = CARTESIAN_POINT('',(-1.826460136547,2.215730068273,0.1));
#7555 = CARTESIAN_POINT('',(-1.95,2.2775,0.88));
#7556 = CARTESIAN_POINT('',(-1.713230068273,2.328960136547,0.1));
#7557 = CARTESIAN_POINT('',(-1.775,2.4525,0.88));
#7558 = ADVANCED_FACE('',(#7559),#7640,.F.);
#7559 = FACE_BOUND('',#7560,.F.);
#7560 = EDGE_LOOP('',(#7561,#7562,#7563,#7571,#7579,#7587,#7595,#7603,
    #7611,#7619,#7627,#7635));
#7561 = ORIENTED_EDGE('',*,*,#7465,.T.);
#7562 = ORIENTED_EDGE('',*,*,#7549,.T.);
#7563 = ORIENTED_EDGE('',*,*,#7564,.F.);
#7564 = EDGE_CURVE('',#7565,#7542,#7567,.T.);
#7565 = VERTEX_POINT('',#7566);
#7566 = CARTESIAN_POINT('',(-1.95,2.11,0.88));
#7567 = LINE('',#7568,#7569);
#7568 = CARTESIAN_POINT('',(-1.95,-2.2775,0.88));
#7569 = VECTOR('',#7570,1.);
#7570 = DIRECTION('',(-1.110223024625E-16,1.,0.));
#7571 = ORIENTED_EDGE('',*,*,#7572,.F.);
#7572 = EDGE_CURVE('',#7573,#7565,#7575,.T.);
#7573 = VERTEX_POINT('',#7574);
#7574 = CARTESIAN_POINT('',(-1.95,1.7,0.88));
#7575 = LINE('',#7576,#7577);
#7576 = CARTESIAN_POINT('',(-1.95,-2.2775,0.88));
#7577 = VECTOR('',#7578,1.);
#7578 = DIRECTION('',(-1.110223024625E-16,1.,0.));
#7579 = ORIENTED_EDGE('',*,*,#7580,.F.);
#7580 = EDGE_CURVE('',#7581,#7573,#7583,.T.);
#7581 = VERTEX_POINT('',#7582);
#7582 = CARTESIAN_POINT('',(-1.95,0.84,0.88));
#7583 = LINE('',#7584,#7585);
#7584 = CARTESIAN_POINT('',(-1.95,-2.2775,0.88));
#7585 = VECTOR('',#7586,1.);
#7586 = DIRECTION('',(-1.110223024625E-16,1.,0.));
#7587 = ORIENTED_EDGE('',*,*,#7588,.F.);
#7588 = EDGE_CURVE('',#7589,#7581,#7591,.T.);
#7589 = VERTEX_POINT('',#7590);
#7590 = CARTESIAN_POINT('',(-1.95,0.43,0.88));
#7591 = LINE('',#7592,#7593);
#7592 = CARTESIAN_POINT('',(-1.95,-2.2775,0.88));
#7593 = VECTOR('',#7594,1.);
#7594 = DIRECTION('',(-1.110223024625E-16,1.,0.));
#7595 = ORIENTED_EDGE('',*,*,#7596,.F.);
#7596 = EDGE_CURVE('',#7597,#7589,#7599,.T.);
#7597 = VERTEX_POINT('',#7598);
#7598 = CARTESIAN_POINT('',(-1.95,-0.43,0.88));
#7599 = LINE('',#7600,#7601);
#7600 = CARTESIAN_POINT('',(-1.95,-2.2775,0.88));
#7601 = VECTOR('',#7602,1.);
#7602 = DIRECTION('',(-1.110223024625E-16,1.,0.));
#7603 = ORIENTED_EDGE('',*,*,#7604,.F.);
#7604 = EDGE_CURVE('',#7605,#7597,#7607,.T.);
#7605 = VERTEX_POINT('',#7606);
#7606 = CARTESIAN_POINT('',(-1.95,-0.84,0.88));
#7607 = LINE('',#7608,#7609);
#7608 = CARTESIAN_POINT('',(-1.95,-2.2775,0.88));
#7609 = VECTOR('',#7610,1.);
#7610 = DIRECTION('',(-1.110223024625E-16,1.,0.));
#7611 = ORIENTED_EDGE('',*,*,#7612,.F.);
#7612 = EDGE_CURVE('',#7613,#7605,#7615,.T.);
#7613 = VERTEX_POINT('',#7614);
#7614 = CARTESIAN_POINT('',(-1.95,-1.7,0.88));
#7615 = LINE('',#7616,#7617);
#7616 = CARTESIAN_POINT('',(-1.95,-2.2775,0.88));
#7617 = VECTOR('',#7618,1.);
#7618 = DIRECTION('',(-1.110223024625E-16,1.,0.));
#7619 = ORIENTED_EDGE('',*,*,#7620,.F.);
#7620 = EDGE_CURVE('',#7621,#7613,#7623,.T.);
#7621 = VERTEX_POINT('',#7622);
#7622 = CARTESIAN_POINT('',(-1.95,-2.11,0.88));
#7623 = LINE('',#7624,#7625);
#7624 = CARTESIAN_POINT('',(-1.95,-2.2775,0.88));
#7625 = VECTOR('',#7626,1.);
#7626 = DIRECTION('',(-1.110223024625E-16,1.,0.));
#7627 = ORIENTED_EDGE('',*,*,#7628,.F.);
#7628 = EDGE_CURVE('',#7629,#7621,#7631,.T.);
#7629 = VERTEX_POINT('',#7630);
#7630 = CARTESIAN_POINT('',(-1.95,-2.2775,0.88));
#7631 = LINE('',#7632,#7633);
#7632 = CARTESIAN_POINT('',(-1.95,-2.2775,0.88));
#7633 = VECTOR('',#7634,1.);
#7634 = DIRECTION('',(-1.110223024625E-16,1.,0.));
#7635 = ORIENTED_EDGE('',*,*,#7636,.F.);
#7636 = EDGE_CURVE('',#7458,#7629,#7637,.T.);
#7637 = B_SPLINE_CURVE_WITH_KNOTS('',1,(#7638,#7639),.UNSPECIFIED.,.F.,
  .F.,(2,2),(0.,1.),.PIECEWISE_BEZIER_KNOTS.);
#7638 = CARTESIAN_POINT('',(-1.826460136547,-2.215730068273,0.1));
#7639 = CARTESIAN_POINT('',(-1.95,-2.2775,0.88));
#7640 = B_SPLINE_SURFACE_WITH_KNOTS('',1,1,(
    (#7641,#7642)
    ,(#7643,#7644
    )),.UNSPECIFIED.,.F.,.F.,.F.,(2,2),(2,2),(0.,4.555),(0.,1.),
  .PIECEWISE_BEZIER_KNOTS.);
#7641 = CARTESIAN_POINT('',(-1.826460136547,-2.215730068273,0.1));
#7642 = CARTESIAN_POINT('',(-1.95,-2.2775,0.88));
#7643 = CARTESIAN_POINT('',(-1.826460136547,2.215730068273,0.1));
#7644 = CARTESIAN_POINT('',(-1.95,2.2775,0.88));
#7645 = ADVANCED_FACE('',(#7646),#7727,.F.);
#7646 = FACE_BOUND('',#7647,.F.);
#7647 = EDGE_LOOP('',(#7648,#7649,#7656,#7664,#7672,#7680,#7688,#7696,
    #7704,#7712,#7720,#7726));
#7648 = ORIENTED_EDGE('',*,*,#7433,.T.);
#7649 = ORIENTED_EDGE('',*,*,#7650,.T.);
#7650 = EDGE_CURVE('',#7434,#7651,#7653,.T.);
#7651 = VERTEX_POINT('',#7652);
#7652 = CARTESIAN_POINT('',(1.95,-2.2775,0.88));
#7653 = B_SPLINE_CURVE_WITH_KNOTS('',1,(#7654,#7655),.UNSPECIFIED.,.F.,
  .F.,(2,2),(0.,1.),.PIECEWISE_BEZIER_KNOTS.);
#7654 = CARTESIAN_POINT('',(1.826460136547,-2.215730068273,0.1));
#7655 = CARTESIAN_POINT('',(1.95,-2.2775,0.88));
#7656 = ORIENTED_EDGE('',*,*,#7657,.F.);
#7657 = EDGE_CURVE('',#7658,#7651,#7660,.T.);
#7658 = VERTEX_POINT('',#7659);
#7659 = CARTESIAN_POINT('',(1.95,-2.11,0.88));
#7660 = LINE('',#7661,#7662);
#7661 = CARTESIAN_POINT('',(1.95,2.2775,0.88));
#7662 = VECTOR('',#7663,1.);
#7663 = DIRECTION('',(1.110223024625E-16,-1.,0.));
#7664 = ORIENTED_EDGE('',*,*,#7665,.F.);
#7665 = EDGE_CURVE('',#7666,#7658,#7668,.T.);
#7666 = VERTEX_POINT('',#7667);
#7667 = CARTESIAN_POINT('',(1.95,-1.7,0.88));
#7668 = LINE('',#7669,#7670);
#7669 = CARTESIAN_POINT('',(1.95,2.2775,0.88));
#7670 = VECTOR('',#7671,1.);
#7671 = DIRECTION('',(1.110223024625E-16,-1.,0.));
#7672 = ORIENTED_EDGE('',*,*,#7673,.F.);
#7673 = EDGE_CURVE('',#7674,#7666,#7676,.T.);
#7674 = VERTEX_POINT('',#7675);
#7675 = CARTESIAN_POINT('',(1.95,-0.84,0.88));
#7676 = LINE('',#7677,#7678);
#7677 = CARTESIAN_POINT('',(1.95,2.2775,0.88));
#7678 = VECTOR('',#7679,1.);
#7679 = DIRECTION('',(1.110223024625E-16,-1.,0.));
#7680 = ORIENTED_EDGE('',*,*,#7681,.F.);
#7681 = EDGE_CURVE('',#7682,#7674,#7684,.T.);
#7682 = VERTEX_POINT('',#7683);
#7683 = CARTESIAN_POINT('',(1.95,-0.43,0.88));
#7684 = LINE('',#7685,#7686);
#7685 = CARTESIAN_POINT('',(1.95,2.2775,0.88));
#7686 = VECTOR('',#7687,1.);
#7687 = DIRECTION('',(1.110223024625E-16,-1.,0.));
#7688 = ORIENTED_EDGE('',*,*,#7689,.F.);
#7689 = EDGE_CURVE('',#7690,#7682,#7692,.T.);
#7690 = VERTEX_POINT('',#7691);
#7691 = CARTESIAN_POINT('',(1.95,0.43,0.88));
#7692 = LINE('',#7693,#7694);
#7693 = CARTESIAN_POINT('',(1.95,2.2775,0.88));
#7694 = VECTOR('',#7695,1.);
#7695 = DIRECTION('',(1.110223024625E-16,-1.,0.));
#7696 = ORIENTED_EDGE('',*,*,#7697,.F.);
#7697 = EDGE_CURVE('',#7698,#7690,#7700,.T.);
#7698 = VERTEX_POINT('',#7699);
#7699 = CARTESIAN_POINT('',(1.95,0.84,0.88));
#7700 = LINE('',#7701,#7702);
#7701 = CARTESIAN_POINT('',(1.95,2.2775,0.88));
#7702 = VECTOR('',#7703,1.);
#7703 = DIRECTION('',(1.110223024625E-16,-1.,0.));
#7704 = ORIENTED_EDGE('',*,*,#7705,.F.);
#7705 = EDGE_CURVE('',#7706,#7698,#7708,.T.);
#7706 = VERTEX_POINT('',#7707);
#7707 = CARTESIAN_POINT('',(1.95,1.7,0.88));
#7708 = LINE('',#7709,#7710);
#7709 = CARTESIAN_POINT('',(1.95,2.2775,0.88));
#7710 = VECTOR('',#7711,1.);
#7711 = DIRECTION('',(1.110223024625E-16,-1.,0.));
#7712 = ORIENTED_EDGE('',*,*,#7713,.F.);
#7713 = EDGE_CURVE('',#7714,#7706,#7716,.T.);
#7714 = VERTEX_POINT('',#7715);
#7715 = CARTESIAN_POINT('',(1.95,2.11,0.88));
#7716 = LINE('',#7717,#7718);
#7717 = CARTESIAN_POINT('',(1.95,2.2775,0.88));
#7718 = VECTOR('',#7719,1.);
#7719 = DIRECTION('',(1.110223024625E-16,-1.,0.));
#7720 = ORIENTED_EDGE('',*,*,#7721,.F.);
#7721 = EDGE_CURVE('',#7489,#7714,#7722,.T.);
#7722 = LINE('',#7723,#7724);
#7723 = CARTESIAN_POINT('',(1.95,2.2775,0.88));
#7724 = VECTOR('',#7725,1.);
#7725 = DIRECTION('',(1.110223024625E-16,-1.,0.));
#7726 = ORIENTED_EDGE('',*,*,#7488,.F.);
#7727 = B_SPLINE_SURFACE_WITH_KNOTS('',1,1,(
    (#7728,#7729)
    ,(#7730,#7731
    )),.UNSPECIFIED.,.F.,.F.,.F.,(2,2),(2,2),(0.,4.555),(0.,1.),
  .PIECEWISE_BEZIER_KNOTS.);
#7728 = CARTESIAN_POINT('',(1.826460136547,2.215730068273,0.1));
#7729 = CARTESIAN_POINT('',(1.95,2.2775,0.88));
#7730 = CARTESIAN_POINT('',(1.826460136547,-2.215730068273,0.1));
#7731 = CARTESIAN_POINT('',(1.95,-2.2775,0.88));
#7732 = ADVANCED_FACE('',(#7733),#7750,.F.);
#7733 = FACE_BOUND('',#7734,.F.);
#7734 = EDGE_LOOP('',(#7735,#7736,#7737,#7745));
#7735 = ORIENTED_EDGE('',*,*,#7457,.T.);
#7736 = ORIENTED_EDGE('',*,*,#7636,.T.);
#7737 = ORIENTED_EDGE('',*,*,#7738,.F.);
#7738 = EDGE_CURVE('',#7739,#7629,#7741,.T.);
#7739 = VERTEX_POINT('',#7740);
#7740 = CARTESIAN_POINT('',(-1.775,-2.4525,0.88));
#7741 = LINE('',#7742,#7743);
#7742 = CARTESIAN_POINT('',(-1.775,-2.4525,0.88));
#7743 = VECTOR('',#7744,1.);
#7744 = DIRECTION('',(-0.707106781187,0.707106781187,0.));
#7745 = ORIENTED_EDGE('',*,*,#7746,.F.);
#7746 = EDGE_CURVE('',#7450,#7739,#7747,.T.);
#7747 = B_SPLINE_CURVE_WITH_KNOTS('',1,(#7748,#7749),.UNSPECIFIED.,.F.,
  .F.,(2,2),(0.,1.),.PIECEWISE_BEZIER_KNOTS.);
#7748 = CARTESIAN_POINT('',(-1.713230068273,-2.328960136547,0.1));
#7749 = CARTESIAN_POINT('',(-1.775,-2.4525,0.88));
#7750 = B_SPLINE_SURFACE_WITH_KNOTS('',1,1,(
    (#7751,#7752)
    ,(#7753,#7754
    )),.UNSPECIFIED.,.F.,.F.,.F.,(2,2),(2,2),(0.,0.247487373415),(0.,1.)
  ,.PIECEWISE_BEZIER_KNOTS.);
#7751 = CARTESIAN_POINT('',(-1.713230068273,-2.328960136547,0.1));
#7752 = CARTESIAN_POINT('',(-1.775,-2.4525,0.88));
#7753 = CARTESIAN_POINT('',(-1.826460136547,-2.215730068273,0.1));
#7754 = CARTESIAN_POINT('',(-1.95,-2.2775,0.88));
#7755 = ADVANCED_FACE('',(#7756),#7773,.F.);
#7756 = FACE_BOUND('',#7757,.F.);
#7757 = EDGE_LOOP('',(#7758,#7759,#7766,#7772));
#7758 = ORIENTED_EDGE('',*,*,#7441,.T.);
#7759 = ORIENTED_EDGE('',*,*,#7760,.T.);
#7760 = EDGE_CURVE('',#7442,#7761,#7763,.T.);
#7761 = VERTEX_POINT('',#7762);
#7762 = CARTESIAN_POINT('',(1.775,-2.4525,0.88));
#7763 = B_SPLINE_CURVE_WITH_KNOTS('',1,(#7764,#7765),.UNSPECIFIED.,.F.,
  .F.,(2,2),(0.,1.),.PIECEWISE_BEZIER_KNOTS.);
#7764 = CARTESIAN_POINT('',(1.713230068273,-2.328960136547,0.1));
#7765 = CARTESIAN_POINT('',(1.775,-2.4525,0.88));
#7766 = ORIENTED_EDGE('',*,*,#7767,.F.);
#7767 = EDGE_CURVE('',#7651,#7761,#7768,.T.);
#7768 = LINE('',#7769,#7770);
#7769 = CARTESIAN_POINT('',(1.95,-2.2775,0.88));
#7770 = VECTOR('',#7771,1.);
#7771 = DIRECTION('',(-0.707106781187,-0.707106781187,0.));
#7772 = ORIENTED_EDGE('',*,*,#7650,.F.);
#7773 = B_SPLINE_SURFACE_WITH_KNOTS('',1,1,(
    (#7774,#7775)
    ,(#7776,#7777
    )),.UNSPECIFIED.,.F.,.F.,.F.,(2,2),(2,2),(0.,0.247487373415),(0.,1.)
  ,.PIECEWISE_BEZIER_KNOTS.);
#7774 = CARTESIAN_POINT('',(1.826460136547,-2.215730068273,0.1));
#7775 = CARTESIAN_POINT('',(1.95,-2.2775,0.88));
#7776 = CARTESIAN_POINT('',(1.713230068273,-2.328960136547,0.1));
#7777 = CARTESIAN_POINT('',(1.775,-2.4525,0.88));
#7778 = ADVANCED_FACE('',(#7779),#7790,.F.);
#7779 = FACE_BOUND('',#7780,.F.);
#7780 = EDGE_LOOP('',(#7781,#7782,#7783,#7789));
#7781 = ORIENTED_EDGE('',*,*,#7449,.T.);
#7782 = ORIENTED_EDGE('',*,*,#7746,.T.);
#7783 = ORIENTED_EDGE('',*,*,#7784,.F.);
#7784 = EDGE_CURVE('',#7761,#7739,#7785,.T.);
#7785 = LINE('',#7786,#7787);
#7786 = CARTESIAN_POINT('',(1.775,-2.4525,0.88));
#7787 = VECTOR('',#7788,1.);
#7788 = DIRECTION('',(-1.,-1.110223024625E-16,0.));
#7789 = ORIENTED_EDGE('',*,*,#7760,.F.);
#7790 = B_SPLINE_SURFACE_WITH_KNOTS('',1,1,(
    (#7791,#7792)
    ,(#7793,#7794
    )),.UNSPECIFIED.,.F.,.F.,.F.,(2,2),(2,2),(0.,3.55),(0.,1.),
  .PIECEWISE_BEZIER_KNOTS.);
#7791 = CARTESIAN_POINT('',(1.713230068273,-2.328960136547,0.1));
#7792 = CARTESIAN_POINT('',(1.775,-2.4525,0.88));
#7793 = CARTESIAN_POINT('',(-1.713230068273,-2.328960136547,0.1));
#7794 = CARTESIAN_POINT('',(-1.775,-2.4525,0.88));
#7795 = ADVANCED_FACE('',(#7796),#7813,.F.);
#7796 = FACE_BOUND('',#7797,.F.);
#7797 = EDGE_LOOP('',(#7798,#7799,#7806,#7812));
#7798 = ORIENTED_EDGE('',*,*,#7495,.T.);
#7799 = ORIENTED_EDGE('',*,*,#7800,.T.);
#7800 = EDGE_CURVE('',#7489,#7801,#7803,.T.);
#7801 = VERTEX_POINT('',#7802);
#7802 = CARTESIAN_POINT('',(1.95,2.2775,1.07));
#7803 = B_SPLINE_CURVE_WITH_KNOTS('',1,(#7804,#7805),.UNSPECIFIED.,.F.,
  .F.,(2,2),(0.,1.),.PIECEWISE_BEZIER_KNOTS.);
#7804 = CARTESIAN_POINT('',(1.95,2.2775,0.88));
#7805 = CARTESIAN_POINT('',(1.95,2.2775,1.07));
#7806 = ORIENTED_EDGE('',*,*,#7807,.F.);
#7807 = EDGE_CURVE('',#7512,#7801,#7808,.T.);
#7808 = LINE('',#7809,#7810);
#7809 = CARTESIAN_POINT('',(1.775,2.4525,1.07));
#7810 = VECTOR('',#7811,1.);
#7811 = DIRECTION('',(0.707106781187,-0.707106781187,0.));
#7812 = ORIENTED_EDGE('',*,*,#7511,.F.);
#7813 = PLANE('',#7814);
#7814 = AXIS2_PLACEMENT_3D('',#7815,#7816,#7817);
#7815 = CARTESIAN_POINT('',(1.775,2.4525,1.07));
#7816 = DIRECTION('',(-0.707106781187,-0.707106781187,0.));
#7817 = DIRECTION('',(0.707106781187,-0.707106781187,0.));
#7818 = ADVANCED_FACE('',(#7819),#7901,.F.);
#7819 = FACE_BOUND('',#7820,.F.);
#7820 = EDGE_LOOP('',(#7821,#7829,#7830,#7831,#7839,#7847,#7855,#7863,
    #7871,#7879,#7887,#7895));
#7821 = ORIENTED_EDGE('',*,*,#7822,.T.);
#7822 = EDGE_CURVE('',#7823,#7519,#7825,.T.);
#7823 = VERTEX_POINT('',#7824);
#7824 = CARTESIAN_POINT('',(-1.95,2.2775,1.07));
#7825 = LINE('',#7826,#7827);
#7826 = CARTESIAN_POINT('',(-1.95,2.2775,1.07));
#7827 = VECTOR('',#7828,1.);
#7828 = DIRECTION('',(0.707106781187,0.707106781187,0.));
#7829 = ORIENTED_EDGE('',*,*,#7518,.T.);
#7830 = ORIENTED_EDGE('',*,*,#7807,.T.);
#7831 = ORIENTED_EDGE('',*,*,#7832,.T.);
#7832 = EDGE_CURVE('',#7801,#7833,#7835,.T.);
#7833 = VERTEX_POINT('',#7834);
#7834 = CARTESIAN_POINT('',(1.95,2.11,1.07));
#7835 = LINE('',#7836,#7837);
#7836 = CARTESIAN_POINT('',(1.95,2.2775,1.07));
#7837 = VECTOR('',#7838,1.);
#7838 = DIRECTION('',(1.110223024625E-16,-1.,0.));
#7839 = ORIENTED_EDGE('',*,*,#7840,.T.);
#7840 = EDGE_CURVE('',#7833,#7841,#7843,.T.);
#7841 = VERTEX_POINT('',#7842);
#7842 = CARTESIAN_POINT('',(1.875,2.11,1.07));
#7843 = LINE('',#7844,#7845);
#7844 = CARTESIAN_POINT('',(2.05,2.11,1.07));
#7845 = VECTOR('',#7846,1.);
#7846 = DIRECTION('',(-1.,-1.110223024625E-16,0.));
#7847 = ORIENTED_EDGE('',*,*,#7848,.F.);
#7848 = EDGE_CURVE('',#7849,#7841,#7851,.T.);
#7849 = VERTEX_POINT('',#7850);
#7850 = CARTESIAN_POINT('',(1.875,2.24,1.07));
#7851 = LINE('',#7852,#7853);
#7852 = CARTESIAN_POINT('',(1.875,2.24,1.07));
#7853 = VECTOR('',#7854,1.);
#7854 = DIRECTION('',(1.110223024625E-16,-1.,0.));
#7855 = ORIENTED_EDGE('',*,*,#7856,.F.);
#7856 = EDGE_CURVE('',#7857,#7849,#7859,.T.);
#7857 = VERTEX_POINT('',#7858);
#7858 = CARTESIAN_POINT('',(1.7375,2.3775,1.07));
#7859 = LINE('',#7860,#7861);
#7860 = CARTESIAN_POINT('',(1.7375,2.3775,1.07));
#7861 = VECTOR('',#7862,1.);
#7862 = DIRECTION('',(0.707106781187,-0.707106781187,0.));
#7863 = ORIENTED_EDGE('',*,*,#7864,.F.);
#7864 = EDGE_CURVE('',#7865,#7857,#7867,.T.);
#7865 = VERTEX_POINT('',#7866);
#7866 = CARTESIAN_POINT('',(-1.7375,2.3775,1.07));
#7867 = LINE('',#7868,#7869);
#7868 = CARTESIAN_POINT('',(-1.7375,2.3775,1.07));
#7869 = VECTOR('',#7870,1.);
#7870 = DIRECTION('',(1.,1.110223024625E-16,0.));
#7871 = ORIENTED_EDGE('',*,*,#7872,.F.);
#7872 = EDGE_CURVE('',#7873,#7865,#7875,.T.);
#7873 = VERTEX_POINT('',#7874);
#7874 = CARTESIAN_POINT('',(-1.875,2.24,1.07));
#7875 = LINE('',#7876,#7877);
#7876 = CARTESIAN_POINT('',(-1.875,2.24,1.07));
#7877 = VECTOR('',#7878,1.);
#7878 = DIRECTION('',(0.707106781187,0.707106781187,0.));
#7879 = ORIENTED_EDGE('',*,*,#7880,.F.);
#7880 = EDGE_CURVE('',#7881,#7873,#7883,.T.);
#7881 = VERTEX_POINT('',#7882);
#7882 = CARTESIAN_POINT('',(-1.875,2.11,1.07));
#7883 = LINE('',#7884,#7885);
#7884 = CARTESIAN_POINT('',(-1.875,-2.24,1.07));
#7885 = VECTOR('',#7886,1.);
#7886 = DIRECTION('',(-1.110223024625E-16,1.,0.));
#7887 = ORIENTED_EDGE('',*,*,#7888,.F.);
#7888 = EDGE_CURVE('',#7889,#7881,#7891,.T.);
#7889 = VERTEX_POINT('',#7890);
#7890 = CARTESIAN_POINT('',(-1.95,2.11,1.07));
#7891 = LINE('',#7892,#7893);
#7892 = CARTESIAN_POINT('',(-2.05,2.11,1.07));
#7893 = VECTOR('',#7894,1.);
#7894 = DIRECTION('',(1.,-1.144237745222E-17,0.));
#7895 = ORIENTED_EDGE('',*,*,#7896,.T.);
#7896 = EDGE_CURVE('',#7889,#7823,#7897,.T.);
#7897 = LINE('',#7898,#7899);
#7898 = CARTESIAN_POINT('',(-1.95,-2.2775,1.07));
#7899 = VECTOR('',#7900,1.);
#7900 = DIRECTION('',(-1.110223024625E-16,1.,0.));
#7901 = PLANE('',#7902);
#7902 = AXIS2_PLACEMENT_3D('',#7903,#7904,#7905);
#7903 = CARTESIAN_POINT('',(-3.029853686583E-16,2.415,1.07));
#7904 = DIRECTION('',(1.056799485453E-32,2.825121699139E-27,-1.));
#7905 = DIRECTION('',(1.,1.115802992483E-16,1.056799485485E-32));
#7906 = ADVANCED_FACE('',(#7907),#7917,.F.);
#7907 = FACE_BOUND('',#7908,.F.);
#7908 = EDGE_LOOP('',(#7909,#7910,#7911,#7912));
#7909 = ORIENTED_EDGE('',*,*,#7541,.T.);
#7910 = ORIENTED_EDGE('',*,*,#7526,.T.);
#7911 = ORIENTED_EDGE('',*,*,#7822,.F.);
#7912 = ORIENTED_EDGE('',*,*,#7913,.F.);
#7913 = EDGE_CURVE('',#7542,#7823,#7914,.T.);
#7914 = B_SPLINE_CURVE_WITH_KNOTS('',1,(#7915,#7916),.UNSPECIFIED.,.F.,
  .F.,(2,2),(0.,1.),.PIECEWISE_BEZIER_KNOTS.);
#7915 = CARTESIAN_POINT('',(-1.95,2.2775,0.88));
#7916 = CARTESIAN_POINT('',(-1.95,2.2775,1.07));
#7917 = PLANE('',#7918);
#7918 = AXIS2_PLACEMENT_3D('',#7919,#7920,#7921);
#7919 = CARTESIAN_POINT('',(-1.95,2.2775,1.07));
#7920 = DIRECTION('',(0.707106781187,-0.707106781187,0.));
#7921 = DIRECTION('',(0.707106781187,0.707106781187,0.));
#7922 = ADVANCED_FACE('',(#7923),#7947,.F.);
#7923 = FACE_BOUND('',#7924,.F.);
#7924 = EDGE_LOOP('',(#7925,#7932,#7933,#7941));
#7925 = ORIENTED_EDGE('',*,*,#7926,.F.);
#7926 = EDGE_CURVE('',#7629,#7927,#7929,.T.);
#7927 = VERTEX_POINT('',#7928);
#7928 = CARTESIAN_POINT('',(-1.95,-2.2775,1.07));
#7929 = B_SPLINE_CURVE_WITH_KNOTS('',1,(#7930,#7931),.UNSPECIFIED.,.F.,
  .F.,(2,2),(0.,1.),.PIECEWISE_BEZIER_KNOTS.);
#7930 = CARTESIAN_POINT('',(-1.95,-2.2775,0.88));
#7931 = CARTESIAN_POINT('',(-1.95,-2.2775,1.07));
#7932 = ORIENTED_EDGE('',*,*,#7628,.T.);
#7933 = ORIENTED_EDGE('',*,*,#7934,.T.);
#7934 = EDGE_CURVE('',#7621,#7935,#7937,.T.);
#7935 = VERTEX_POINT('',#7936);
#7936 = CARTESIAN_POINT('',(-1.95,-2.11,1.07));
#7937 = LINE('',#7938,#7939);
#7938 = CARTESIAN_POINT('',(-1.95,-2.11,0.778372691708));
#7939 = VECTOR('',#7940,1.);
#7940 = DIRECTION('',(0.,0.,1.));
#7941 = ORIENTED_EDGE('',*,*,#7942,.F.);
#7942 = EDGE_CURVE('',#7927,#7935,#7943,.T.);
#7943 = LINE('',#7944,#7945);
#7944 = CARTESIAN_POINT('',(-1.95,-2.2775,1.07));
#7945 = VECTOR('',#7946,1.);
#7946 = DIRECTION('',(-1.110223024625E-16,1.,0.));
#7947 = PLANE('',#7948);
#7948 = AXIS2_PLACEMENT_3D('',#7949,#7950,#7951);
#7949 = CARTESIAN_POINT('',(-1.95,-2.2775,1.07));
#7950 = DIRECTION('',(1.,1.110223024625E-16,0.));
#7951 = DIRECTION('',(-1.110223024625E-16,1.,0.));
#7952 = ADVANCED_FACE('',(#7953),#7978,.F.);
#7953 = FACE_BOUND('',#7954,.F.);
#7954 = EDGE_LOOP('',(#7955,#7963,#7964,#7972));
#7955 = ORIENTED_EDGE('',*,*,#7956,.F.);
#7956 = EDGE_CURVE('',#7621,#7957,#7959,.T.);
#7957 = VERTEX_POINT('',#7958);
#7958 = CARTESIAN_POINT('',(-2.05,-2.11,0.88));
#7959 = LINE('',#7960,#7961);
#7960 = CARTESIAN_POINT('',(-1.8,-2.11,0.88));
#7961 = VECTOR('',#7962,1.);
#7962 = DIRECTION('',(-1.,1.144237745222E-17,0.));
#7963 = ORIENTED_EDGE('',*,*,#7620,.T.);
#7964 = ORIENTED_EDGE('',*,*,#7965,.T.);
#7965 = EDGE_CURVE('',#7613,#7966,#7968,.T.);
#7966 = VERTEX_POINT('',#7967);
#7967 = CARTESIAN_POINT('',(-2.05,-1.7,0.88));
#7968 = LINE('',#7969,#7970);
#7969 = CARTESIAN_POINT('',(-1.8,-1.7,0.88));
#7970 = VECTOR('',#7971,1.);
#7971 = DIRECTION('',(-1.,1.144237745222E-17,0.));
#7972 = ORIENTED_EDGE('',*,*,#7973,.F.);
#7973 = EDGE_CURVE('',#7957,#7966,#7974,.T.);
#7974 = LINE('',#7975,#7976);
#7975 = CARTESIAN_POINT('',(-2.05,-2.11,0.88));
#7976 = VECTOR('',#7977,1.);
#7977 = DIRECTION('',(1.144237745222E-17,1.,0.));
#7978 = PLANE('',#7979);
#7979 = AXIS2_PLACEMENT_3D('',#7980,#7981,#7982);
#7980 = CARTESIAN_POINT('',(-1.8,-2.11,0.88));
#7981 = DIRECTION('',(0.,0.,1.));
#7982 = DIRECTION('',(-1.,1.144237745222E-17,0.));
#7983 = ADVANCED_FACE('',(#7984),#8009,.F.);
#7984 = FACE_BOUND('',#7985,.F.);
#7985 = EDGE_LOOP('',(#7986,#7994,#7995,#8003));
#7986 = ORIENTED_EDGE('',*,*,#7987,.F.);
#7987 = EDGE_CURVE('',#7613,#7988,#7990,.T.);
#7988 = VERTEX_POINT('',#7989);
#7989 = CARTESIAN_POINT('',(-1.95,-1.7,1.07));
#7990 = LINE('',#7991,#7992);
#7991 = CARTESIAN_POINT('',(-1.95,-1.7,0.778372691708));
#7992 = VECTOR('',#7993,1.);
#7993 = DIRECTION('',(0.,0.,1.));
#7994 = ORIENTED_EDGE('',*,*,#7612,.T.);
#7995 = ORIENTED_EDGE('',*,*,#7996,.T.);
#7996 = EDGE_CURVE('',#7605,#7997,#7999,.T.);
#7997 = VERTEX_POINT('',#7998);
#7998 = CARTESIAN_POINT('',(-1.95,-0.84,1.07));
#7999 = LINE('',#8000,#8001);
#8000 = CARTESIAN_POINT('',(-1.95,-0.84,0.778372691708));
#8001 = VECTOR('',#8002,1.);
#8002 = DIRECTION('',(0.,0.,1.));
#8003 = ORIENTED_EDGE('',*,*,#8004,.F.);
#8004 = EDGE_CURVE('',#7988,#7997,#8005,.T.);
#8005 = LINE('',#8006,#8007);
#8006 = CARTESIAN_POINT('',(-1.95,-2.2775,1.07));
#8007 = VECTOR('',#8008,1.);
#8008 = DIRECTION('',(-1.110223024625E-16,1.,0.));
#8009 = PLANE('',#8010);
#8010 = AXIS2_PLACEMENT_3D('',#8011,#8012,#8013);
#8011 = CARTESIAN_POINT('',(-1.95,-2.2775,1.07));
#8012 = DIRECTION('',(1.,1.110223024625E-16,0.));
#8013 = DIRECTION('',(-1.110223024625E-16,1.,0.));
#8014 = ADVANCED_FACE('',(#8015),#8040,.F.);
#8015 = FACE_BOUND('',#8016,.F.);
#8016 = EDGE_LOOP('',(#8017,#8025,#8026,#8034));
#8017 = ORIENTED_EDGE('',*,*,#8018,.F.);
#8018 = EDGE_CURVE('',#7605,#8019,#8021,.T.);
#8019 = VERTEX_POINT('',#8020);
#8020 = CARTESIAN_POINT('',(-2.05,-0.84,0.88));
#8021 = LINE('',#8022,#8023);
#8022 = CARTESIAN_POINT('',(-1.8,-0.84,0.88));
#8023 = VECTOR('',#8024,1.);
#8024 = DIRECTION('',(-1.,1.144237745222E-17,0.));
#8025 = ORIENTED_EDGE('',*,*,#7604,.T.);
#8026 = ORIENTED_EDGE('',*,*,#8027,.T.);
#8027 = EDGE_CURVE('',#7597,#8028,#8030,.T.);
#8028 = VERTEX_POINT('',#8029);
#8029 = CARTESIAN_POINT('',(-2.05,-0.43,0.88));
#8030 = LINE('',#8031,#8032);
#8031 = CARTESIAN_POINT('',(-1.8,-0.43,0.88));
#8032 = VECTOR('',#8033,1.);
#8033 = DIRECTION('',(-1.,1.144237745222E-17,0.));
#8034 = ORIENTED_EDGE('',*,*,#8035,.F.);
#8035 = EDGE_CURVE('',#8019,#8028,#8036,.T.);
#8036 = LINE('',#8037,#8038);
#8037 = CARTESIAN_POINT('',(-2.05,-0.84,0.88));
#8038 = VECTOR('',#8039,1.);
#8039 = DIRECTION('',(1.144237745222E-17,1.,0.));
#8040 = PLANE('',#8041);
#8041 = AXIS2_PLACEMENT_3D('',#8042,#8043,#8044);
#8042 = CARTESIAN_POINT('',(-1.8,-0.84,0.88));
#8043 = DIRECTION('',(0.,0.,1.));
#8044 = DIRECTION('',(-1.,1.144237745222E-17,0.));
#8045 = ADVANCED_FACE('',(#8046),#8071,.F.);
#8046 = FACE_BOUND('',#8047,.F.);
#8047 = EDGE_LOOP('',(#8048,#8056,#8057,#8065));
#8048 = ORIENTED_EDGE('',*,*,#8049,.F.);
#8049 = EDGE_CURVE('',#7597,#8050,#8052,.T.);
#8050 = VERTEX_POINT('',#8051);
#8051 = CARTESIAN_POINT('',(-1.95,-0.43,1.07));
#8052 = LINE('',#8053,#8054);
#8053 = CARTESIAN_POINT('',(-1.95,-0.43,0.778372691708));
#8054 = VECTOR('',#8055,1.);
#8055 = DIRECTION('',(0.,0.,1.));
#8056 = ORIENTED_EDGE('',*,*,#7596,.T.);
#8057 = ORIENTED_EDGE('',*,*,#8058,.T.);
#8058 = EDGE_CURVE('',#7589,#8059,#8061,.T.);
#8059 = VERTEX_POINT('',#8060);
#8060 = CARTESIAN_POINT('',(-1.95,0.43,1.07));
#8061 = LINE('',#8062,#8063);
#8062 = CARTESIAN_POINT('',(-1.95,0.43,0.778372691708));
#8063 = VECTOR('',#8064,1.);
#8064 = DIRECTION('',(0.,0.,1.));
#8065 = ORIENTED_EDGE('',*,*,#8066,.F.);
#8066 = EDGE_CURVE('',#8050,#8059,#8067,.T.);
#8067 = LINE('',#8068,#8069);
#8068 = CARTESIAN_POINT('',(-1.95,-2.2775,1.07));
#8069 = VECTOR('',#8070,1.);
#8070 = DIRECTION('',(-1.110223024625E-16,1.,0.));
#8071 = PLANE('',#8072);
#8072 = AXIS2_PLACEMENT_3D('',#8073,#8074,#8075);
#8073 = CARTESIAN_POINT('',(-1.95,-2.2775,1.07));
#8074 = DIRECTION('',(1.,1.110223024625E-16,0.));
#8075 = DIRECTION('',(-1.110223024625E-16,1.,0.));
#8076 = ADVANCED_FACE('',(#8077),#8102,.F.);
#8077 = FACE_BOUND('',#8078,.F.);
#8078 = EDGE_LOOP('',(#8079,#8087,#8088,#8096));
#8079 = ORIENTED_EDGE('',*,*,#8080,.F.);
#8080 = EDGE_CURVE('',#7589,#8081,#8083,.T.);
#8081 = VERTEX_POINT('',#8082);
#8082 = CARTESIAN_POINT('',(-2.05,0.43,0.88));
#8083 = LINE('',#8084,#8085);
#8084 = CARTESIAN_POINT('',(-1.8,0.43,0.88));
#8085 = VECTOR('',#8086,1.);
#8086 = DIRECTION('',(-1.,1.144237745222E-17,0.));
#8087 = ORIENTED_EDGE('',*,*,#7588,.T.);
#8088 = ORIENTED_EDGE('',*,*,#8089,.T.);
#8089 = EDGE_CURVE('',#7581,#8090,#8092,.T.);
#8090 = VERTEX_POINT('',#8091);
#8091 = CARTESIAN_POINT('',(-2.05,0.84,0.88));
#8092 = LINE('',#8093,#8094);
#8093 = CARTESIAN_POINT('',(-1.8,0.84,0.88));
#8094 = VECTOR('',#8095,1.);
#8095 = DIRECTION('',(-1.,1.144237745222E-17,0.));
#8096 = ORIENTED_EDGE('',*,*,#8097,.F.);
#8097 = EDGE_CURVE('',#8081,#8090,#8098,.T.);
#8098 = LINE('',#8099,#8100);
#8099 = CARTESIAN_POINT('',(-2.05,0.43,0.88));
#8100 = VECTOR('',#8101,1.);
#8101 = DIRECTION('',(1.144237745222E-17,1.,0.));
#8102 = PLANE('',#8103);
#8103 = AXIS2_PLACEMENT_3D('',#8104,#8105,#8106);
#8104 = CARTESIAN_POINT('',(-1.8,0.43,0.88));
#8105 = DIRECTION('',(0.,0.,1.));
#8106 = DIRECTION('',(-1.,1.144237745222E-17,0.));
#8107 = ADVANCED_FACE('',(#8108),#8133,.F.);
#8108 = FACE_BOUND('',#8109,.F.);
#8109 = EDGE_LOOP('',(#8110,#8118,#8119,#8127));
#8110 = ORIENTED_EDGE('',*,*,#8111,.F.);
#8111 = EDGE_CURVE('',#7581,#8112,#8114,.T.);
#8112 = VERTEX_POINT('',#8113);
#8113 = CARTESIAN_POINT('',(-1.95,0.84,1.07));
#8114 = LINE('',#8115,#8116);
#8115 = CARTESIAN_POINT('',(-1.95,0.84,0.778372691708));
#8116 = VECTOR('',#8117,1.);
#8117 = DIRECTION('',(0.,0.,1.));
#8118 = ORIENTED_EDGE('',*,*,#7580,.T.);
#8119 = ORIENTED_EDGE('',*,*,#8120,.T.);
#8120 = EDGE_CURVE('',#7573,#8121,#8123,.T.);
#8121 = VERTEX_POINT('',#8122);
#8122 = CARTESIAN_POINT('',(-1.95,1.7,1.07));
#8123 = LINE('',#8124,#8125);
#8124 = CARTESIAN_POINT('',(-1.95,1.7,0.778372691708));
#8125 = VECTOR('',#8126,1.);
#8126 = DIRECTION('',(0.,0.,1.));
#8127 = ORIENTED_EDGE('',*,*,#8128,.F.);
#8128 = EDGE_CURVE('',#8112,#8121,#8129,.T.);
#8129 = LINE('',#8130,#8131);
#8130 = CARTESIAN_POINT('',(-1.95,-2.2775,1.07));
#8131 = VECTOR('',#8132,1.);
#8132 = DIRECTION('',(-1.110223024625E-16,1.,0.));
#8133 = PLANE('',#8134);
#8134 = AXIS2_PLACEMENT_3D('',#8135,#8136,#8137);
#8135 = CARTESIAN_POINT('',(-1.95,-2.2775,1.07));
#8136 = DIRECTION('',(1.,1.110223024625E-16,0.));
#8137 = DIRECTION('',(-1.110223024625E-16,1.,0.));
#8138 = ADVANCED_FACE('',(#8139),#8164,.F.);
#8139 = FACE_BOUND('',#8140,.F.);
#8140 = EDGE_LOOP('',(#8141,#8149,#8150,#8158));
#8141 = ORIENTED_EDGE('',*,*,#8142,.F.);
#8142 = EDGE_CURVE('',#7573,#8143,#8145,.T.);
#8143 = VERTEX_POINT('',#8144);
#8144 = CARTESIAN_POINT('',(-2.05,1.7,0.88));
#8145 = LINE('',#8146,#8147);
#8146 = CARTESIAN_POINT('',(-1.8,1.7,0.88));
#8147 = VECTOR('',#8148,1.);
#8148 = DIRECTION('',(-1.,1.144237745222E-17,0.));
#8149 = ORIENTED_EDGE('',*,*,#7572,.T.);
#8150 = ORIENTED_EDGE('',*,*,#8151,.T.);
#8151 = EDGE_CURVE('',#7565,#8152,#8154,.T.);
#8152 = VERTEX_POINT('',#8153);
#8153 = CARTESIAN_POINT('',(-2.05,2.11,0.88));
#8154 = LINE('',#8155,#8156);
#8155 = CARTESIAN_POINT('',(-1.8,2.11,0.88));
#8156 = VECTOR('',#8157,1.);
#8157 = DIRECTION('',(-1.,1.144237745222E-17,0.));
#8158 = ORIENTED_EDGE('',*,*,#8159,.F.);
#8159 = EDGE_CURVE('',#8143,#8152,#8160,.T.);
#8160 = LINE('',#8161,#8162);
#8161 = CARTESIAN_POINT('',(-2.05,1.7,0.88));
#8162 = VECTOR('',#8163,1.);
#8163 = DIRECTION('',(1.144237745222E-17,1.,0.));
#8164 = PLANE('',#8165);
#8165 = AXIS2_PLACEMENT_3D('',#8166,#8167,#8168);
#8166 = CARTESIAN_POINT('',(-1.8,1.7,0.88));
#8167 = DIRECTION('',(0.,0.,1.));
#8168 = DIRECTION('',(-1.,1.144237745222E-17,0.));
#8169 = ADVANCED_FACE('',(#8170),#8181,.F.);
#8170 = FACE_BOUND('',#8171,.F.);
#8171 = EDGE_LOOP('',(#8172,#8178,#8179,#8180));
#8172 = ORIENTED_EDGE('',*,*,#8173,.F.);
#8173 = EDGE_CURVE('',#7565,#7889,#8174,.T.);
#8174 = LINE('',#8175,#8176);
#8175 = CARTESIAN_POINT('',(-1.95,2.11,0.778372691708));
#8176 = VECTOR('',#8177,1.);
#8177 = DIRECTION('',(0.,0.,1.));
#8178 = ORIENTED_EDGE('',*,*,#7564,.T.);
#8179 = ORIENTED_EDGE('',*,*,#7913,.T.);
#8180 = ORIENTED_EDGE('',*,*,#7896,.F.);
#8181 = PLANE('',#8182);
#8182 = AXIS2_PLACEMENT_3D('',#8183,#8184,#8185);
#8183 = CARTESIAN_POINT('',(-1.95,-2.2775,1.07));
#8184 = DIRECTION('',(1.,1.110223024625E-16,0.));
#8185 = DIRECTION('',(-1.110223024625E-16,1.,0.));
#8186 = ADVANCED_FACE('',(#8187),#8198,.F.);
#8187 = FACE_BOUND('',#8188,.F.);
#8188 = EDGE_LOOP('',(#8189,#8190,#8191,#8197));
#8189 = ORIENTED_EDGE('',*,*,#7800,.F.);
#8190 = ORIENTED_EDGE('',*,*,#7721,.T.);
#8191 = ORIENTED_EDGE('',*,*,#8192,.T.);
#8192 = EDGE_CURVE('',#7714,#7833,#8193,.T.);
#8193 = LINE('',#8194,#8195);
#8194 = CARTESIAN_POINT('',(1.95,2.11,0.778372691708));
#8195 = VECTOR('',#8196,1.);
#8196 = DIRECTION('',(0.,0.,1.));
#8197 = ORIENTED_EDGE('',*,*,#7832,.F.);
#8198 = PLANE('',#8199);
#8199 = AXIS2_PLACEMENT_3D('',#8200,#8201,#8202);
#8200 = CARTESIAN_POINT('',(1.95,2.2775,1.07));
#8201 = DIRECTION('',(-1.,-1.110223024625E-16,0.));
#8202 = DIRECTION('',(1.110223024625E-16,-1.,0.));
#8203 = ADVANCED_FACE('',(#8204),#8229,.F.);
#8204 = FACE_BOUND('',#8205,.F.);
#8205 = EDGE_LOOP('',(#8206,#8214,#8215,#8223));
#8206 = ORIENTED_EDGE('',*,*,#8207,.F.);
#8207 = EDGE_CURVE('',#7714,#8208,#8210,.T.);
#8208 = VERTEX_POINT('',#8209);
#8209 = CARTESIAN_POINT('',(2.05,2.11,0.88));
#8210 = LINE('',#8211,#8212);
#8211 = CARTESIAN_POINT('',(1.8,2.11,0.88));
#8212 = VECTOR('',#8213,1.);
#8213 = DIRECTION('',(1.,1.110223024625E-16,0.));
#8214 = ORIENTED_EDGE('',*,*,#7713,.T.);
#8215 = ORIENTED_EDGE('',*,*,#8216,.T.);
#8216 = EDGE_CURVE('',#7706,#8217,#8219,.T.);
#8217 = VERTEX_POINT('',#8218);
#8218 = CARTESIAN_POINT('',(2.05,1.7,0.88));
#8219 = LINE('',#8220,#8221);
#8220 = CARTESIAN_POINT('',(1.8,1.7,0.88));
#8221 = VECTOR('',#8222,1.);
#8222 = DIRECTION('',(1.,1.110223024625E-16,0.));
#8223 = ORIENTED_EDGE('',*,*,#8224,.F.);
#8224 = EDGE_CURVE('',#8208,#8217,#8225,.T.);
#8225 = LINE('',#8226,#8227);
#8226 = CARTESIAN_POINT('',(2.05,2.11,0.88));
#8227 = VECTOR('',#8228,1.);
#8228 = DIRECTION('',(1.110223024625E-16,-1.,0.));
#8229 = PLANE('',#8230);
#8230 = AXIS2_PLACEMENT_3D('',#8231,#8232,#8233);
#8231 = CARTESIAN_POINT('',(1.8,2.11,0.88));
#8232 = DIRECTION('',(0.,0.,1.));
#8233 = DIRECTION('',(1.,1.110223024625E-16,-0.));
#8234 = ADVANCED_FACE('',(#8235),#8260,.F.);
#8235 = FACE_BOUND('',#8236,.F.);
#8236 = EDGE_LOOP('',(#8237,#8245,#8246,#8254));
#8237 = ORIENTED_EDGE('',*,*,#8238,.F.);
#8238 = EDGE_CURVE('',#7706,#8239,#8241,.T.);
#8239 = VERTEX_POINT('',#8240);
#8240 = CARTESIAN_POINT('',(1.95,1.7,1.07));
#8241 = LINE('',#8242,#8243);
#8242 = CARTESIAN_POINT('',(1.95,1.7,0.778372691708));
#8243 = VECTOR('',#8244,1.);
#8244 = DIRECTION('',(0.,0.,1.));
#8245 = ORIENTED_EDGE('',*,*,#7705,.T.);
#8246 = ORIENTED_EDGE('',*,*,#8247,.T.);
#8247 = EDGE_CURVE('',#7698,#8248,#8250,.T.);
#8248 = VERTEX_POINT('',#8249);
#8249 = CARTESIAN_POINT('',(1.95,0.84,1.07));
#8250 = LINE('',#8251,#8252);
#8251 = CARTESIAN_POINT('',(1.95,0.84,0.778372691708));
#8252 = VECTOR('',#8253,1.);
#8253 = DIRECTION('',(0.,0.,1.));
#8254 = ORIENTED_EDGE('',*,*,#8255,.F.);
#8255 = EDGE_CURVE('',#8239,#8248,#8256,.T.);
#8256 = LINE('',#8257,#8258);
#8257 = CARTESIAN_POINT('',(1.95,2.2775,1.07));
#8258 = VECTOR('',#8259,1.);
#8259 = DIRECTION('',(1.110223024625E-16,-1.,0.));
#8260 = PLANE('',#8261);
#8261 = AXIS2_PLACEMENT_3D('',#8262,#8263,#8264);
#8262 = CARTESIAN_POINT('',(1.95,2.2775,1.07));
#8263 = DIRECTION('',(-1.,-1.110223024625E-16,0.));
#8264 = DIRECTION('',(1.110223024625E-16,-1.,0.));
#8265 = ADVANCED_FACE('',(#8266),#8291,.F.);
#8266 = FACE_BOUND('',#8267,.F.);
#8267 = EDGE_LOOP('',(#8268,#8276,#8277,#8285));
#8268 = ORIENTED_EDGE('',*,*,#8269,.F.);
#8269 = EDGE_CURVE('',#7698,#8270,#8272,.T.);
#8270 = VERTEX_POINT('',#8271);
#8271 = CARTESIAN_POINT('',(2.05,0.84,0.88));
#8272 = LINE('',#8273,#8274);
#8273 = CARTESIAN_POINT('',(1.8,0.84,0.88));
#8274 = VECTOR('',#8275,1.);
#8275 = DIRECTION('',(1.,1.110223024625E-16,0.));
#8276 = ORIENTED_EDGE('',*,*,#7697,.T.);
#8277 = ORIENTED_EDGE('',*,*,#8278,.T.);
#8278 = EDGE_CURVE('',#7690,#8279,#8281,.T.);
#8279 = VERTEX_POINT('',#8280);
#8280 = CARTESIAN_POINT('',(2.05,0.43,0.88));
#8281 = LINE('',#8282,#8283);
#8282 = CARTESIAN_POINT('',(1.8,0.43,0.88));
#8283 = VECTOR('',#8284,1.);
#8284 = DIRECTION('',(1.,1.110223024625E-16,0.));
#8285 = ORIENTED_EDGE('',*,*,#8286,.F.);
#8286 = EDGE_CURVE('',#8270,#8279,#8287,.T.);
#8287 = LINE('',#8288,#8289);
#8288 = CARTESIAN_POINT('',(2.05,0.84,0.88));
#8289 = VECTOR('',#8290,1.);
#8290 = DIRECTION('',(1.110223024625E-16,-1.,0.));
#8291 = PLANE('',#8292);
#8292 = AXIS2_PLACEMENT_3D('',#8293,#8294,#8295);
#8293 = CARTESIAN_POINT('',(1.8,0.84,0.88));
#8294 = DIRECTION('',(0.,0.,1.));
#8295 = DIRECTION('',(1.,1.110223024625E-16,-0.));
#8296 = ADVANCED_FACE('',(#8297),#8322,.F.);
#8297 = FACE_BOUND('',#8298,.F.);
#8298 = EDGE_LOOP('',(#8299,#8307,#8308,#8316));
#8299 = ORIENTED_EDGE('',*,*,#8300,.F.);
#8300 = EDGE_CURVE('',#7690,#8301,#8303,.T.);
#8301 = VERTEX_POINT('',#8302);
#8302 = CARTESIAN_POINT('',(1.95,0.43,1.07));
#8303 = LINE('',#8304,#8305);
#8304 = CARTESIAN_POINT('',(1.95,0.43,0.778372691708));
#8305 = VECTOR('',#8306,1.);
#8306 = DIRECTION('',(0.,0.,1.));
#8307 = ORIENTED_EDGE('',*,*,#7689,.T.);
#8308 = ORIENTED_EDGE('',*,*,#8309,.T.);
#8309 = EDGE_CURVE('',#7682,#8310,#8312,.T.);
#8310 = VERTEX_POINT('',#8311);
#8311 = CARTESIAN_POINT('',(1.95,-0.43,1.07));
#8312 = LINE('',#8313,#8314);
#8313 = CARTESIAN_POINT('',(1.95,-0.43,0.778372691708));
#8314 = VECTOR('',#8315,1.);
#8315 = DIRECTION('',(0.,0.,1.));
#8316 = ORIENTED_EDGE('',*,*,#8317,.F.);
#8317 = EDGE_CURVE('',#8301,#8310,#8318,.T.);
#8318 = LINE('',#8319,#8320);
#8319 = CARTESIAN_POINT('',(1.95,2.2775,1.07));
#8320 = VECTOR('',#8321,1.);
#8321 = DIRECTION('',(1.110223024625E-16,-1.,0.));
#8322 = PLANE('',#8323);
#8323 = AXIS2_PLACEMENT_3D('',#8324,#8325,#8326);
#8324 = CARTESIAN_POINT('',(1.95,2.2775,1.07));
#8325 = DIRECTION('',(-1.,-1.110223024625E-16,0.));
#8326 = DIRECTION('',(1.110223024625E-16,-1.,0.));
#8327 = ADVANCED_FACE('',(#8328),#8353,.F.);
#8328 = FACE_BOUND('',#8329,.F.);
#8329 = EDGE_LOOP('',(#8330,#8338,#8339,#8347));
#8330 = ORIENTED_EDGE('',*,*,#8331,.F.);
#8331 = EDGE_CURVE('',#7682,#8332,#8334,.T.);
#8332 = VERTEX_POINT('',#8333);
#8333 = CARTESIAN_POINT('',(2.05,-0.43,0.88));
#8334 = LINE('',#8335,#8336);
#8335 = CARTESIAN_POINT('',(1.8,-0.43,0.88));
#8336 = VECTOR('',#8337,1.);
#8337 = DIRECTION('',(1.,1.110223024625E-16,0.));
#8338 = ORIENTED_EDGE('',*,*,#7681,.T.);
#8339 = ORIENTED_EDGE('',*,*,#8340,.T.);
#8340 = EDGE_CURVE('',#7674,#8341,#8343,.T.);
#8341 = VERTEX_POINT('',#8342);
#8342 = CARTESIAN_POINT('',(2.05,-0.84,0.88));
#8343 = LINE('',#8344,#8345);
#8344 = CARTESIAN_POINT('',(1.8,-0.84,0.88));
#8345 = VECTOR('',#8346,1.);
#8346 = DIRECTION('',(1.,1.110223024625E-16,0.));
#8347 = ORIENTED_EDGE('',*,*,#8348,.F.);
#8348 = EDGE_CURVE('',#8332,#8341,#8349,.T.);
#8349 = LINE('',#8350,#8351);
#8350 = CARTESIAN_POINT('',(2.05,-0.43,0.88));
#8351 = VECTOR('',#8352,1.);
#8352 = DIRECTION('',(1.110223024625E-16,-1.,0.));
#8353 = PLANE('',#8354);
#8354 = AXIS2_PLACEMENT_3D('',#8355,#8356,#8357);
#8355 = CARTESIAN_POINT('',(1.8,-0.43,0.88));
#8356 = DIRECTION('',(0.,0.,1.));
#8357 = DIRECTION('',(1.,1.110223024625E-16,-0.));
#8358 = ADVANCED_FACE('',(#8359),#8384,.F.);
#8359 = FACE_BOUND('',#8360,.F.);
#8360 = EDGE_LOOP('',(#8361,#8369,#8370,#8378));
#8361 = ORIENTED_EDGE('',*,*,#8362,.F.);
#8362 = EDGE_CURVE('',#7674,#8363,#8365,.T.);
#8363 = VERTEX_POINT('',#8364);
#8364 = CARTESIAN_POINT('',(1.95,-0.84,1.07));
#8365 = LINE('',#8366,#8367);
#8366 = CARTESIAN_POINT('',(1.95,-0.84,0.778372691708));
#8367 = VECTOR('',#8368,1.);
#8368 = DIRECTION('',(0.,0.,1.));
#8369 = ORIENTED_EDGE('',*,*,#7673,.T.);
#8370 = ORIENTED_EDGE('',*,*,#8371,.T.);
#8371 = EDGE_CURVE('',#7666,#8372,#8374,.T.);
#8372 = VERTEX_POINT('',#8373);
#8373 = CARTESIAN_POINT('',(1.95,-1.7,1.07));
#8374 = LINE('',#8375,#8376);
#8375 = CARTESIAN_POINT('',(1.95,-1.7,0.778372691708));
#8376 = VECTOR('',#8377,1.);
#8377 = DIRECTION('',(0.,0.,1.));
#8378 = ORIENTED_EDGE('',*,*,#8379,.F.);
#8379 = EDGE_CURVE('',#8363,#8372,#8380,.T.);
#8380 = LINE('',#8381,#8382);
#8381 = CARTESIAN_POINT('',(1.95,2.2775,1.07));
#8382 = VECTOR('',#8383,1.);
#8383 = DIRECTION('',(1.110223024625E-16,-1.,0.));
#8384 = PLANE('',#8385);
#8385 = AXIS2_PLACEMENT_3D('',#8386,#8387,#8388);
#8386 = CARTESIAN_POINT('',(1.95,2.2775,1.07));
#8387 = DIRECTION('',(-1.,-1.110223024625E-16,0.));
#8388 = DIRECTION('',(1.110223024625E-16,-1.,0.));
#8389 = ADVANCED_FACE('',(#8390),#8415,.F.);
#8390 = FACE_BOUND('',#8391,.F.);
#8391 = EDGE_LOOP('',(#8392,#8400,#8401,#8409));
#8392 = ORIENTED_EDGE('',*,*,#8393,.F.);
#8393 = EDGE_CURVE('',#7666,#8394,#8396,.T.);
#8394 = VERTEX_POINT('',#8395);
#8395 = CARTESIAN_POINT('',(2.05,-1.7,0.88));
#8396 = LINE('',#8397,#8398);
#8397 = CARTESIAN_POINT('',(1.8,-1.7,0.88));
#8398 = VECTOR('',#8399,1.);
#8399 = DIRECTION('',(1.,1.110223024625E-16,0.));
#8400 = ORIENTED_EDGE('',*,*,#7665,.T.);
#8401 = ORIENTED_EDGE('',*,*,#8402,.T.);
#8402 = EDGE_CURVE('',#7658,#8403,#8405,.T.);
#8403 = VERTEX_POINT('',#8404);
#8404 = CARTESIAN_POINT('',(2.05,-2.11,0.88));
#8405 = LINE('',#8406,#8407);
#8406 = CARTESIAN_POINT('',(1.8,-2.11,0.88));
#8407 = VECTOR('',#8408,1.);
#8408 = DIRECTION('',(1.,1.110223024625E-16,0.));
#8409 = ORIENTED_EDGE('',*,*,#8410,.F.);
#8410 = EDGE_CURVE('',#8394,#8403,#8411,.T.);
#8411 = LINE('',#8412,#8413);
#8412 = CARTESIAN_POINT('',(2.05,-1.7,0.88));
#8413 = VECTOR('',#8414,1.);
#8414 = DIRECTION('',(1.110223024625E-16,-1.,0.));
#8415 = PLANE('',#8416);
#8416 = AXIS2_PLACEMENT_3D('',#8417,#8418,#8419);
#8417 = CARTESIAN_POINT('',(1.8,-1.7,0.88));
#8418 = DIRECTION('',(0.,0.,1.));
#8419 = DIRECTION('',(1.,1.110223024625E-16,-0.));
#8420 = ADVANCED_FACE('',(#8421),#8445,.F.);
#8421 = FACE_BOUND('',#8422,.F.);
#8422 = EDGE_LOOP('',(#8423,#8431,#8432,#8439));
#8423 = ORIENTED_EDGE('',*,*,#8424,.F.);
#8424 = EDGE_CURVE('',#7658,#8425,#8427,.T.);
#8425 = VERTEX_POINT('',#8426);
#8426 = CARTESIAN_POINT('',(1.95,-2.11,1.07));
#8427 = LINE('',#8428,#8429);
#8428 = CARTESIAN_POINT('',(1.95,-2.11,0.778372691708));
#8429 = VECTOR('',#8430,1.);
#8430 = DIRECTION('',(0.,0.,1.));
#8431 = ORIENTED_EDGE('',*,*,#7657,.T.);
#8432 = ORIENTED_EDGE('',*,*,#8433,.T.);
#8433 = EDGE_CURVE('',#7651,#8434,#8436,.T.);
#8434 = VERTEX_POINT('',#8435);
#8435 = CARTESIAN_POINT('',(1.95,-2.2775,1.07));
#8436 = B_SPLINE_CURVE_WITH_KNOTS('',1,(#8437,#8438),.UNSPECIFIED.,.F.,
  .F.,(2,2),(0.,1.),.PIECEWISE_BEZIER_KNOTS.);
#8437 = CARTESIAN_POINT('',(1.95,-2.2775,0.88));
#8438 = CARTESIAN_POINT('',(1.95,-2.2775,1.07));
#8439 = ORIENTED_EDGE('',*,*,#8440,.F.);
#8440 = EDGE_CURVE('',#8425,#8434,#8441,.T.);
#8441 = LINE('',#8442,#8443);
#8442 = CARTESIAN_POINT('',(1.95,2.2775,1.07));
#8443 = VECTOR('',#8444,1.);
#8444 = DIRECTION('',(1.110223024625E-16,-1.,0.));
#8445 = PLANE('',#8446);
#8446 = AXIS2_PLACEMENT_3D('',#8447,#8448,#8449);
#8447 = CARTESIAN_POINT('',(1.95,2.2775,1.07));
#8448 = DIRECTION('',(-1.,-1.110223024625E-16,0.));
#8449 = DIRECTION('',(1.110223024625E-16,-1.,0.));
#8450 = ADVANCED_FACE('',(#8451),#8468,.F.);
#8451 = FACE_BOUND('',#8452,.F.);
#8452 = EDGE_LOOP('',(#8453,#8454,#8455,#8463));
#8453 = ORIENTED_EDGE('',*,*,#7738,.T.);
#8454 = ORIENTED_EDGE('',*,*,#7926,.T.);
#8455 = ORIENTED_EDGE('',*,*,#8456,.F.);
#8456 = EDGE_CURVE('',#8457,#7927,#8459,.T.);
#8457 = VERTEX_POINT('',#8458);
#8458 = CARTESIAN_POINT('',(-1.775,-2.4525,1.07));
#8459 = LINE('',#8460,#8461);
#8460 = CARTESIAN_POINT('',(-1.775,-2.4525,1.07));
#8461 = VECTOR('',#8462,1.);
#8462 = DIRECTION('',(-0.707106781187,0.707106781187,0.));
#8463 = ORIENTED_EDGE('',*,*,#8464,.F.);
#8464 = EDGE_CURVE('',#7739,#8457,#8465,.T.);
#8465 = B_SPLINE_CURVE_WITH_KNOTS('',1,(#8466,#8467),.UNSPECIFIED.,.F.,
  .F.,(2,2),(0.,1.),.PIECEWISE_BEZIER_KNOTS.);
#8466 = CARTESIAN_POINT('',(-1.775,-2.4525,0.88));
#8467 = CARTESIAN_POINT('',(-1.775,-2.4525,1.07));
#8468 = PLANE('',#8469);
#8469 = AXIS2_PLACEMENT_3D('',#8470,#8471,#8472);
#8470 = CARTESIAN_POINT('',(-1.775,-2.4525,1.07));
#8471 = DIRECTION('',(0.707106781187,0.707106781187,0.));
#8472 = DIRECTION('',(-0.707106781187,0.707106781187,0.));
#8473 = ADVANCED_FACE('',(#8474),#8491,.F.);
#8474 = FACE_BOUND('',#8475,.F.);
#8475 = EDGE_LOOP('',(#8476,#8477,#8484,#8490));
#8476 = ORIENTED_EDGE('',*,*,#7767,.T.);
#8477 = ORIENTED_EDGE('',*,*,#8478,.T.);
#8478 = EDGE_CURVE('',#7761,#8479,#8481,.T.);
#8479 = VERTEX_POINT('',#8480);
#8480 = CARTESIAN_POINT('',(1.775,-2.4525,1.07));
#8481 = B_SPLINE_CURVE_WITH_KNOTS('',1,(#8482,#8483),.UNSPECIFIED.,.F.,
  .F.,(2,2),(0.,1.),.PIECEWISE_BEZIER_KNOTS.);
#8482 = CARTESIAN_POINT('',(1.775,-2.4525,0.88));
#8483 = CARTESIAN_POINT('',(1.775,-2.4525,1.07));
#8484 = ORIENTED_EDGE('',*,*,#8485,.F.);
#8485 = EDGE_CURVE('',#8434,#8479,#8486,.T.);
#8486 = LINE('',#8487,#8488);
#8487 = CARTESIAN_POINT('',(1.95,-2.2775,1.07));
#8488 = VECTOR('',#8489,1.);
#8489 = DIRECTION('',(-0.707106781187,-0.707106781187,0.));
#8490 = ORIENTED_EDGE('',*,*,#8433,.F.);
#8491 = PLANE('',#8492);
#8492 = AXIS2_PLACEMENT_3D('',#8493,#8494,#8495);
#8493 = CARTESIAN_POINT('',(1.95,-2.2775,1.07));
#8494 = DIRECTION('',(-0.707106781187,0.707106781187,0.));
#8495 = DIRECTION('',(-0.707106781187,-0.707106781187,0.));
#8496 = ADVANCED_FACE('',(#8497),#8508,.F.);
#8497 = FACE_BOUND('',#8498,.F.);
#8498 = EDGE_LOOP('',(#8499,#8500,#8501,#8507));
#8499 = ORIENTED_EDGE('',*,*,#7784,.T.);
#8500 = ORIENTED_EDGE('',*,*,#8464,.T.);
#8501 = ORIENTED_EDGE('',*,*,#8502,.F.);
#8502 = EDGE_CURVE('',#8479,#8457,#8503,.T.);
#8503 = LINE('',#8504,#8505);
#8504 = CARTESIAN_POINT('',(1.775,-2.4525,1.07));
#8505 = VECTOR('',#8506,1.);
#8506 = DIRECTION('',(-1.,-1.110223024625E-16,0.));
#8507 = ORIENTED_EDGE('',*,*,#8478,.F.);
#8508 = PLANE('',#8509);
#8509 = AXIS2_PLACEMENT_3D('',#8510,#8511,#8512);
#8510 = CARTESIAN_POINT('',(1.775,-2.4525,1.07));
#8511 = DIRECTION('',(-1.110223024625E-16,1.,0.));
#8512 = DIRECTION('',(-1.,-1.110223024625E-16,0.));
#8513 = ADVANCED_FACE('',(#8514),#8553,.F.);
#8514 = FACE_BOUND('',#8515,.F.);
#8515 = EDGE_LOOP('',(#8516,#8524,#8532,#8538,#8539,#8547));
#8516 = ORIENTED_EDGE('',*,*,#8517,.F.);
#8517 = EDGE_CURVE('',#8518,#8121,#8520,.T.);
#8518 = VERTEX_POINT('',#8519);
#8519 = CARTESIAN_POINT('',(-2.05,1.7,1.07));
#8520 = LINE('',#8521,#8522);
#8521 = CARTESIAN_POINT('',(-2.05,1.7,1.07));
#8522 = VECTOR('',#8523,1.);
#8523 = DIRECTION('',(1.,-1.144237745222E-17,0.));
#8524 = ORIENTED_EDGE('',*,*,#8525,.T.);
#8525 = EDGE_CURVE('',#8518,#8526,#8528,.T.);
#8526 = VERTEX_POINT('',#8527);
#8527 = CARTESIAN_POINT('',(-2.05,2.11,1.07));
#8528 = LINE('',#8529,#8530);
#8529 = CARTESIAN_POINT('',(-2.05,1.7,1.07));
#8530 = VECTOR('',#8531,1.);
#8531 = DIRECTION('',(1.144237745222E-17,1.,0.));
#8532 = ORIENTED_EDGE('',*,*,#8533,.T.);
#8533 = EDGE_CURVE('',#8526,#7889,#8534,.T.);
#8534 = LINE('',#8535,#8536);
#8535 = CARTESIAN_POINT('',(-2.05,2.11,1.07));
#8536 = VECTOR('',#8537,1.);
#8537 = DIRECTION('',(1.,-1.144237745222E-17,0.));
#8538 = ORIENTED_EDGE('',*,*,#7888,.T.);
#8539 = ORIENTED_EDGE('',*,*,#8540,.F.);
#8540 = EDGE_CURVE('',#8541,#7881,#8543,.T.);
#8541 = VERTEX_POINT('',#8542);
#8542 = CARTESIAN_POINT('',(-1.875,1.7,1.07));
#8543 = LINE('',#8544,#8545);
#8544 = CARTESIAN_POINT('',(-1.875,-2.24,1.07));
#8545 = VECTOR('',#8546,1.);
#8546 = DIRECTION('',(-1.110223024625E-16,1.,0.));
#8547 = ORIENTED_EDGE('',*,*,#8548,.F.);
#8548 = EDGE_CURVE('',#8121,#8541,#8549,.T.);
#8549 = LINE('',#8550,#8551);
#8550 = CARTESIAN_POINT('',(-2.05,1.7,1.07));
#8551 = VECTOR('',#8552,1.);
#8552 = DIRECTION('',(1.,-1.144237745222E-17,0.));
#8553 = PLANE('',#8554);
#8554 = AXIS2_PLACEMENT_3D('',#8555,#8556,#8557);
#8555 = CARTESIAN_POINT('',(-2.05,1.7,1.07));
#8556 = DIRECTION('',(0.,0.,-1.));
#8557 = DIRECTION('',(1.,-1.144237745222E-17,0.));
#8558 = ADVANCED_FACE('',(#8559),#8639,.F.);
#8559 = FACE_BOUND('',#8560,.F.);
#8560 = EDGE_LOOP('',(#8561,#8571,#8579,#8587,#8595,#8603,#8611,#8617,
    #8618,#8619,#8626,#8634));
#8561 = ORIENTED_EDGE('',*,*,#8562,.T.);
#8562 = EDGE_CURVE('',#8563,#8565,#8567,.T.);
#8563 = VERTEX_POINT('',#8564);
#8564 = CARTESIAN_POINT('',(-1.875,-2.24,1.07));
#8565 = VERTEX_POINT('',#8566);
#8566 = CARTESIAN_POINT('',(-1.875,-2.11,1.07));
#8567 = LINE('',#8568,#8569);
#8568 = CARTESIAN_POINT('',(-1.875,-2.24,1.07));
#8569 = VECTOR('',#8570,1.);
#8570 = DIRECTION('',(-1.110223024625E-16,1.,0.));
#8571 = ORIENTED_EDGE('',*,*,#8572,.T.);
#8572 = EDGE_CURVE('',#8565,#8573,#8575,.T.);
#8573 = VERTEX_POINT('',#8574);
#8574 = CARTESIAN_POINT('',(-1.875,-1.7,1.07));
#8575 = LINE('',#8576,#8577);
#8576 = CARTESIAN_POINT('',(-1.875,-2.24,1.07));
#8577 = VECTOR('',#8578,1.);
#8578 = DIRECTION('',(-1.110223024625E-16,1.,0.));
#8579 = ORIENTED_EDGE('',*,*,#8580,.T.);
#8580 = EDGE_CURVE('',#8573,#8581,#8583,.T.);
#8581 = VERTEX_POINT('',#8582);
#8582 = CARTESIAN_POINT('',(-1.875,-0.84,1.07));
#8583 = LINE('',#8584,#8585);
#8584 = CARTESIAN_POINT('',(-1.875,-2.24,1.07));
#8585 = VECTOR('',#8586,1.);
#8586 = DIRECTION('',(-1.110223024625E-16,1.,0.));
#8587 = ORIENTED_EDGE('',*,*,#8588,.T.);
#8588 = EDGE_CURVE('',#8581,#8589,#8591,.T.);
#8589 = VERTEX_POINT('',#8590);
#8590 = CARTESIAN_POINT('',(-1.875,-0.43,1.07));
#8591 = LINE('',#8592,#8593);
#8592 = CARTESIAN_POINT('',(-1.875,-2.24,1.07));
#8593 = VECTOR('',#8594,1.);
#8594 = DIRECTION('',(-1.110223024625E-16,1.,0.));
#8595 = ORIENTED_EDGE('',*,*,#8596,.T.);
#8596 = EDGE_CURVE('',#8589,#8597,#8599,.T.);
#8597 = VERTEX_POINT('',#8598);
#8598 = CARTESIAN_POINT('',(-1.875,0.43,1.07));
#8599 = LINE('',#8600,#8601);
#8600 = CARTESIAN_POINT('',(-1.875,-2.24,1.07));
#8601 = VECTOR('',#8602,1.);
#8602 = DIRECTION('',(-1.110223024625E-16,1.,0.));
#8603 = ORIENTED_EDGE('',*,*,#8604,.T.);
#8604 = EDGE_CURVE('',#8597,#8605,#8607,.T.);
#8605 = VERTEX_POINT('',#8606);
#8606 = CARTESIAN_POINT('',(-1.875,0.84,1.07));
#8607 = LINE('',#8608,#8609);
#8608 = CARTESIAN_POINT('',(-1.875,-2.24,1.07));
#8609 = VECTOR('',#8610,1.);
#8610 = DIRECTION('',(-1.110223024625E-16,1.,0.));
#8611 = ORIENTED_EDGE('',*,*,#8612,.T.);
#8612 = EDGE_CURVE('',#8605,#8541,#8613,.T.);
#8613 = LINE('',#8614,#8615);
#8614 = CARTESIAN_POINT('',(-1.875,-2.24,1.07));
#8615 = VECTOR('',#8616,1.);
#8616 = DIRECTION('',(-1.110223024625E-16,1.,0.));
#8617 = ORIENTED_EDGE('',*,*,#8540,.T.);
#8618 = ORIENTED_EDGE('',*,*,#7880,.T.);
#8619 = ORIENTED_EDGE('',*,*,#8620,.T.);
#8620 = EDGE_CURVE('',#7873,#8621,#8623,.T.);
#8621 = VERTEX_POINT('',#8622);
#8622 = CARTESIAN_POINT('',(-1.751460136547,2.178230068273,1.85));
#8623 = B_SPLINE_CURVE_WITH_KNOTS('',1,(#8624,#8625),.UNSPECIFIED.,.F.,
  .F.,(2,2),(0.,1.),.PIECEWISE_BEZIER_KNOTS.);
#8624 = CARTESIAN_POINT('',(-1.875,2.24,1.07));
#8625 = CARTESIAN_POINT('',(-1.751460136547,2.178230068273,1.85));
#8626 = ORIENTED_EDGE('',*,*,#8627,.F.);
#8627 = EDGE_CURVE('',#8628,#8621,#8630,.T.);
#8628 = VERTEX_POINT('',#8629);
#8629 = CARTESIAN_POINT('',(-1.751460136547,-2.178230068273,1.85));
#8630 = LINE('',#8631,#8632);
#8631 = CARTESIAN_POINT('',(-1.751460136547,-2.178230068273,1.85));
#8632 = VECTOR('',#8633,1.);
#8633 = DIRECTION('',(-1.110223024625E-16,1.,0.));
#8634 = ORIENTED_EDGE('',*,*,#8635,.F.);
#8635 = EDGE_CURVE('',#8563,#8628,#8636,.T.);
#8636 = B_SPLINE_CURVE_WITH_KNOTS('',1,(#8637,#8638),.UNSPECIFIED.,.F.,
  .F.,(2,2),(0.,1.),.PIECEWISE_BEZIER_KNOTS.);
#8637 = CARTESIAN_POINT('',(-1.875,-2.24,1.07));
#8638 = CARTESIAN_POINT('',(-1.751460136547,-2.178230068273,1.85));
#8639 = B_SPLINE_SURFACE_WITH_KNOTS('',1,1,(
    (#8640,#8641)
    ,(#8642,#8643
    )),.UNSPECIFIED.,.F.,.F.,.F.,(2,2),(2,2),(0.,4.48),(0.,1.),
  .PIECEWISE_BEZIER_KNOTS.);
#8640 = CARTESIAN_POINT('',(-1.875,-2.24,1.07));
#8641 = CARTESIAN_POINT('',(-1.751460136547,-2.178230068273,1.85));
#8642 = CARTESIAN_POINT('',(-1.875,2.24,1.07));
#8643 = CARTESIAN_POINT('',(-1.751460136547,2.178230068273,1.85));
#8644 = ADVANCED_FACE('',(#8645),#8662,.F.);
#8645 = FACE_BOUND('',#8646,.F.);
#8646 = EDGE_LOOP('',(#8647,#8648,#8655,#8661));
#8647 = ORIENTED_EDGE('',*,*,#7872,.T.);
#8648 = ORIENTED_EDGE('',*,*,#8649,.T.);
#8649 = EDGE_CURVE('',#7865,#8650,#8652,.T.);
#8650 = VERTEX_POINT('',#8651);
#8651 = CARTESIAN_POINT('',(-1.675730068273,2.253960136547,1.85));
#8652 = B_SPLINE_CURVE_WITH_KNOTS('',1,(#8653,#8654),.UNSPECIFIED.,.F.,
  .F.,(2,2),(0.,1.),.PIECEWISE_BEZIER_KNOTS.);
#8653 = CARTESIAN_POINT('',(-1.7375,2.3775,1.07));
#8654 = CARTESIAN_POINT('',(-1.675730068273,2.253960136547,1.85));
#8655 = ORIENTED_EDGE('',*,*,#8656,.F.);
#8656 = EDGE_CURVE('',#8621,#8650,#8657,.T.);
#8657 = LINE('',#8658,#8659);
#8658 = CARTESIAN_POINT('',(-1.751460136547,2.178230068273,1.85));
#8659 = VECTOR('',#8660,1.);
#8660 = DIRECTION('',(0.707106781187,0.707106781187,0.));
#8661 = ORIENTED_EDGE('',*,*,#8620,.F.);
#8662 = B_SPLINE_SURFACE_WITH_KNOTS('',1,1,(
    (#8663,#8664)
    ,(#8665,#8666
    )),.UNSPECIFIED.,.F.,.F.,.F.,(2,2),(2,2),(0.,0.194454364826),(0.,1.)
  ,.PIECEWISE_BEZIER_KNOTS.);
#8663 = CARTESIAN_POINT('',(-1.875,2.24,1.07));
#8664 = CARTESIAN_POINT('',(-1.751460136547,2.178230068273,1.85));
#8665 = CARTESIAN_POINT('',(-1.7375,2.3775,1.07));
#8666 = CARTESIAN_POINT('',(-1.675730068273,2.253960136547,1.85));
#8667 = ADVANCED_FACE('',(#8668),#8685,.F.);
#8668 = FACE_BOUND('',#8669,.F.);
#8669 = EDGE_LOOP('',(#8670,#8671,#8678,#8684));
#8670 = ORIENTED_EDGE('',*,*,#7864,.T.);
#8671 = ORIENTED_EDGE('',*,*,#8672,.T.);
#8672 = EDGE_CURVE('',#7857,#8673,#8675,.T.);
#8673 = VERTEX_POINT('',#8674);
#8674 = CARTESIAN_POINT('',(1.675730068273,2.253960136547,1.85));
#8675 = B_SPLINE_CURVE_WITH_KNOTS('',1,(#8676,#8677),.UNSPECIFIED.,.F.,
  .F.,(2,2),(0.,1.),.PIECEWISE_BEZIER_KNOTS.);
#8676 = CARTESIAN_POINT('',(1.7375,2.3775,1.07));
#8677 = CARTESIAN_POINT('',(1.675730068273,2.253960136547,1.85));
#8678 = ORIENTED_EDGE('',*,*,#8679,.F.);
#8679 = EDGE_CURVE('',#8650,#8673,#8680,.T.);
#8680 = LINE('',#8681,#8682);
#8681 = CARTESIAN_POINT('',(-1.675730068273,2.253960136547,1.85));
#8682 = VECTOR('',#8683,1.);
#8683 = DIRECTION('',(1.,1.110223024625E-16,0.));
#8684 = ORIENTED_EDGE('',*,*,#8649,.F.);
#8685 = B_SPLINE_SURFACE_WITH_KNOTS('',1,1,(
    (#8686,#8687)
    ,(#8688,#8689
    )),.UNSPECIFIED.,.F.,.F.,.F.,(2,2),(2,2),(0.,3.475),(0.,1.),
  .PIECEWISE_BEZIER_KNOTS.);
#8686 = CARTESIAN_POINT('',(-1.7375,2.3775,1.07));
#8687 = CARTESIAN_POINT('',(-1.675730068273,2.253960136547,1.85));
#8688 = CARTESIAN_POINT('',(1.7375,2.3775,1.07));
#8689 = CARTESIAN_POINT('',(1.675730068273,2.253960136547,1.85));
#8690 = ADVANCED_FACE('',(#8691),#8708,.F.);
#8691 = FACE_BOUND('',#8692,.F.);
#8692 = EDGE_LOOP('',(#8693,#8694,#8701,#8707));
#8693 = ORIENTED_EDGE('',*,*,#7856,.T.);
#8694 = ORIENTED_EDGE('',*,*,#8695,.T.);
#8695 = EDGE_CURVE('',#7849,#8696,#8698,.T.);
#8696 = VERTEX_POINT('',#8697);
#8697 = CARTESIAN_POINT('',(1.751460136547,2.178230068273,1.85));
#8698 = B_SPLINE_CURVE_WITH_KNOTS('',1,(#8699,#8700),.UNSPECIFIED.,.F.,
  .F.,(2,2),(0.,1.),.PIECEWISE_BEZIER_KNOTS.);
#8699 = CARTESIAN_POINT('',(1.875,2.24,1.07));
#8700 = CARTESIAN_POINT('',(1.751460136547,2.178230068273,1.85));
#8701 = ORIENTED_EDGE('',*,*,#8702,.F.);
#8702 = EDGE_CURVE('',#8673,#8696,#8703,.T.);
#8703 = LINE('',#8704,#8705);
#8704 = CARTESIAN_POINT('',(1.675730068273,2.253960136547,1.85));
#8705 = VECTOR('',#8706,1.);
#8706 = DIRECTION('',(0.707106781187,-0.707106781187,0.));
#8707 = ORIENTED_EDGE('',*,*,#8672,.F.);
#8708 = B_SPLINE_SURFACE_WITH_KNOTS('',1,1,(
    (#8709,#8710)
    ,(#8711,#8712
    )),.UNSPECIFIED.,.F.,.F.,.F.,(2,2),(2,2),(0.,0.194454364826),(0.,1.)
  ,.PIECEWISE_BEZIER_KNOTS.);
#8709 = CARTESIAN_POINT('',(1.7375,2.3775,1.07));
#8710 = CARTESIAN_POINT('',(1.675730068273,2.253960136547,1.85));
#8711 = CARTESIAN_POINT('',(1.875,2.24,1.07));
#8712 = CARTESIAN_POINT('',(1.751460136547,2.178230068273,1.85));
#8713 = ADVANCED_FACE('',(#8714),#8795,.F.);
#8714 = FACE_BOUND('',#8715,.F.);
#8715 = EDGE_LOOP('',(#8716,#8717,#8725,#8733,#8741,#8749,#8757,#8765,
    #8773,#8781,#8788,#8794));
#8716 = ORIENTED_EDGE('',*,*,#7848,.T.);
#8717 = ORIENTED_EDGE('',*,*,#8718,.T.);
#8718 = EDGE_CURVE('',#7841,#8719,#8721,.T.);
#8719 = VERTEX_POINT('',#8720);
#8720 = CARTESIAN_POINT('',(1.875,1.7,1.07));
#8721 = LINE('',#8722,#8723);
#8722 = CARTESIAN_POINT('',(1.875,2.24,1.07));
#8723 = VECTOR('',#8724,1.);
#8724 = DIRECTION('',(1.110223024625E-16,-1.,0.));
#8725 = ORIENTED_EDGE('',*,*,#8726,.T.);
#8726 = EDGE_CURVE('',#8719,#8727,#8729,.T.);
#8727 = VERTEX_POINT('',#8728);
#8728 = CARTESIAN_POINT('',(1.875,0.84,1.07));
#8729 = LINE('',#8730,#8731);
#8730 = CARTESIAN_POINT('',(1.875,2.24,1.07));
#8731 = VECTOR('',#8732,1.);
#8732 = DIRECTION('',(1.110223024625E-16,-1.,0.));
#8733 = ORIENTED_EDGE('',*,*,#8734,.T.);
#8734 = EDGE_CURVE('',#8727,#8735,#8737,.T.);
#8735 = VERTEX_POINT('',#8736);
#8736 = CARTESIAN_POINT('',(1.875,0.43,1.07));
#8737 = LINE('',#8738,#8739);
#8738 = CARTESIAN_POINT('',(1.875,2.24,1.07));
#8739 = VECTOR('',#8740,1.);
#8740 = DIRECTION('',(1.110223024625E-16,-1.,0.));
#8741 = ORIENTED_EDGE('',*,*,#8742,.T.);
#8742 = EDGE_CURVE('',#8735,#8743,#8745,.T.);
#8743 = VERTEX_POINT('',#8744);
#8744 = CARTESIAN_POINT('',(1.875,-0.43,1.07));
#8745 = LINE('',#8746,#8747);
#8746 = CARTESIAN_POINT('',(1.875,2.24,1.07));
#8747 = VECTOR('',#8748,1.);
#8748 = DIRECTION('',(1.110223024625E-16,-1.,0.));
#8749 = ORIENTED_EDGE('',*,*,#8750,.T.);
#8750 = EDGE_CURVE('',#8743,#8751,#8753,.T.);
#8751 = VERTEX_POINT('',#8752);
#8752 = CARTESIAN_POINT('',(1.875,-0.84,1.07));
#8753 = LINE('',#8754,#8755);
#8754 = CARTESIAN_POINT('',(1.875,2.24,1.07));
#8755 = VECTOR('',#8756,1.);
#8756 = DIRECTION('',(1.110223024625E-16,-1.,0.));
#8757 = ORIENTED_EDGE('',*,*,#8758,.T.);
#8758 = EDGE_CURVE('',#8751,#8759,#8761,.T.);
#8759 = VERTEX_POINT('',#8760);
#8760 = CARTESIAN_POINT('',(1.875,-1.7,1.07));
#8761 = LINE('',#8762,#8763);
#8762 = CARTESIAN_POINT('',(1.875,2.24,1.07));
#8763 = VECTOR('',#8764,1.);
#8764 = DIRECTION('',(1.110223024625E-16,-1.,0.));
#8765 = ORIENTED_EDGE('',*,*,#8766,.T.);
#8766 = EDGE_CURVE('',#8759,#8767,#8769,.T.);
#8767 = VERTEX_POINT('',#8768);
#8768 = CARTESIAN_POINT('',(1.875,-2.11,1.07));
#8769 = LINE('',#8770,#8771);
#8770 = CARTESIAN_POINT('',(1.875,2.24,1.07));
#8771 = VECTOR('',#8772,1.);
#8772 = DIRECTION('',(1.110223024625E-16,-1.,0.));
#8773 = ORIENTED_EDGE('',*,*,#8774,.T.);
#8774 = EDGE_CURVE('',#8767,#8775,#8777,.T.);
#8775 = VERTEX_POINT('',#8776);
#8776 = CARTESIAN_POINT('',(1.875,-2.24,1.07));
#8777 = LINE('',#8778,#8779);
#8778 = CARTESIAN_POINT('',(1.875,2.24,1.07));
#8779 = VECTOR('',#8780,1.);
#8780 = DIRECTION('',(1.110223024625E-16,-1.,0.));
#8781 = ORIENTED_EDGE('',*,*,#8782,.T.);
#8782 = EDGE_CURVE('',#8775,#8783,#8785,.T.);
#8783 = VERTEX_POINT('',#8784);
#8784 = CARTESIAN_POINT('',(1.751460136547,-2.178230068273,1.85));
#8785 = B_SPLINE_CURVE_WITH_KNOTS('',1,(#8786,#8787),.UNSPECIFIED.,.F.,
  .F.,(2,2),(0.,1.),.PIECEWISE_BEZIER_KNOTS.);
#8786 = CARTESIAN_POINT('',(1.875,-2.24,1.07));
#8787 = CARTESIAN_POINT('',(1.751460136547,-2.178230068273,1.85));
#8788 = ORIENTED_EDGE('',*,*,#8789,.F.);
#8789 = EDGE_CURVE('',#8696,#8783,#8790,.T.);
#8790 = LINE('',#8791,#8792);
#8791 = CARTESIAN_POINT('',(1.751460136547,2.178230068273,1.85));
#8792 = VECTOR('',#8793,1.);
#8793 = DIRECTION('',(1.110223024625E-16,-1.,0.));
#8794 = ORIENTED_EDGE('',*,*,#8695,.F.);
#8795 = B_SPLINE_SURFACE_WITH_KNOTS('',1,1,(
    (#8796,#8797)
    ,(#8798,#8799
    )),.UNSPECIFIED.,.F.,.F.,.F.,(2,2),(2,2),(0.,4.48),(0.,1.),
  .PIECEWISE_BEZIER_KNOTS.);
#8796 = CARTESIAN_POINT('',(1.875,2.24,1.07));
#8797 = CARTESIAN_POINT('',(1.751460136547,2.178230068273,1.85));
#8798 = CARTESIAN_POINT('',(1.875,-2.24,1.07));
#8799 = CARTESIAN_POINT('',(1.751460136547,-2.178230068273,1.85));
#8800 = ADVANCED_FACE('',(#8801),#8833,.F.);
#8801 = FACE_BOUND('',#8802,.F.);
#8802 = EDGE_LOOP('',(#8803,#8811,#8819,#8825,#8831,#8832));
#8803 = ORIENTED_EDGE('',*,*,#8804,.F.);
#8804 = EDGE_CURVE('',#8805,#7833,#8807,.T.);
#8805 = VERTEX_POINT('',#8806);
#8806 = CARTESIAN_POINT('',(2.05,2.11,1.07));
#8807 = LINE('',#8808,#8809);
#8808 = CARTESIAN_POINT('',(2.05,2.11,1.07));
#8809 = VECTOR('',#8810,1.);
#8810 = DIRECTION('',(-1.,-1.110223024625E-16,0.));
#8811 = ORIENTED_EDGE('',*,*,#8812,.T.);
#8812 = EDGE_CURVE('',#8805,#8813,#8815,.T.);
#8813 = VERTEX_POINT('',#8814);
#8814 = CARTESIAN_POINT('',(2.05,1.7,1.07));
#8815 = LINE('',#8816,#8817);
#8816 = CARTESIAN_POINT('',(2.05,2.11,1.07));
#8817 = VECTOR('',#8818,1.);
#8818 = DIRECTION('',(1.110223024625E-16,-1.,0.));
#8819 = ORIENTED_EDGE('',*,*,#8820,.T.);
#8820 = EDGE_CURVE('',#8813,#8239,#8821,.T.);
#8821 = LINE('',#8822,#8823);
#8822 = CARTESIAN_POINT('',(2.05,1.7,1.07));
#8823 = VECTOR('',#8824,1.);
#8824 = DIRECTION('',(-1.,-1.110223024625E-16,0.));
#8825 = ORIENTED_EDGE('',*,*,#8826,.T.);
#8826 = EDGE_CURVE('',#8239,#8719,#8827,.T.);
#8827 = LINE('',#8828,#8829);
#8828 = CARTESIAN_POINT('',(2.05,1.7,1.07));
#8829 = VECTOR('',#8830,1.);
#8830 = DIRECTION('',(-1.,-1.110223024625E-16,0.));
#8831 = ORIENTED_EDGE('',*,*,#8718,.F.);
#8832 = ORIENTED_EDGE('',*,*,#7840,.F.);
#8833 = PLANE('',#8834);
#8834 = AXIS2_PLACEMENT_3D('',#8835,#8836,#8837);
#8835 = CARTESIAN_POINT('',(2.05,2.11,1.07));
#8836 = DIRECTION('',(0.,0.,-1.));
#8837 = DIRECTION('',(-1.,-1.110223024625E-16,-0.));
#8838 = ADVANCED_FACE('',(#8839),#8882,.F.);
#8839 = FACE_BOUND('',#8840,.F.);
#8840 = EDGE_LOOP('',(#8841,#8842,#8848,#8849,#8857,#8865,#8871,#8872,
    #8878,#8879,#8880,#8881));
#8841 = ORIENTED_EDGE('',*,*,#7942,.T.);
#8842 = ORIENTED_EDGE('',*,*,#8843,.T.);
#8843 = EDGE_CURVE('',#7935,#8565,#8844,.T.);
#8844 = LINE('',#8845,#8846);
#8845 = CARTESIAN_POINT('',(-2.05,-2.11,1.07));
#8846 = VECTOR('',#8847,1.);
#8847 = DIRECTION('',(1.,-1.144237745222E-17,0.));
#8848 = ORIENTED_EDGE('',*,*,#8562,.F.);
#8849 = ORIENTED_EDGE('',*,*,#8850,.F.);
#8850 = EDGE_CURVE('',#8851,#8563,#8853,.T.);
#8851 = VERTEX_POINT('',#8852);
#8852 = CARTESIAN_POINT('',(-1.7375,-2.3775,1.07));
#8853 = LINE('',#8854,#8855);
#8854 = CARTESIAN_POINT('',(-1.7375,-2.3775,1.07));
#8855 = VECTOR('',#8856,1.);
#8856 = DIRECTION('',(-0.707106781187,0.707106781187,0.));
#8857 = ORIENTED_EDGE('',*,*,#8858,.F.);
#8858 = EDGE_CURVE('',#8859,#8851,#8861,.T.);
#8859 = VERTEX_POINT('',#8860);
#8860 = CARTESIAN_POINT('',(1.7375,-2.3775,1.07));
#8861 = LINE('',#8862,#8863);
#8862 = CARTESIAN_POINT('',(1.7375,-2.3775,1.07));
#8863 = VECTOR('',#8864,1.);
#8864 = DIRECTION('',(-1.,-1.110223024625E-16,0.));
#8865 = ORIENTED_EDGE('',*,*,#8866,.F.);
#8866 = EDGE_CURVE('',#8775,#8859,#8867,.T.);
#8867 = LINE('',#8868,#8869);
#8868 = CARTESIAN_POINT('',(1.875,-2.24,1.07));
#8869 = VECTOR('',#8870,1.);
#8870 = DIRECTION('',(-0.707106781187,-0.707106781187,0.));
#8871 = ORIENTED_EDGE('',*,*,#8774,.F.);
#8872 = ORIENTED_EDGE('',*,*,#8873,.F.);
#8873 = EDGE_CURVE('',#8425,#8767,#8874,.T.);
#8874 = LINE('',#8875,#8876);
#8875 = CARTESIAN_POINT('',(2.05,-2.11,1.07));
#8876 = VECTOR('',#8877,1.);
#8877 = DIRECTION('',(-1.,-1.110223024625E-16,0.));
#8878 = ORIENTED_EDGE('',*,*,#8440,.T.);
#8879 = ORIENTED_EDGE('',*,*,#8485,.T.);
#8880 = ORIENTED_EDGE('',*,*,#8502,.T.);
#8881 = ORIENTED_EDGE('',*,*,#8456,.T.);
#8882 = PLANE('',#8883);
#8883 = AXIS2_PLACEMENT_3D('',#8884,#8885,#8886);
#8884 = CARTESIAN_POINT('',(-3.029853686583E-16,2.415,1.07));
#8885 = DIRECTION('',(1.056799485453E-32,2.825121699139E-27,-1.));
#8886 = DIRECTION('',(1.,1.115802992483E-16,1.056799485485E-32));
#8887 = ADVANCED_FACE('',(#8888),#8974,.F.);
#8888 = FACE_BOUND('',#8889,.F.);
#8889 = EDGE_LOOP('',(#8890,#8891,#8892,#8901,#8909,#8918,#8926,#8934,
    #8942,#8951,#8959,#8968));
#8890 = ORIENTED_EDGE('',*,*,#7934,.F.);
#8891 = ORIENTED_EDGE('',*,*,#7956,.T.);
#8892 = ORIENTED_EDGE('',*,*,#8893,.T.);
#8893 = EDGE_CURVE('',#7957,#8894,#8896,.T.);
#8894 = VERTEX_POINT('',#8895);
#8895 = CARTESIAN_POINT('',(-2.148480775301,-2.11,0.797364817767));
#8896 = CIRCLE('',#8897,0.1);
#8897 = AXIS2_PLACEMENT_3D('',#8898,#8899,#8900);
#8898 = CARTESIAN_POINT('',(-2.05,-2.11,0.78));
#8899 = DIRECTION('',(-1.144237745222E-17,-1.,-2.189528850508E-47));
#8900 = DIRECTION('',(4.440892098501E-15,-5.081436361563E-32,1.));
#8901 = ORIENTED_EDGE('',*,*,#8902,.T.);
#8902 = EDGE_CURVE('',#8894,#8903,#8905,.T.);
#8903 = VERTEX_POINT('',#8904);
#8904 = CARTESIAN_POINT('',(-2.240805972174,-2.11,0.239642028477));
#8905 = LINE('',#8906,#8907);
#8906 = CARTESIAN_POINT('',(-2.148480775301,-2.11,0.797364817767));
#8907 = VECTOR('',#8908,1.);
#8908 = DIRECTION('',(-0.163316988218,1.868734623548E-18,-0.986573647205
    ));
#8909 = ORIENTED_EDGE('',*,*,#8910,.T.);
#8910 = EDGE_CURVE('',#8903,#8911,#8913,.T.);
#8911 = VERTEX_POINT('',#8912);
#8912 = CARTESIAN_POINT('',(-2.526400220547,-2.11,-5.551115123126E-17));
#8913 = CIRCLE('',#8914,0.29);
#8914 = AXIS2_PLACEMENT_3D('',#8915,#8916,#8917);
#8915 = CARTESIAN_POINT('',(-2.526400220547,-2.11,0.29));
#8916 = DIRECTION('',(1.144237745222E-17,1.,-3.851859888774E-34));
#8917 = DIRECTION('',(0.984807753012,-1.126854202784E-17,-0.173648177667
    ));
#8918 = ORIENTED_EDGE('',*,*,#8919,.T.);
#8919 = EDGE_CURVE('',#8911,#8920,#8922,.T.);
#8920 = VERTEX_POINT('',#8921);
#8921 = CARTESIAN_POINT('',(-2.9975,-2.11,-5.551115123126E-17));
#8922 = LINE('',#8923,#8924);
#8923 = CARTESIAN_POINT('',(-2.526400220547,-2.11,-5.551115123126E-17));
#8924 = VECTOR('',#8925,1.);
#8925 = DIRECTION('',(-1.,1.144237745222E-17,0.));
#8926 = ORIENTED_EDGE('',*,*,#8927,.T.);
#8927 = EDGE_CURVE('',#8920,#8928,#8930,.T.);
#8928 = VERTEX_POINT('',#8929);
#8929 = CARTESIAN_POINT('',(-2.9975,-2.11,0.19));
#8930 = LINE('',#8931,#8932);
#8931 = CARTESIAN_POINT('',(-2.9975,-2.11,-5.551115123126E-17));
#8932 = VECTOR('',#8933,1.);
#8933 = DIRECTION('',(0.,0.,1.));
#8934 = ORIENTED_EDGE('',*,*,#8935,.T.);
#8935 = EDGE_CURVE('',#8928,#8936,#8938,.T.);
#8936 = VERTEX_POINT('',#8937);
#8937 = CARTESIAN_POINT('',(-2.526400220547,-2.11,0.19));
#8938 = LINE('',#8939,#8940);
#8939 = CARTESIAN_POINT('',(-2.9975,-2.11,0.19));
#8940 = VECTOR('',#8941,1.);
#8941 = DIRECTION('',(1.,-1.144237745222E-17,0.));
#8942 = ORIENTED_EDGE('',*,*,#8943,.T.);
#8943 = EDGE_CURVE('',#8936,#8944,#8946,.T.);
#8944 = VERTEX_POINT('',#8945);
#8945 = CARTESIAN_POINT('',(-2.427919445246,-2.11,0.272635182233));
#8946 = CIRCLE('',#8947,0.1);
#8947 = AXIS2_PLACEMENT_3D('',#8948,#8949,#8950);
#8948 = CARTESIAN_POINT('',(-2.526400220547,-2.11,0.29));
#8949 = DIRECTION('',(-1.144237745222E-17,-1.,-0.));
#8950 = DIRECTION('',(0.,0.,-1.));
#8951 = ORIENTED_EDGE('',*,*,#8952,.T.);
#8952 = EDGE_CURVE('',#8944,#8953,#8955,.T.);
#8953 = VERTEX_POINT('',#8954);
#8954 = CARTESIAN_POINT('',(-2.335594248374,-2.11,0.830357971523));
#8955 = LINE('',#8956,#8957);
#8956 = CARTESIAN_POINT('',(-2.427919445246,-2.11,0.272635182233));
#8957 = VECTOR('',#8958,1.);
#8958 = DIRECTION('',(0.163316988218,-1.868734623548E-18,0.986573647205)
  );
#8959 = ORIENTED_EDGE('',*,*,#8960,.T.);
#8960 = EDGE_CURVE('',#8953,#8961,#8963,.T.);
#8961 = VERTEX_POINT('',#8962);
#8962 = CARTESIAN_POINT('',(-2.05,-2.11,1.07));
#8963 = CIRCLE('',#8964,0.29);
#8964 = AXIS2_PLACEMENT_3D('',#8965,#8966,#8967);
#8965 = CARTESIAN_POINT('',(-2.05,-2.11,0.78));
#8966 = DIRECTION('',(1.144237745222E-17,1.,-1.155557966632E-33));
#8967 = DIRECTION('',(-0.984807753012,1.126854202784E-17,0.173648177667)
  );
#8968 = ORIENTED_EDGE('',*,*,#8969,.T.);
#8969 = EDGE_CURVE('',#8961,#7935,#8970,.T.);
#8970 = LINE('',#8971,#8972);
#8971 = CARTESIAN_POINT('',(-2.05,-2.11,1.07));
#8972 = VECTOR('',#8973,1.);
#8973 = DIRECTION('',(1.,-1.144237745222E-17,0.));
#8974 = PLANE('',#8975);
#8975 = AXIS2_PLACEMENT_3D('',#8976,#8977,#8978);
#8976 = CARTESIAN_POINT('',(-2.36428338358,-2.11,0.486745383416));
#8977 = DIRECTION('',(1.144237745222E-17,1.,0.));
#8978 = DIRECTION('',(0.,-0.,1.));
#8979 = ADVANCED_FACE('',(#8980),#8999,.F.);
#8980 = FACE_BOUND('',#8981,.F.);
#8981 = EDGE_LOOP('',(#8982,#8983,#8992,#8998));
#8982 = ORIENTED_EDGE('',*,*,#7973,.T.);
#8983 = ORIENTED_EDGE('',*,*,#8984,.T.);
#8984 = EDGE_CURVE('',#7966,#8985,#8987,.T.);
#8985 = VERTEX_POINT('',#8986);
#8986 = CARTESIAN_POINT('',(-2.148480775301,-1.7,0.797364817767));
#8987 = CIRCLE('',#8988,0.1);
#8988 = AXIS2_PLACEMENT_3D('',#8989,#8990,#8991);
#8989 = CARTESIAN_POINT('',(-2.05,-1.7,0.78));
#8990 = DIRECTION('',(-1.144237745222E-17,-1.,-2.189528850508E-47));
#8991 = DIRECTION('',(4.440892098501E-15,-5.081436361563E-32,1.));
#8992 = ORIENTED_EDGE('',*,*,#8993,.F.);
#8993 = EDGE_CURVE('',#8894,#8985,#8994,.T.);
#8994 = LINE('',#8995,#8996);
#8995 = CARTESIAN_POINT('',(-2.148480775301,-2.11,0.797364817767));
#8996 = VECTOR('',#8997,1.);
#8997 = DIRECTION('',(1.144237745222E-17,1.,0.));
#8998 = ORIENTED_EDGE('',*,*,#8893,.F.);
#8999 = CYLINDRICAL_SURFACE('',#9000,0.1);
#9000 = AXIS2_PLACEMENT_3D('',#9001,#9002,#9003);
#9001 = CARTESIAN_POINT('',(-2.05,-2.11,0.78));
#9002 = DIRECTION('',(-1.144237745222E-17,-1.,0.));
#9003 = DIRECTION('',(4.440892098501E-15,-5.081436361563E-32,1.));
#9004 = ADVANCED_FACE('',(#9005),#9083,.T.);
#9005 = FACE_BOUND('',#9006,.T.);
#9006 = EDGE_LOOP('',(#9007,#9008,#9009,#9010,#9018,#9027,#9035,#9043,
    #9051,#9060,#9068,#9077));
#9007 = ORIENTED_EDGE('',*,*,#7987,.F.);
#9008 = ORIENTED_EDGE('',*,*,#7965,.T.);
#9009 = ORIENTED_EDGE('',*,*,#8984,.T.);
#9010 = ORIENTED_EDGE('',*,*,#9011,.T.);
#9011 = EDGE_CURVE('',#8985,#9012,#9014,.T.);
#9012 = VERTEX_POINT('',#9013);
#9013 = CARTESIAN_POINT('',(-2.240805972174,-1.7,0.239642028477));
#9014 = LINE('',#9015,#9016);
#9015 = CARTESIAN_POINT('',(-2.148480775301,-1.7,0.797364817767));
#9016 = VECTOR('',#9017,1.);
#9017 = DIRECTION('',(-0.163316988218,1.868734623548E-18,-0.986573647205
    ));
#9018 = ORIENTED_EDGE('',*,*,#9019,.T.);
#9019 = EDGE_CURVE('',#9012,#9020,#9022,.T.);
#9020 = VERTEX_POINT('',#9021);
#9021 = CARTESIAN_POINT('',(-2.526400220547,-1.7,-5.551115123126E-17));
#9022 = CIRCLE('',#9023,0.29);
#9023 = AXIS2_PLACEMENT_3D('',#9024,#9025,#9026);
#9024 = CARTESIAN_POINT('',(-2.526400220547,-1.7,0.29));
#9025 = DIRECTION('',(1.144237745222E-17,1.,-3.851859888774E-34));
#9026 = DIRECTION('',(0.984807753012,-1.126854202784E-17,-0.173648177667
    ));
#9027 = ORIENTED_EDGE('',*,*,#9028,.T.);
#9028 = EDGE_CURVE('',#9020,#9029,#9031,.T.);
#9029 = VERTEX_POINT('',#9030);
#9030 = CARTESIAN_POINT('',(-2.9975,-1.7,-5.551115123126E-17));
#9031 = LINE('',#9032,#9033);
#9032 = CARTESIAN_POINT('',(-2.526400220547,-1.7,-5.551115123126E-17));
#9033 = VECTOR('',#9034,1.);
#9034 = DIRECTION('',(-1.,1.144237745222E-17,0.));
#9035 = ORIENTED_EDGE('',*,*,#9036,.T.);
#9036 = EDGE_CURVE('',#9029,#9037,#9039,.T.);
#9037 = VERTEX_POINT('',#9038);
#9038 = CARTESIAN_POINT('',(-2.9975,-1.7,0.19));
#9039 = LINE('',#9040,#9041);
#9040 = CARTESIAN_POINT('',(-2.9975,-1.7,-5.551115123126E-17));
#9041 = VECTOR('',#9042,1.);
#9042 = DIRECTION('',(0.,0.,1.));
#9043 = ORIENTED_EDGE('',*,*,#9044,.T.);
#9044 = EDGE_CURVE('',#9037,#9045,#9047,.T.);
#9045 = VERTEX_POINT('',#9046);
#9046 = CARTESIAN_POINT('',(-2.526400220547,-1.7,0.19));
#9047 = LINE('',#9048,#9049);
#9048 = CARTESIAN_POINT('',(-2.9975,-1.7,0.19));
#9049 = VECTOR('',#9050,1.);
#9050 = DIRECTION('',(1.,-1.144237745222E-17,0.));
#9051 = ORIENTED_EDGE('',*,*,#9052,.T.);
#9052 = EDGE_CURVE('',#9045,#9053,#9055,.T.);
#9053 = VERTEX_POINT('',#9054);
#9054 = CARTESIAN_POINT('',(-2.427919445246,-1.7,0.272635182233));
#9055 = CIRCLE('',#9056,0.1);
#9056 = AXIS2_PLACEMENT_3D('',#9057,#9058,#9059);
#9057 = CARTESIAN_POINT('',(-2.526400220547,-1.7,0.29));
#9058 = DIRECTION('',(-1.144237745222E-17,-1.,-0.));
#9059 = DIRECTION('',(0.,0.,-1.));
#9060 = ORIENTED_EDGE('',*,*,#9061,.T.);
#9061 = EDGE_CURVE('',#9053,#9062,#9064,.T.);
#9062 = VERTEX_POINT('',#9063);
#9063 = CARTESIAN_POINT('',(-2.335594248374,-1.7,0.830357971523));
#9064 = LINE('',#9065,#9066);
#9065 = CARTESIAN_POINT('',(-2.427919445246,-1.7,0.272635182233));
#9066 = VECTOR('',#9067,1.);
#9067 = DIRECTION('',(0.163316988218,-1.868734623548E-18,0.986573647205)
  );
#9068 = ORIENTED_EDGE('',*,*,#9069,.T.);
#9069 = EDGE_CURVE('',#9062,#9070,#9072,.T.);
#9070 = VERTEX_POINT('',#9071);
#9071 = CARTESIAN_POINT('',(-2.05,-1.7,1.07));
#9072 = CIRCLE('',#9073,0.29);
#9073 = AXIS2_PLACEMENT_3D('',#9074,#9075,#9076);
#9074 = CARTESIAN_POINT('',(-2.05,-1.7,0.78));
#9075 = DIRECTION('',(1.144237745222E-17,1.,-1.155557966632E-33));
#9076 = DIRECTION('',(-0.984807753012,1.126854202784E-17,0.173648177667)
  );
#9077 = ORIENTED_EDGE('',*,*,#9078,.T.);
#9078 = EDGE_CURVE('',#9070,#7988,#9079,.T.);
#9079 = LINE('',#9080,#9081);
#9080 = CARTESIAN_POINT('',(-2.05,-1.7,1.07));
#9081 = VECTOR('',#9082,1.);
#9082 = DIRECTION('',(1.,-1.144237745222E-17,0.));
#9083 = PLANE('',#9084);
#9084 = AXIS2_PLACEMENT_3D('',#9085,#9086,#9087);
#9085 = CARTESIAN_POINT('',(-2.36428338358,-1.7,0.486745383416));
#9086 = DIRECTION('',(1.144237745222E-17,1.,0.));
#9087 = DIRECTION('',(0.,-0.,1.));
#9088 = ADVANCED_FACE('',(#9089),#9105,.F.);
#9089 = FACE_BOUND('',#9090,.F.);
#9090 = EDGE_LOOP('',(#9091,#9092,#9098,#9099));
#9091 = ORIENTED_EDGE('',*,*,#8004,.T.);
#9092 = ORIENTED_EDGE('',*,*,#9093,.T.);
#9093 = EDGE_CURVE('',#7997,#8581,#9094,.T.);
#9094 = LINE('',#9095,#9096);
#9095 = CARTESIAN_POINT('',(-2.05,-0.84,1.07));
#9096 = VECTOR('',#9097,1.);
#9097 = DIRECTION('',(1.,-1.144237745222E-17,0.));
#9098 = ORIENTED_EDGE('',*,*,#8580,.F.);
#9099 = ORIENTED_EDGE('',*,*,#9100,.F.);
#9100 = EDGE_CURVE('',#7988,#8573,#9101,.T.);
#9101 = LINE('',#9102,#9103);
#9102 = CARTESIAN_POINT('',(-2.05,-1.7,1.07));
#9103 = VECTOR('',#9104,1.);
#9104 = DIRECTION('',(1.,-1.144237745222E-17,0.));
#9105 = PLANE('',#9106);
#9106 = AXIS2_PLACEMENT_3D('',#9107,#9108,#9109);
#9107 = CARTESIAN_POINT('',(-3.029853686583E-16,2.415,1.07));
#9108 = DIRECTION('',(1.056799485453E-32,2.825121699139E-27,-1.));
#9109 = DIRECTION('',(1.,1.115802992483E-16,1.056799485485E-32));
#9110 = ADVANCED_FACE('',(#9111),#9197,.F.);
#9111 = FACE_BOUND('',#9112,.F.);
#9112 = EDGE_LOOP('',(#9113,#9114,#9115,#9124,#9132,#9141,#9149,#9157,
    #9165,#9174,#9182,#9191));
#9113 = ORIENTED_EDGE('',*,*,#7996,.F.);
#9114 = ORIENTED_EDGE('',*,*,#8018,.T.);
#9115 = ORIENTED_EDGE('',*,*,#9116,.T.);
#9116 = EDGE_CURVE('',#8019,#9117,#9119,.T.);
#9117 = VERTEX_POINT('',#9118);
#9118 = CARTESIAN_POINT('',(-2.148480775301,-0.84,0.797364817767));
#9119 = CIRCLE('',#9120,0.1);
#9120 = AXIS2_PLACEMENT_3D('',#9121,#9122,#9123);
#9121 = CARTESIAN_POINT('',(-2.05,-0.84,0.78));
#9122 = DIRECTION('',(-1.144237745222E-17,-1.,-2.189528850508E-47));
#9123 = DIRECTION('',(4.440892098501E-15,-5.081436361563E-32,1.));
#9124 = ORIENTED_EDGE('',*,*,#9125,.T.);
#9125 = EDGE_CURVE('',#9117,#9126,#9128,.T.);
#9126 = VERTEX_POINT('',#9127);
#9127 = CARTESIAN_POINT('',(-2.240805972174,-0.84,0.239642028477));
#9128 = LINE('',#9129,#9130);
#9129 = CARTESIAN_POINT('',(-2.148480775301,-0.84,0.797364817767));
#9130 = VECTOR('',#9131,1.);
#9131 = DIRECTION('',(-0.163316988218,1.868734623548E-18,-0.986573647205
    ));
#9132 = ORIENTED_EDGE('',*,*,#9133,.T.);
#9133 = EDGE_CURVE('',#9126,#9134,#9136,.T.);
#9134 = VERTEX_POINT('',#9135);
#9135 = CARTESIAN_POINT('',(-2.526400220547,-0.84,-5.551115123126E-17));
#9136 = CIRCLE('',#9137,0.29);
#9137 = AXIS2_PLACEMENT_3D('',#9138,#9139,#9140);
#9138 = CARTESIAN_POINT('',(-2.526400220547,-0.84,0.29));
#9139 = DIRECTION('',(1.144237745222E-17,1.,-3.851859888774E-34));
#9140 = DIRECTION('',(0.984807753012,-1.126854202784E-17,-0.173648177667
    ));
#9141 = ORIENTED_EDGE('',*,*,#9142,.T.);
#9142 = EDGE_CURVE('',#9134,#9143,#9145,.T.);
#9143 = VERTEX_POINT('',#9144);
#9144 = CARTESIAN_POINT('',(-2.9975,-0.84,-5.551115123126E-17));
#9145 = LINE('',#9146,#9147);
#9146 = CARTESIAN_POINT('',(-2.526400220547,-0.84,-5.551115123126E-17));
#9147 = VECTOR('',#9148,1.);
#9148 = DIRECTION('',(-1.,1.144237745222E-17,0.));
#9149 = ORIENTED_EDGE('',*,*,#9150,.T.);
#9150 = EDGE_CURVE('',#9143,#9151,#9153,.T.);
#9151 = VERTEX_POINT('',#9152);
#9152 = CARTESIAN_POINT('',(-2.9975,-0.84,0.19));
#9153 = LINE('',#9154,#9155);
#9154 = CARTESIAN_POINT('',(-2.9975,-0.84,-5.551115123126E-17));
#9155 = VECTOR('',#9156,1.);
#9156 = DIRECTION('',(0.,0.,1.));
#9157 = ORIENTED_EDGE('',*,*,#9158,.T.);
#9158 = EDGE_CURVE('',#9151,#9159,#9161,.T.);
#9159 = VERTEX_POINT('',#9160);
#9160 = CARTESIAN_POINT('',(-2.526400220547,-0.84,0.19));
#9161 = LINE('',#9162,#9163);
#9162 = CARTESIAN_POINT('',(-2.9975,-0.84,0.19));
#9163 = VECTOR('',#9164,1.);
#9164 = DIRECTION('',(1.,-1.144237745222E-17,0.));
#9165 = ORIENTED_EDGE('',*,*,#9166,.T.);
#9166 = EDGE_CURVE('',#9159,#9167,#9169,.T.);
#9167 = VERTEX_POINT('',#9168);
#9168 = CARTESIAN_POINT('',(-2.427919445246,-0.84,0.272635182233));
#9169 = CIRCLE('',#9170,0.1);
#9170 = AXIS2_PLACEMENT_3D('',#9171,#9172,#9173);
#9171 = CARTESIAN_POINT('',(-2.526400220547,-0.84,0.29));
#9172 = DIRECTION('',(-1.144237745222E-17,-1.,-0.));
#9173 = DIRECTION('',(0.,0.,-1.));
#9174 = ORIENTED_EDGE('',*,*,#9175,.T.);
#9175 = EDGE_CURVE('',#9167,#9176,#9178,.T.);
#9176 = VERTEX_POINT('',#9177);
#9177 = CARTESIAN_POINT('',(-2.335594248374,-0.84,0.830357971523));
#9178 = LINE('',#9179,#9180);
#9179 = CARTESIAN_POINT('',(-2.427919445246,-0.84,0.272635182233));
#9180 = VECTOR('',#9181,1.);
#9181 = DIRECTION('',(0.163316988218,-1.868734623548E-18,0.986573647205)
  );
#9182 = ORIENTED_EDGE('',*,*,#9183,.T.);
#9183 = EDGE_CURVE('',#9176,#9184,#9186,.T.);
#9184 = VERTEX_POINT('',#9185);
#9185 = CARTESIAN_POINT('',(-2.05,-0.84,1.07));
#9186 = CIRCLE('',#9187,0.29);
#9187 = AXIS2_PLACEMENT_3D('',#9188,#9189,#9190);
#9188 = CARTESIAN_POINT('',(-2.05,-0.84,0.78));
#9189 = DIRECTION('',(1.144237745222E-17,1.,-1.155557966632E-33));
#9190 = DIRECTION('',(-0.984807753012,1.126854202784E-17,0.173648177667)
  );
#9191 = ORIENTED_EDGE('',*,*,#9192,.T.);
#9192 = EDGE_CURVE('',#9184,#7997,#9193,.T.);
#9193 = LINE('',#9194,#9195);
#9194 = CARTESIAN_POINT('',(-2.05,-0.84,1.07));
#9195 = VECTOR('',#9196,1.);
#9196 = DIRECTION('',(1.,-1.144237745222E-17,0.));
#9197 = PLANE('',#9198);
#9198 = AXIS2_PLACEMENT_3D('',#9199,#9200,#9201);
#9199 = CARTESIAN_POINT('',(-2.36428338358,-0.84,0.486745383416));
#9200 = DIRECTION('',(1.144237745222E-17,1.,0.));
#9201 = DIRECTION('',(0.,-0.,1.));
#9202 = ADVANCED_FACE('',(#9203),#9222,.F.);
#9203 = FACE_BOUND('',#9204,.F.);
#9204 = EDGE_LOOP('',(#9205,#9206,#9215,#9221));
#9205 = ORIENTED_EDGE('',*,*,#8035,.T.);
#9206 = ORIENTED_EDGE('',*,*,#9207,.T.);
#9207 = EDGE_CURVE('',#8028,#9208,#9210,.T.);
#9208 = VERTEX_POINT('',#9209);
#9209 = CARTESIAN_POINT('',(-2.148480775301,-0.43,0.797364817767));
#9210 = CIRCLE('',#9211,0.1);
#9211 = AXIS2_PLACEMENT_3D('',#9212,#9213,#9214);
#9212 = CARTESIAN_POINT('',(-2.05,-0.43,0.78));
#9213 = DIRECTION('',(-1.144237745222E-17,-1.,-2.189528850508E-47));
#9214 = DIRECTION('',(4.440892098501E-15,-5.081436361563E-32,1.));
#9215 = ORIENTED_EDGE('',*,*,#9216,.F.);
#9216 = EDGE_CURVE('',#9117,#9208,#9217,.T.);
#9217 = LINE('',#9218,#9219);
#9218 = CARTESIAN_POINT('',(-2.148480775301,-0.84,0.797364817767));
#9219 = VECTOR('',#9220,1.);
#9220 = DIRECTION('',(1.144237745222E-17,1.,0.));
#9221 = ORIENTED_EDGE('',*,*,#9116,.F.);
#9222 = CYLINDRICAL_SURFACE('',#9223,0.1);
#9223 = AXIS2_PLACEMENT_3D('',#9224,#9225,#9226);
#9224 = CARTESIAN_POINT('',(-2.05,-0.84,0.78));
#9225 = DIRECTION('',(-1.144237745222E-17,-1.,0.));
#9226 = DIRECTION('',(4.440892098501E-15,-5.081436361563E-32,1.));
#9227 = ADVANCED_FACE('',(#9228),#9306,.T.);
#9228 = FACE_BOUND('',#9229,.T.);
#9229 = EDGE_LOOP('',(#9230,#9231,#9232,#9233,#9241,#9250,#9258,#9266,
    #9274,#9283,#9291,#9300));
#9230 = ORIENTED_EDGE('',*,*,#8049,.F.);
#9231 = ORIENTED_EDGE('',*,*,#8027,.T.);
#9232 = ORIENTED_EDGE('',*,*,#9207,.T.);
#9233 = ORIENTED_EDGE('',*,*,#9234,.T.);
#9234 = EDGE_CURVE('',#9208,#9235,#9237,.T.);
#9235 = VERTEX_POINT('',#9236);
#9236 = CARTESIAN_POINT('',(-2.240805972174,-0.43,0.239642028477));
#9237 = LINE('',#9238,#9239);
#9238 = CARTESIAN_POINT('',(-2.148480775301,-0.43,0.797364817767));
#9239 = VECTOR('',#9240,1.);
#9240 = DIRECTION('',(-0.163316988218,1.868734623548E-18,-0.986573647205
    ));
#9241 = ORIENTED_EDGE('',*,*,#9242,.T.);
#9242 = EDGE_CURVE('',#9235,#9243,#9245,.T.);
#9243 = VERTEX_POINT('',#9244);
#9244 = CARTESIAN_POINT('',(-2.526400220547,-0.43,-5.551115123126E-17));
#9245 = CIRCLE('',#9246,0.29);
#9246 = AXIS2_PLACEMENT_3D('',#9247,#9248,#9249);
#9247 = CARTESIAN_POINT('',(-2.526400220547,-0.43,0.29));
#9248 = DIRECTION('',(1.144237745222E-17,1.,-3.851859888774E-34));
#9249 = DIRECTION('',(0.984807753012,-1.126854202784E-17,-0.173648177667
    ));
#9250 = ORIENTED_EDGE('',*,*,#9251,.T.);
#9251 = EDGE_CURVE('',#9243,#9252,#9254,.T.);
#9252 = VERTEX_POINT('',#9253);
#9253 = CARTESIAN_POINT('',(-2.9975,-0.43,-5.551115123126E-17));
#9254 = LINE('',#9255,#9256);
#9255 = CARTESIAN_POINT('',(-2.526400220547,-0.43,-5.551115123126E-17));
#9256 = VECTOR('',#9257,1.);
#9257 = DIRECTION('',(-1.,1.144237745222E-17,0.));
#9258 = ORIENTED_EDGE('',*,*,#9259,.T.);
#9259 = EDGE_CURVE('',#9252,#9260,#9262,.T.);
#9260 = VERTEX_POINT('',#9261);
#9261 = CARTESIAN_POINT('',(-2.9975,-0.43,0.19));
#9262 = LINE('',#9263,#9264);
#9263 = CARTESIAN_POINT('',(-2.9975,-0.43,-5.551115123126E-17));
#9264 = VECTOR('',#9265,1.);
#9265 = DIRECTION('',(0.,0.,1.));
#9266 = ORIENTED_EDGE('',*,*,#9267,.T.);
#9267 = EDGE_CURVE('',#9260,#9268,#9270,.T.);
#9268 = VERTEX_POINT('',#9269);
#9269 = CARTESIAN_POINT('',(-2.526400220547,-0.43,0.19));
#9270 = LINE('',#9271,#9272);
#9271 = CARTESIAN_POINT('',(-2.9975,-0.43,0.19));
#9272 = VECTOR('',#9273,1.);
#9273 = DIRECTION('',(1.,-1.144237745222E-17,0.));
#9274 = ORIENTED_EDGE('',*,*,#9275,.T.);
#9275 = EDGE_CURVE('',#9268,#9276,#9278,.T.);
#9276 = VERTEX_POINT('',#9277);
#9277 = CARTESIAN_POINT('',(-2.427919445246,-0.43,0.272635182233));
#9278 = CIRCLE('',#9279,0.1);
#9279 = AXIS2_PLACEMENT_3D('',#9280,#9281,#9282);
#9280 = CARTESIAN_POINT('',(-2.526400220547,-0.43,0.29));
#9281 = DIRECTION('',(-1.144237745222E-17,-1.,-0.));
#9282 = DIRECTION('',(0.,0.,-1.));
#9283 = ORIENTED_EDGE('',*,*,#9284,.T.);
#9284 = EDGE_CURVE('',#9276,#9285,#9287,.T.);
#9285 = VERTEX_POINT('',#9286);
#9286 = CARTESIAN_POINT('',(-2.335594248374,-0.43,0.830357971523));
#9287 = LINE('',#9288,#9289);
#9288 = CARTESIAN_POINT('',(-2.427919445246,-0.43,0.272635182233));
#9289 = VECTOR('',#9290,1.);
#9290 = DIRECTION('',(0.163316988218,-1.868734623548E-18,0.986573647205)
  );
#9291 = ORIENTED_EDGE('',*,*,#9292,.T.);
#9292 = EDGE_CURVE('',#9285,#9293,#9295,.T.);
#9293 = VERTEX_POINT('',#9294);
#9294 = CARTESIAN_POINT('',(-2.05,-0.43,1.07));
#9295 = CIRCLE('',#9296,0.29);
#9296 = AXIS2_PLACEMENT_3D('',#9297,#9298,#9299);
#9297 = CARTESIAN_POINT('',(-2.05,-0.43,0.78));
#9298 = DIRECTION('',(1.144237745222E-17,1.,-1.155557966632E-33));
#9299 = DIRECTION('',(-0.984807753012,1.126854202784E-17,0.173648177667)
  );
#9300 = ORIENTED_EDGE('',*,*,#9301,.T.);
#9301 = EDGE_CURVE('',#9293,#8050,#9302,.T.);
#9302 = LINE('',#9303,#9304);
#9303 = CARTESIAN_POINT('',(-2.05,-0.43,1.07));
#9304 = VECTOR('',#9305,1.);
#9305 = DIRECTION('',(1.,-1.144237745222E-17,0.));
#9306 = PLANE('',#9307);
#9307 = AXIS2_PLACEMENT_3D('',#9308,#9309,#9310);
#9308 = CARTESIAN_POINT('',(-2.36428338358,-0.43,0.486745383416));
#9309 = DIRECTION('',(1.144237745222E-17,1.,0.));
#9310 = DIRECTION('',(0.,-0.,1.));
#9311 = ADVANCED_FACE('',(#9312),#9328,.F.);
#9312 = FACE_BOUND('',#9313,.F.);
#9313 = EDGE_LOOP('',(#9314,#9315,#9321,#9322));
#9314 = ORIENTED_EDGE('',*,*,#8066,.T.);
#9315 = ORIENTED_EDGE('',*,*,#9316,.T.);
#9316 = EDGE_CURVE('',#8059,#8597,#9317,.T.);
#9317 = LINE('',#9318,#9319);
#9318 = CARTESIAN_POINT('',(-2.05,0.43,1.07));
#9319 = VECTOR('',#9320,1.);
#9320 = DIRECTION('',(1.,-1.144237745222E-17,0.));
#9321 = ORIENTED_EDGE('',*,*,#8596,.F.);
#9322 = ORIENTED_EDGE('',*,*,#9323,.F.);
#9323 = EDGE_CURVE('',#8050,#8589,#9324,.T.);
#9324 = LINE('',#9325,#9326);
#9325 = CARTESIAN_POINT('',(-2.05,-0.43,1.07));
#9326 = VECTOR('',#9327,1.);
#9327 = DIRECTION('',(1.,-1.144237745222E-17,0.));
#9328 = PLANE('',#9329);
#9329 = AXIS2_PLACEMENT_3D('',#9330,#9331,#9332);
#9330 = CARTESIAN_POINT('',(-3.029853686583E-16,2.415,1.07));
#9331 = DIRECTION('',(1.056799485453E-32,2.825121699139E-27,-1.));
#9332 = DIRECTION('',(1.,1.115802992483E-16,1.056799485485E-32));
#9333 = ADVANCED_FACE('',(#9334),#9420,.F.);
#9334 = FACE_BOUND('',#9335,.F.);
#9335 = EDGE_LOOP('',(#9336,#9337,#9338,#9347,#9355,#9364,#9372,#9380,
    #9388,#9397,#9405,#9414));
#9336 = ORIENTED_EDGE('',*,*,#8058,.F.);
#9337 = ORIENTED_EDGE('',*,*,#8080,.T.);
#9338 = ORIENTED_EDGE('',*,*,#9339,.T.);
#9339 = EDGE_CURVE('',#8081,#9340,#9342,.T.);
#9340 = VERTEX_POINT('',#9341);
#9341 = CARTESIAN_POINT('',(-2.148480775301,0.43,0.797364817767));
#9342 = CIRCLE('',#9343,0.1);
#9343 = AXIS2_PLACEMENT_3D('',#9344,#9345,#9346);
#9344 = CARTESIAN_POINT('',(-2.05,0.43,0.78));
#9345 = DIRECTION('',(-1.144237745222E-17,-1.,-2.189528850508E-47));
#9346 = DIRECTION('',(4.440892098501E-15,-5.081436361563E-32,1.));
#9347 = ORIENTED_EDGE('',*,*,#9348,.T.);
#9348 = EDGE_CURVE('',#9340,#9349,#9351,.T.);
#9349 = VERTEX_POINT('',#9350);
#9350 = CARTESIAN_POINT('',(-2.240805972174,0.43,0.239642028477));
#9351 = LINE('',#9352,#9353);
#9352 = CARTESIAN_POINT('',(-2.148480775301,0.43,0.797364817767));
#9353 = VECTOR('',#9354,1.);
#9354 = DIRECTION('',(-0.163316988218,1.868734623548E-18,-0.986573647205
    ));
#9355 = ORIENTED_EDGE('',*,*,#9356,.T.);
#9356 = EDGE_CURVE('',#9349,#9357,#9359,.T.);
#9357 = VERTEX_POINT('',#9358);
#9358 = CARTESIAN_POINT('',(-2.526400220547,0.43,-5.551115123126E-17));
#9359 = CIRCLE('',#9360,0.29);
#9360 = AXIS2_PLACEMENT_3D('',#9361,#9362,#9363);
#9361 = CARTESIAN_POINT('',(-2.526400220547,0.43,0.29));
#9362 = DIRECTION('',(1.144237745222E-17,1.,-3.851859888774E-34));
#9363 = DIRECTION('',(0.984807753012,-1.126854202784E-17,-0.173648177667
    ));
#9364 = ORIENTED_EDGE('',*,*,#9365,.T.);
#9365 = EDGE_CURVE('',#9357,#9366,#9368,.T.);
#9366 = VERTEX_POINT('',#9367);
#9367 = CARTESIAN_POINT('',(-2.9975,0.43,-5.551115123126E-17));
#9368 = LINE('',#9369,#9370);
#9369 = CARTESIAN_POINT('',(-2.526400220547,0.43,-5.551115123126E-17));
#9370 = VECTOR('',#9371,1.);
#9371 = DIRECTION('',(-1.,1.144237745222E-17,0.));
#9372 = ORIENTED_EDGE('',*,*,#9373,.T.);
#9373 = EDGE_CURVE('',#9366,#9374,#9376,.T.);
#9374 = VERTEX_POINT('',#9375);
#9375 = CARTESIAN_POINT('',(-2.9975,0.43,0.19));
#9376 = LINE('',#9377,#9378);
#9377 = CARTESIAN_POINT('',(-2.9975,0.43,-5.551115123126E-17));
#9378 = VECTOR('',#9379,1.);
#9379 = DIRECTION('',(0.,0.,1.));
#9380 = ORIENTED_EDGE('',*,*,#9381,.T.);
#9381 = EDGE_CURVE('',#9374,#9382,#9384,.T.);
#9382 = VERTEX_POINT('',#9383);
#9383 = CARTESIAN_POINT('',(-2.526400220547,0.43,0.19));
#9384 = LINE('',#9385,#9386);
#9385 = CARTESIAN_POINT('',(-2.9975,0.43,0.19));
#9386 = VECTOR('',#9387,1.);
#9387 = DIRECTION('',(1.,-1.144237745222E-17,0.));
#9388 = ORIENTED_EDGE('',*,*,#9389,.T.);
#9389 = EDGE_CURVE('',#9382,#9390,#9392,.T.);
#9390 = VERTEX_POINT('',#9391);
#9391 = CARTESIAN_POINT('',(-2.427919445246,0.43,0.272635182233));
#9392 = CIRCLE('',#9393,0.1);
#9393 = AXIS2_PLACEMENT_3D('',#9394,#9395,#9396);
#9394 = CARTESIAN_POINT('',(-2.526400220547,0.43,0.29));
#9395 = DIRECTION('',(-1.144237745222E-17,-1.,-0.));
#9396 = DIRECTION('',(0.,0.,-1.));
#9397 = ORIENTED_EDGE('',*,*,#9398,.T.);
#9398 = EDGE_CURVE('',#9390,#9399,#9401,.T.);
#9399 = VERTEX_POINT('',#9400);
#9400 = CARTESIAN_POINT('',(-2.335594248374,0.43,0.830357971523));
#9401 = LINE('',#9402,#9403);
#9402 = CARTESIAN_POINT('',(-2.427919445246,0.43,0.272635182233));
#9403 = VECTOR('',#9404,1.);
#9404 = DIRECTION('',(0.163316988218,-1.868734623548E-18,0.986573647205)
  );
#9405 = ORIENTED_EDGE('',*,*,#9406,.T.);
#9406 = EDGE_CURVE('',#9399,#9407,#9409,.T.);
#9407 = VERTEX_POINT('',#9408);
#9408 = CARTESIAN_POINT('',(-2.05,0.43,1.07));
#9409 = CIRCLE('',#9410,0.29);
#9410 = AXIS2_PLACEMENT_3D('',#9411,#9412,#9413);
#9411 = CARTESIAN_POINT('',(-2.05,0.43,0.78));
#9412 = DIRECTION('',(1.144237745222E-17,1.,-1.155557966632E-33));
#9413 = DIRECTION('',(-0.984807753012,1.126854202784E-17,0.173648177667)
  );
#9414 = ORIENTED_EDGE('',*,*,#9415,.T.);
#9415 = EDGE_CURVE('',#9407,#8059,#9416,.T.);
#9416 = LINE('',#9417,#9418);
#9417 = CARTESIAN_POINT('',(-2.05,0.43,1.07));
#9418 = VECTOR('',#9419,1.);
#9419 = DIRECTION('',(1.,-1.144237745222E-17,0.));
#9420 = PLANE('',#9421);
#9421 = AXIS2_PLACEMENT_3D('',#9422,#9423,#9424);
#9422 = CARTESIAN_POINT('',(-2.36428338358,0.43,0.486745383416));
#9423 = DIRECTION('',(1.144237745222E-17,1.,0.));
#9424 = DIRECTION('',(0.,-0.,1.));
#9425 = ADVANCED_FACE('',(#9426),#9445,.F.);
#9426 = FACE_BOUND('',#9427,.F.);
#9427 = EDGE_LOOP('',(#9428,#9429,#9438,#9444));
#9428 = ORIENTED_EDGE('',*,*,#8097,.T.);
#9429 = ORIENTED_EDGE('',*,*,#9430,.T.);
#9430 = EDGE_CURVE('',#8090,#9431,#9433,.T.);
#9431 = VERTEX_POINT('',#9432);
#9432 = CARTESIAN_POINT('',(-2.148480775301,0.84,0.797364817767));
#9433 = CIRCLE('',#9434,0.1);
#9434 = AXIS2_PLACEMENT_3D('',#9435,#9436,#9437);
#9435 = CARTESIAN_POINT('',(-2.05,0.84,0.78));
#9436 = DIRECTION('',(-1.144237745222E-17,-1.,-2.189528850508E-47));
#9437 = DIRECTION('',(4.440892098501E-15,-5.081436361563E-32,1.));
#9438 = ORIENTED_EDGE('',*,*,#9439,.F.);
#9439 = EDGE_CURVE('',#9340,#9431,#9440,.T.);
#9440 = LINE('',#9441,#9442);
#9441 = CARTESIAN_POINT('',(-2.148480775301,0.43,0.797364817767));
#9442 = VECTOR('',#9443,1.);
#9443 = DIRECTION('',(1.144237745222E-17,1.,0.));
#9444 = ORIENTED_EDGE('',*,*,#9339,.F.);
#9445 = CYLINDRICAL_SURFACE('',#9446,0.1);
#9446 = AXIS2_PLACEMENT_3D('',#9447,#9448,#9449);
#9447 = CARTESIAN_POINT('',(-2.05,0.43,0.78));
#9448 = DIRECTION('',(-1.144237745222E-17,-1.,0.));
#9449 = DIRECTION('',(4.440892098501E-15,-5.081436361563E-32,1.));
#9450 = ADVANCED_FACE('',(#9451),#9529,.T.);
#9451 = FACE_BOUND('',#9452,.T.);
#9452 = EDGE_LOOP('',(#9453,#9454,#9455,#9456,#9464,#9473,#9481,#9489,
    #9497,#9506,#9514,#9523));
#9453 = ORIENTED_EDGE('',*,*,#8111,.F.);
#9454 = ORIENTED_EDGE('',*,*,#8089,.T.);
#9455 = ORIENTED_EDGE('',*,*,#9430,.T.);
#9456 = ORIENTED_EDGE('',*,*,#9457,.T.);
#9457 = EDGE_CURVE('',#9431,#9458,#9460,.T.);
#9458 = VERTEX_POINT('',#9459);
#9459 = CARTESIAN_POINT('',(-2.240805972174,0.84,0.239642028477));
#9460 = LINE('',#9461,#9462);
#9461 = CARTESIAN_POINT('',(-2.148480775301,0.84,0.797364817767));
#9462 = VECTOR('',#9463,1.);
#9463 = DIRECTION('',(-0.163316988218,1.868734623548E-18,-0.986573647205
    ));
#9464 = ORIENTED_EDGE('',*,*,#9465,.T.);
#9465 = EDGE_CURVE('',#9458,#9466,#9468,.T.);
#9466 = VERTEX_POINT('',#9467);
#9467 = CARTESIAN_POINT('',(-2.526400220547,0.84,-5.551115123126E-17));
#9468 = CIRCLE('',#9469,0.29);
#9469 = AXIS2_PLACEMENT_3D('',#9470,#9471,#9472);
#9470 = CARTESIAN_POINT('',(-2.526400220547,0.84,0.29));
#9471 = DIRECTION('',(1.144237745222E-17,1.,-3.851859888774E-34));
#9472 = DIRECTION('',(0.984807753012,-1.126854202784E-17,-0.173648177667
    ));
#9473 = ORIENTED_EDGE('',*,*,#9474,.T.);
#9474 = EDGE_CURVE('',#9466,#9475,#9477,.T.);
#9475 = VERTEX_POINT('',#9476);
#9476 = CARTESIAN_POINT('',(-2.9975,0.84,-5.551115123126E-17));
#9477 = LINE('',#9478,#9479);
#9478 = CARTESIAN_POINT('',(-2.526400220547,0.84,-5.551115123126E-17));
#9479 = VECTOR('',#9480,1.);
#9480 = DIRECTION('',(-1.,1.144237745222E-17,0.));
#9481 = ORIENTED_EDGE('',*,*,#9482,.T.);
#9482 = EDGE_CURVE('',#9475,#9483,#9485,.T.);
#9483 = VERTEX_POINT('',#9484);
#9484 = CARTESIAN_POINT('',(-2.9975,0.84,0.19));
#9485 = LINE('',#9486,#9487);
#9486 = CARTESIAN_POINT('',(-2.9975,0.84,-5.551115123126E-17));
#9487 = VECTOR('',#9488,1.);
#9488 = DIRECTION('',(0.,0.,1.));
#9489 = ORIENTED_EDGE('',*,*,#9490,.T.);
#9490 = EDGE_CURVE('',#9483,#9491,#9493,.T.);
#9491 = VERTEX_POINT('',#9492);
#9492 = CARTESIAN_POINT('',(-2.526400220547,0.84,0.19));
#9493 = LINE('',#9494,#9495);
#9494 = CARTESIAN_POINT('',(-2.9975,0.84,0.19));
#9495 = VECTOR('',#9496,1.);
#9496 = DIRECTION('',(1.,-1.144237745222E-17,0.));
#9497 = ORIENTED_EDGE('',*,*,#9498,.T.);
#9498 = EDGE_CURVE('',#9491,#9499,#9501,.T.);
#9499 = VERTEX_POINT('',#9500);
#9500 = CARTESIAN_POINT('',(-2.427919445246,0.84,0.272635182233));
#9501 = CIRCLE('',#9502,0.1);
#9502 = AXIS2_PLACEMENT_3D('',#9503,#9504,#9505);
#9503 = CARTESIAN_POINT('',(-2.526400220547,0.84,0.29));
#9504 = DIRECTION('',(-1.144237745222E-17,-1.,-0.));
#9505 = DIRECTION('',(0.,0.,-1.));
#9506 = ORIENTED_EDGE('',*,*,#9507,.T.);
#9507 = EDGE_CURVE('',#9499,#9508,#9510,.T.);
#9508 = VERTEX_POINT('',#9509);
#9509 = CARTESIAN_POINT('',(-2.335594248374,0.84,0.830357971523));
#9510 = LINE('',#9511,#9512);
#9511 = CARTESIAN_POINT('',(-2.427919445246,0.84,0.272635182233));
#9512 = VECTOR('',#9513,1.);
#9513 = DIRECTION('',(0.163316988218,-1.868734623548E-18,0.986573647205)
  );
#9514 = ORIENTED_EDGE('',*,*,#9515,.T.);
#9515 = EDGE_CURVE('',#9508,#9516,#9518,.T.);
#9516 = VERTEX_POINT('',#9517);
#9517 = CARTESIAN_POINT('',(-2.05,0.84,1.07));
#9518 = CIRCLE('',#9519,0.29);
#9519 = AXIS2_PLACEMENT_3D('',#9520,#9521,#9522);
#9520 = CARTESIAN_POINT('',(-2.05,0.84,0.78));
#9521 = DIRECTION('',(1.144237745222E-17,1.,-1.155557966632E-33));
#9522 = DIRECTION('',(-0.984807753012,1.126854202784E-17,0.173648177667)
  );
#9523 = ORIENTED_EDGE('',*,*,#9524,.T.);
#9524 = EDGE_CURVE('',#9516,#8112,#9525,.T.);
#9525 = LINE('',#9526,#9527);
#9526 = CARTESIAN_POINT('',(-2.05,0.84,1.07));
#9527 = VECTOR('',#9528,1.);
#9528 = DIRECTION('',(1.,-1.144237745222E-17,0.));
#9529 = PLANE('',#9530);
#9530 = AXIS2_PLACEMENT_3D('',#9531,#9532,#9533);
#9531 = CARTESIAN_POINT('',(-2.36428338358,0.84,0.486745383416));
#9532 = DIRECTION('',(1.144237745222E-17,1.,0.));
#9533 = DIRECTION('',(0.,-0.,1.));
#9534 = ADVANCED_FACE('',(#9535),#9546,.F.);
#9535 = FACE_BOUND('',#9536,.F.);
#9536 = EDGE_LOOP('',(#9537,#9538,#9539,#9540));
#9537 = ORIENTED_EDGE('',*,*,#8128,.T.);
#9538 = ORIENTED_EDGE('',*,*,#8548,.T.);
#9539 = ORIENTED_EDGE('',*,*,#8612,.F.);
#9540 = ORIENTED_EDGE('',*,*,#9541,.F.);
#9541 = EDGE_CURVE('',#8112,#8605,#9542,.T.);
#9542 = LINE('',#9543,#9544);
#9543 = CARTESIAN_POINT('',(-2.05,0.84,1.07));
#9544 = VECTOR('',#9545,1.);
#9545 = DIRECTION('',(1.,-1.144237745222E-17,0.));
#9546 = PLANE('',#9547);
#9547 = AXIS2_PLACEMENT_3D('',#9548,#9549,#9550);
#9548 = CARTESIAN_POINT('',(-3.029853686583E-16,2.415,1.07));
#9549 = DIRECTION('',(1.056799485453E-32,2.825121699139E-27,-1.));
#9550 = DIRECTION('',(1.,1.115802992483E-16,1.056799485485E-32));
#9551 = ADVANCED_FACE('',(#9552),#9631,.F.);
#9552 = FACE_BOUND('',#9553,.F.);
#9553 = EDGE_LOOP('',(#9554,#9555,#9556,#9565,#9573,#9582,#9590,#9598,
    #9606,#9615,#9623,#9630));
#9554 = ORIENTED_EDGE('',*,*,#8120,.F.);
#9555 = ORIENTED_EDGE('',*,*,#8142,.T.);
#9556 = ORIENTED_EDGE('',*,*,#9557,.T.);
#9557 = EDGE_CURVE('',#8143,#9558,#9560,.T.);
#9558 = VERTEX_POINT('',#9559);
#9559 = CARTESIAN_POINT('',(-2.148480775301,1.7,0.797364817767));
#9560 = CIRCLE('',#9561,0.1);
#9561 = AXIS2_PLACEMENT_3D('',#9562,#9563,#9564);
#9562 = CARTESIAN_POINT('',(-2.05,1.7,0.78));
#9563 = DIRECTION('',(-1.144237745222E-17,-1.,-2.189528850508E-47));
#9564 = DIRECTION('',(4.440892098501E-15,-5.081436361563E-32,1.));
#9565 = ORIENTED_EDGE('',*,*,#9566,.T.);
#9566 = EDGE_CURVE('',#9558,#9567,#9569,.T.);
#9567 = VERTEX_POINT('',#9568);
#9568 = CARTESIAN_POINT('',(-2.240805972174,1.7,0.239642028477));
#9569 = LINE('',#9570,#9571);
#9570 = CARTESIAN_POINT('',(-2.148480775301,1.7,0.797364817767));
#9571 = VECTOR('',#9572,1.);
#9572 = DIRECTION('',(-0.163316988218,1.868734623548E-18,-0.986573647205
    ));
#9573 = ORIENTED_EDGE('',*,*,#9574,.T.);
#9574 = EDGE_CURVE('',#9567,#9575,#9577,.T.);
#9575 = VERTEX_POINT('',#9576);
#9576 = CARTESIAN_POINT('',(-2.526400220547,1.7,-5.551115123126E-17));
#9577 = CIRCLE('',#9578,0.29);
#9578 = AXIS2_PLACEMENT_3D('',#9579,#9580,#9581);
#9579 = CARTESIAN_POINT('',(-2.526400220547,1.7,0.29));
#9580 = DIRECTION('',(1.144237745222E-17,1.,-3.851859888774E-34));
#9581 = DIRECTION('',(0.984807753012,-1.126854202784E-17,-0.173648177667
    ));
#9582 = ORIENTED_EDGE('',*,*,#9583,.T.);
#9583 = EDGE_CURVE('',#9575,#9584,#9586,.T.);
#9584 = VERTEX_POINT('',#9585);
#9585 = CARTESIAN_POINT('',(-2.9975,1.7,-5.551115123126E-17));
#9586 = LINE('',#9587,#9588);
#9587 = CARTESIAN_POINT('',(-2.526400220547,1.7,-5.551115123126E-17));
#9588 = VECTOR('',#9589,1.);
#9589 = DIRECTION('',(-1.,1.144237745222E-17,0.));
#9590 = ORIENTED_EDGE('',*,*,#9591,.T.);
#9591 = EDGE_CURVE('',#9584,#9592,#9594,.T.);
#9592 = VERTEX_POINT('',#9593);
#9593 = CARTESIAN_POINT('',(-2.9975,1.7,0.19));
#9594 = LINE('',#9595,#9596);
#9595 = CARTESIAN_POINT('',(-2.9975,1.7,-5.551115123126E-17));
#9596 = VECTOR('',#9597,1.);
#9597 = DIRECTION('',(0.,0.,1.));
#9598 = ORIENTED_EDGE('',*,*,#9599,.T.);
#9599 = EDGE_CURVE('',#9592,#9600,#9602,.T.);
#9600 = VERTEX_POINT('',#9601);
#9601 = CARTESIAN_POINT('',(-2.526400220547,1.7,0.19));
#9602 = LINE('',#9603,#9604);
#9603 = CARTESIAN_POINT('',(-2.9975,1.7,0.19));
#9604 = VECTOR('',#9605,1.);
#9605 = DIRECTION('',(1.,-1.144237745222E-17,0.));
#9606 = ORIENTED_EDGE('',*,*,#9607,.T.);
#9607 = EDGE_CURVE('',#9600,#9608,#9610,.T.);
#9608 = VERTEX_POINT('',#9609);
#9609 = CARTESIAN_POINT('',(-2.427919445246,1.7,0.272635182233));
#9610 = CIRCLE('',#9611,0.1);
#9611 = AXIS2_PLACEMENT_3D('',#9612,#9613,#9614);
#9612 = CARTESIAN_POINT('',(-2.526400220547,1.7,0.29));
#9613 = DIRECTION('',(-1.144237745222E-17,-1.,-0.));
#9614 = DIRECTION('',(0.,0.,-1.));
#9615 = ORIENTED_EDGE('',*,*,#9616,.T.);
#9616 = EDGE_CURVE('',#9608,#9617,#9619,.T.);
#9617 = VERTEX_POINT('',#9618);
#9618 = CARTESIAN_POINT('',(-2.335594248374,1.7,0.830357971523));
#9619 = LINE('',#9620,#9621);
#9620 = CARTESIAN_POINT('',(-2.427919445246,1.7,0.272635182233));
#9621 = VECTOR('',#9622,1.);
#9622 = DIRECTION('',(0.163316988218,-1.868734623548E-18,0.986573647205)
  );
#9623 = ORIENTED_EDGE('',*,*,#9624,.T.);
#9624 = EDGE_CURVE('',#9617,#8518,#9625,.T.);
#9625 = CIRCLE('',#9626,0.29);
#9626 = AXIS2_PLACEMENT_3D('',#9627,#9628,#9629);
#9627 = CARTESIAN_POINT('',(-2.05,1.7,0.78));
#9628 = DIRECTION('',(1.144237745222E-17,1.,-1.155557966632E-33));
#9629 = DIRECTION('',(-0.984807753012,1.126854202784E-17,0.173648177667)
  );
#9630 = ORIENTED_EDGE('',*,*,#8517,.T.);
#9631 = PLANE('',#9632);
#9632 = AXIS2_PLACEMENT_3D('',#9633,#9634,#9635);
#9633 = CARTESIAN_POINT('',(-2.36428338358,1.7,0.486745383416));
#9634 = DIRECTION('',(1.144237745222E-17,1.,0.));
#9635 = DIRECTION('',(0.,-0.,1.));
#9636 = ADVANCED_FACE('',(#9637),#9656,.F.);
#9637 = FACE_BOUND('',#9638,.F.);
#9638 = EDGE_LOOP('',(#9639,#9640,#9649,#9655));
#9639 = ORIENTED_EDGE('',*,*,#8159,.T.);
#9640 = ORIENTED_EDGE('',*,*,#9641,.T.);
#9641 = EDGE_CURVE('',#8152,#9642,#9644,.T.);
#9642 = VERTEX_POINT('',#9643);
#9643 = CARTESIAN_POINT('',(-2.148480775301,2.11,0.797364817767));
#9644 = CIRCLE('',#9645,0.1);
#9645 = AXIS2_PLACEMENT_3D('',#9646,#9647,#9648);
#9646 = CARTESIAN_POINT('',(-2.05,2.11,0.78));
#9647 = DIRECTION('',(-1.144237745222E-17,-1.,-2.189528850508E-47));
#9648 = DIRECTION('',(4.440892098501E-15,-5.081436361563E-32,1.));
#9649 = ORIENTED_EDGE('',*,*,#9650,.F.);
#9650 = EDGE_CURVE('',#9558,#9642,#9651,.T.);
#9651 = LINE('',#9652,#9653);
#9652 = CARTESIAN_POINT('',(-2.148480775301,1.7,0.797364817767));
#9653 = VECTOR('',#9654,1.);
#9654 = DIRECTION('',(1.144237745222E-17,1.,0.));
#9655 = ORIENTED_EDGE('',*,*,#9557,.F.);
#9656 = CYLINDRICAL_SURFACE('',#9657,0.1);
#9657 = AXIS2_PLACEMENT_3D('',#9658,#9659,#9660);
#9658 = CARTESIAN_POINT('',(-2.05,1.7,0.78));
#9659 = DIRECTION('',(-1.144237745222E-17,-1.,0.));
#9660 = DIRECTION('',(4.440892098501E-15,-5.081436361563E-32,1.));
#9661 = ADVANCED_FACE('',(#9662),#9733,.T.);
#9662 = FACE_BOUND('',#9663,.T.);
#9663 = EDGE_LOOP('',(#9664,#9665,#9666,#9667,#9675,#9684,#9692,#9700,
    #9708,#9717,#9725,#9732));
#9664 = ORIENTED_EDGE('',*,*,#8173,.F.);
#9665 = ORIENTED_EDGE('',*,*,#8151,.T.);
#9666 = ORIENTED_EDGE('',*,*,#9641,.T.);
#9667 = ORIENTED_EDGE('',*,*,#9668,.T.);
#9668 = EDGE_CURVE('',#9642,#9669,#9671,.T.);
#9669 = VERTEX_POINT('',#9670);
#9670 = CARTESIAN_POINT('',(-2.240805972174,2.11,0.239642028477));
#9671 = LINE('',#9672,#9673);
#9672 = CARTESIAN_POINT('',(-2.148480775301,2.11,0.797364817767));
#9673 = VECTOR('',#9674,1.);
#9674 = DIRECTION('',(-0.163316988218,1.868734623548E-18,-0.986573647205
    ));
#9675 = ORIENTED_EDGE('',*,*,#9676,.T.);
#9676 = EDGE_CURVE('',#9669,#9677,#9679,.T.);
#9677 = VERTEX_POINT('',#9678);
#9678 = CARTESIAN_POINT('',(-2.526400220547,2.11,-5.551115123126E-17));
#9679 = CIRCLE('',#9680,0.29);
#9680 = AXIS2_PLACEMENT_3D('',#9681,#9682,#9683);
#9681 = CARTESIAN_POINT('',(-2.526400220547,2.11,0.29));
#9682 = DIRECTION('',(1.144237745222E-17,1.,-3.851859888774E-34));
#9683 = DIRECTION('',(0.984807753012,-1.126854202784E-17,-0.173648177667
    ));
#9684 = ORIENTED_EDGE('',*,*,#9685,.T.);
#9685 = EDGE_CURVE('',#9677,#9686,#9688,.T.);
#9686 = VERTEX_POINT('',#9687);
#9687 = CARTESIAN_POINT('',(-2.9975,2.11,-5.551115123126E-17));
#9688 = LINE('',#9689,#9690);
#9689 = CARTESIAN_POINT('',(-2.526400220547,2.11,-5.551115123126E-17));
#9690 = VECTOR('',#9691,1.);
#9691 = DIRECTION('',(-1.,1.144237745222E-17,0.));
#9692 = ORIENTED_EDGE('',*,*,#9693,.T.);
#9693 = EDGE_CURVE('',#9686,#9694,#9696,.T.);
#9694 = VERTEX_POINT('',#9695);
#9695 = CARTESIAN_POINT('',(-2.9975,2.11,0.19));
#9696 = LINE('',#9697,#9698);
#9697 = CARTESIAN_POINT('',(-2.9975,2.11,-5.551115123126E-17));
#9698 = VECTOR('',#9699,1.);
#9699 = DIRECTION('',(0.,0.,1.));
#9700 = ORIENTED_EDGE('',*,*,#9701,.T.);
#9701 = EDGE_CURVE('',#9694,#9702,#9704,.T.);
#9702 = VERTEX_POINT('',#9703);
#9703 = CARTESIAN_POINT('',(-2.526400220547,2.11,0.19));
#9704 = LINE('',#9705,#9706);
#9705 = CARTESIAN_POINT('',(-2.9975,2.11,0.19));
#9706 = VECTOR('',#9707,1.);
#9707 = DIRECTION('',(1.,-1.144237745222E-17,0.));
#9708 = ORIENTED_EDGE('',*,*,#9709,.T.);
#9709 = EDGE_CURVE('',#9702,#9710,#9712,.T.);
#9710 = VERTEX_POINT('',#9711);
#9711 = CARTESIAN_POINT('',(-2.427919445246,2.11,0.272635182233));
#9712 = CIRCLE('',#9713,0.1);
#9713 = AXIS2_PLACEMENT_3D('',#9714,#9715,#9716);
#9714 = CARTESIAN_POINT('',(-2.526400220547,2.11,0.29));
#9715 = DIRECTION('',(-1.144237745222E-17,-1.,-0.));
#9716 = DIRECTION('',(0.,0.,-1.));
#9717 = ORIENTED_EDGE('',*,*,#9718,.T.);
#9718 = EDGE_CURVE('',#9710,#9719,#9721,.T.);
#9719 = VERTEX_POINT('',#9720);
#9720 = CARTESIAN_POINT('',(-2.335594248374,2.11,0.830357971523));
#9721 = LINE('',#9722,#9723);
#9722 = CARTESIAN_POINT('',(-2.427919445246,2.11,0.272635182233));
#9723 = VECTOR('',#9724,1.);
#9724 = DIRECTION('',(0.163316988218,-1.868734623548E-18,0.986573647205)
  );
#9725 = ORIENTED_EDGE('',*,*,#9726,.T.);
#9726 = EDGE_CURVE('',#9719,#8526,#9727,.T.);
#9727 = CIRCLE('',#9728,0.29);
#9728 = AXIS2_PLACEMENT_3D('',#9729,#9730,#9731);
#9729 = CARTESIAN_POINT('',(-2.05,2.11,0.78));
#9730 = DIRECTION('',(1.144237745222E-17,1.,-1.155557966632E-33));
#9731 = DIRECTION('',(-0.984807753012,1.126854202784E-17,0.173648177667)
  );
#9732 = ORIENTED_EDGE('',*,*,#8533,.T.);
#9733 = PLANE('',#9734);
#9734 = AXIS2_PLACEMENT_3D('',#9735,#9736,#9737);
#9735 = CARTESIAN_POINT('',(-2.36428338358,2.11,0.486745383416));
#9736 = DIRECTION('',(1.144237745222E-17,1.,0.));
#9737 = DIRECTION('',(0.,-0.,1.));
#9738 = ADVANCED_FACE('',(#9739),#9818,.F.);
#9739 = FACE_BOUND('',#9740,.F.);
#9740 = EDGE_LOOP('',(#9741,#9742,#9743,#9752,#9760,#9769,#9777,#9785,
    #9793,#9802,#9810,#9817));
#9741 = ORIENTED_EDGE('',*,*,#8192,.F.);
#9742 = ORIENTED_EDGE('',*,*,#8207,.T.);
#9743 = ORIENTED_EDGE('',*,*,#9744,.T.);
#9744 = EDGE_CURVE('',#8208,#9745,#9747,.T.);
#9745 = VERTEX_POINT('',#9746);
#9746 = CARTESIAN_POINT('',(2.148480775301,2.11,0.797364817767));
#9747 = CIRCLE('',#9748,0.1);
#9748 = AXIS2_PLACEMENT_3D('',#9749,#9750,#9751);
#9749 = CARTESIAN_POINT('',(2.05,2.11,0.78));
#9750 = DIRECTION('',(-1.110223024625E-16,1.,0.));
#9751 = DIRECTION('',(-4.440892098501E-15,-4.930380657631E-31,1.));
#9752 = ORIENTED_EDGE('',*,*,#9753,.T.);
#9753 = EDGE_CURVE('',#9745,#9754,#9756,.T.);
#9754 = VERTEX_POINT('',#9755);
#9755 = CARTESIAN_POINT('',(2.240805972174,2.11,0.239642028477));
#9756 = LINE('',#9757,#9758);
#9757 = CARTESIAN_POINT('',(2.148480775301,2.11,0.797364817767));
#9758 = VECTOR('',#9759,1.);
#9759 = DIRECTION('',(0.163316988218,1.813182806319E-17,-0.986573647205)
  );
#9760 = ORIENTED_EDGE('',*,*,#9761,.T.);
#9761 = EDGE_CURVE('',#9754,#9762,#9764,.T.);
#9762 = VERTEX_POINT('',#9763);
#9763 = CARTESIAN_POINT('',(2.526400220547,2.11,-5.551115123126E-17));
#9764 = CIRCLE('',#9765,0.29);
#9765 = AXIS2_PLACEMENT_3D('',#9766,#9767,#9768);
#9766 = CARTESIAN_POINT('',(2.526400220547,2.11,0.29));
#9767 = DIRECTION('',(1.110223024625E-16,-1.,0.));
#9768 = DIRECTION('',(-0.984807753012,-1.093356242223E-16,
    -0.173648177667));
#9769 = ORIENTED_EDGE('',*,*,#9770,.T.);
#9770 = EDGE_CURVE('',#9762,#9771,#9773,.T.);
#9771 = VERTEX_POINT('',#9772);
#9772 = CARTESIAN_POINT('',(2.9975,2.11,-5.551115123126E-17));
#9773 = LINE('',#9774,#9775);
#9774 = CARTESIAN_POINT('',(2.526400220547,2.11,-5.551115123126E-17));
#9775 = VECTOR('',#9776,1.);
#9776 = DIRECTION('',(1.,1.110223024625E-16,0.));
#9777 = ORIENTED_EDGE('',*,*,#9778,.T.);
#9778 = EDGE_CURVE('',#9771,#9779,#9781,.T.);
#9779 = VERTEX_POINT('',#9780);
#9780 = CARTESIAN_POINT('',(2.9975,2.11,0.19));
#9781 = LINE('',#9782,#9783);
#9782 = CARTESIAN_POINT('',(2.9975,2.11,-5.551115123126E-17));
#9783 = VECTOR('',#9784,1.);
#9784 = DIRECTION('',(0.,0.,1.));
#9785 = ORIENTED_EDGE('',*,*,#9786,.T.);
#9786 = EDGE_CURVE('',#9779,#9787,#9789,.T.);
#9787 = VERTEX_POINT('',#9788);
#9788 = CARTESIAN_POINT('',(2.526400220547,2.11,0.19));
#9789 = LINE('',#9790,#9791);
#9790 = CARTESIAN_POINT('',(2.9975,2.11,0.19));
#9791 = VECTOR('',#9792,1.);
#9792 = DIRECTION('',(-1.,-1.110223024625E-16,0.));
#9793 = ORIENTED_EDGE('',*,*,#9794,.T.);
#9794 = EDGE_CURVE('',#9787,#9795,#9797,.T.);
#9795 = VERTEX_POINT('',#9796);
#9796 = CARTESIAN_POINT('',(2.427919445246,2.11,0.272635182233));
#9797 = CIRCLE('',#9798,0.1);
#9798 = AXIS2_PLACEMENT_3D('',#9799,#9800,#9801);
#9799 = CARTESIAN_POINT('',(2.526400220547,2.11,0.29));
#9800 = DIRECTION('',(-1.110223024625E-16,1.,0.));
#9801 = DIRECTION('',(0.,0.,-1.));
#9802 = ORIENTED_EDGE('',*,*,#9803,.T.);
#9803 = EDGE_CURVE('',#9795,#9804,#9806,.T.);
#9804 = VERTEX_POINT('',#9805);
#9805 = CARTESIAN_POINT('',(2.335594248374,2.11,0.830357971523));
#9806 = LINE('',#9807,#9808);
#9807 = CARTESIAN_POINT('',(2.427919445246,2.11,0.272635182233));
#9808 = VECTOR('',#9809,1.);
#9809 = DIRECTION('',(-0.163316988218,-1.813182806319E-17,0.986573647205
    ));
#9810 = ORIENTED_EDGE('',*,*,#9811,.T.);
#9811 = EDGE_CURVE('',#9804,#8805,#9812,.T.);
#9812 = CIRCLE('',#9813,0.29);
#9813 = AXIS2_PLACEMENT_3D('',#9814,#9815,#9816);
#9814 = CARTESIAN_POINT('',(2.05,2.11,0.78));
#9815 = DIRECTION('',(1.110223024625E-16,-1.,0.));
#9816 = DIRECTION('',(0.984807753012,1.093356242223E-16,0.173648177667)
  );
#9817 = ORIENTED_EDGE('',*,*,#8804,.T.);
#9818 = PLANE('',#9819);
#9819 = AXIS2_PLACEMENT_3D('',#9820,#9821,#9822);
#9820 = CARTESIAN_POINT('',(2.36428338358,2.11,0.486745383416));
#9821 = DIRECTION('',(1.110223024625E-16,-1.,0.));
#9822 = DIRECTION('',(0.,0.,1.));
#9823 = ADVANCED_FACE('',(#9824),#9843,.F.);
#9824 = FACE_BOUND('',#9825,.F.);
#9825 = EDGE_LOOP('',(#9826,#9827,#9836,#9842));
#9826 = ORIENTED_EDGE('',*,*,#8224,.T.);
#9827 = ORIENTED_EDGE('',*,*,#9828,.T.);
#9828 = EDGE_CURVE('',#8217,#9829,#9831,.T.);
#9829 = VERTEX_POINT('',#9830);
#9830 = CARTESIAN_POINT('',(2.148480775301,1.7,0.797364817767));
#9831 = CIRCLE('',#9832,0.1);
#9832 = AXIS2_PLACEMENT_3D('',#9833,#9834,#9835);
#9833 = CARTESIAN_POINT('',(2.05,1.7,0.78));
#9834 = DIRECTION('',(-1.110223024625E-16,1.,0.));
#9835 = DIRECTION('',(-4.440892098501E-15,-4.930380657631E-31,1.));
#9836 = ORIENTED_EDGE('',*,*,#9837,.F.);
#9837 = EDGE_CURVE('',#9745,#9829,#9838,.T.);
#9838 = LINE('',#9839,#9840);
#9839 = CARTESIAN_POINT('',(2.148480775301,2.11,0.797364817767));
#9840 = VECTOR('',#9841,1.);
#9841 = DIRECTION('',(1.110223024625E-16,-1.,0.));
#9842 = ORIENTED_EDGE('',*,*,#9744,.F.);
#9843 = CYLINDRICAL_SURFACE('',#9844,0.1);
#9844 = AXIS2_PLACEMENT_3D('',#9845,#9846,#9847);
#9845 = CARTESIAN_POINT('',(2.05,2.11,0.78));
#9846 = DIRECTION('',(-1.110223024625E-16,1.,0.));
#9847 = DIRECTION('',(-4.440892098501E-15,-4.930380657631E-31,1.));
#9848 = ADVANCED_FACE('',(#9849),#9920,.T.);
#9849 = FACE_BOUND('',#9850,.T.);
#9850 = EDGE_LOOP('',(#9851,#9852,#9853,#9854,#9862,#9871,#9879,#9887,
    #9895,#9904,#9912,#9919));
#9851 = ORIENTED_EDGE('',*,*,#8238,.F.);
#9852 = ORIENTED_EDGE('',*,*,#8216,.T.);
#9853 = ORIENTED_EDGE('',*,*,#9828,.T.);
#9854 = ORIENTED_EDGE('',*,*,#9855,.T.);
#9855 = EDGE_CURVE('',#9829,#9856,#9858,.T.);
#9856 = VERTEX_POINT('',#9857);
#9857 = CARTESIAN_POINT('',(2.240805972174,1.7,0.239642028477));
#9858 = LINE('',#9859,#9860);
#9859 = CARTESIAN_POINT('',(2.148480775301,1.7,0.797364817767));
#9860 = VECTOR('',#9861,1.);
#9861 = DIRECTION('',(0.163316988218,1.813182806319E-17,-0.986573647205)
  );
#9862 = ORIENTED_EDGE('',*,*,#9863,.T.);
#9863 = EDGE_CURVE('',#9856,#9864,#9866,.T.);
#9864 = VERTEX_POINT('',#9865);
#9865 = CARTESIAN_POINT('',(2.526400220547,1.7,-5.551115123126E-17));
#9866 = CIRCLE('',#9867,0.29);
#9867 = AXIS2_PLACEMENT_3D('',#9868,#9869,#9870);
#9868 = CARTESIAN_POINT('',(2.526400220547,1.7,0.29));
#9869 = DIRECTION('',(1.110223024625E-16,-1.,0.));
#9870 = DIRECTION('',(-0.984807753012,-1.093356242223E-16,
    -0.173648177667));
#9871 = ORIENTED_EDGE('',*,*,#9872,.T.);
#9872 = EDGE_CURVE('',#9864,#9873,#9875,.T.);
#9873 = VERTEX_POINT('',#9874);
#9874 = CARTESIAN_POINT('',(2.9975,1.7,-5.551115123126E-17));
#9875 = LINE('',#9876,#9877);
#9876 = CARTESIAN_POINT('',(2.526400220547,1.7,-5.551115123126E-17));
#9877 = VECTOR('',#9878,1.);
#9878 = DIRECTION('',(1.,1.110223024625E-16,0.));
#9879 = ORIENTED_EDGE('',*,*,#9880,.T.);
#9880 = EDGE_CURVE('',#9873,#9881,#9883,.T.);
#9881 = VERTEX_POINT('',#9882);
#9882 = CARTESIAN_POINT('',(2.9975,1.7,0.19));
#9883 = LINE('',#9884,#9885);
#9884 = CARTESIAN_POINT('',(2.9975,1.7,-5.551115123126E-17));
#9885 = VECTOR('',#9886,1.);
#9886 = DIRECTION('',(0.,0.,1.));
#9887 = ORIENTED_EDGE('',*,*,#9888,.T.);
#9888 = EDGE_CURVE('',#9881,#9889,#9891,.T.);
#9889 = VERTEX_POINT('',#9890);
#9890 = CARTESIAN_POINT('',(2.526400220547,1.7,0.19));
#9891 = LINE('',#9892,#9893);
#9892 = CARTESIAN_POINT('',(2.9975,1.7,0.19));
#9893 = VECTOR('',#9894,1.);
#9894 = DIRECTION('',(-1.,-1.110223024625E-16,0.));
#9895 = ORIENTED_EDGE('',*,*,#9896,.T.);
#9896 = EDGE_CURVE('',#9889,#9897,#9899,.T.);
#9897 = VERTEX_POINT('',#9898);
#9898 = CARTESIAN_POINT('',(2.427919445246,1.7,0.272635182233));
#9899 = CIRCLE('',#9900,0.1);
#9900 = AXIS2_PLACEMENT_3D('',#9901,#9902,#9903);
#9901 = CARTESIAN_POINT('',(2.526400220547,1.7,0.29));
#9902 = DIRECTION('',(-1.110223024625E-16,1.,0.));
#9903 = DIRECTION('',(0.,0.,-1.));
#9904 = ORIENTED_EDGE('',*,*,#9905,.T.);
#9905 = EDGE_CURVE('',#9897,#9906,#9908,.T.);
#9906 = VERTEX_POINT('',#9907);
#9907 = CARTESIAN_POINT('',(2.335594248374,1.7,0.830357971523));
#9908 = LINE('',#9909,#9910);
#9909 = CARTESIAN_POINT('',(2.427919445246,1.7,0.272635182233));
#9910 = VECTOR('',#9911,1.);
#9911 = DIRECTION('',(-0.163316988218,-1.813182806319E-17,0.986573647205
    ));
#9912 = ORIENTED_EDGE('',*,*,#9913,.T.);
#9913 = EDGE_CURVE('',#9906,#8813,#9914,.T.);
#9914 = CIRCLE('',#9915,0.29);
#9915 = AXIS2_PLACEMENT_3D('',#9916,#9917,#9918);
#9916 = CARTESIAN_POINT('',(2.05,1.7,0.78));
#9917 = DIRECTION('',(1.110223024625E-16,-1.,0.));
#9918 = DIRECTION('',(0.984807753012,1.093356242223E-16,0.173648177667)
  );
#9919 = ORIENTED_EDGE('',*,*,#8820,.T.);
#9920 = PLANE('',#9921);
#9921 = AXIS2_PLACEMENT_3D('',#9922,#9923,#9924);
#9922 = CARTESIAN_POINT('',(2.36428338358,1.7,0.486745383416));
#9923 = DIRECTION('',(1.110223024625E-16,-1.,0.));
#9924 = DIRECTION('',(0.,0.,1.));
#9925 = ADVANCED_FACE('',(#9926),#9937,.F.);
#9926 = FACE_BOUND('',#9927,.F.);
#9927 = EDGE_LOOP('',(#9928,#9929,#9930,#9936));
#9928 = ORIENTED_EDGE('',*,*,#8826,.F.);
#9929 = ORIENTED_EDGE('',*,*,#8255,.T.);
#9930 = ORIENTED_EDGE('',*,*,#9931,.T.);
#9931 = EDGE_CURVE('',#8248,#8727,#9932,.T.);
#9932 = LINE('',#9933,#9934);
#9933 = CARTESIAN_POINT('',(2.05,0.84,1.07));
#9934 = VECTOR('',#9935,1.);
#9935 = DIRECTION('',(-1.,-1.110223024625E-16,0.));
#9936 = ORIENTED_EDGE('',*,*,#8726,.F.);
#9937 = PLANE('',#9938);
#9938 = AXIS2_PLACEMENT_3D('',#9939,#9940,#9941);
#9939 = CARTESIAN_POINT('',(-3.029853686583E-16,2.415,1.07));
#9940 = DIRECTION('',(1.056799485453E-32,2.825121699139E-27,-1.));
#9941 = DIRECTION('',(1.,1.115802992483E-16,1.056799485485E-32));
#9942 = ADVANCED_FACE('',(#9943),#10029,.F.);
#9943 = FACE_BOUND('',#9944,.F.);
#9944 = EDGE_LOOP('',(#9945,#9946,#9947,#9956,#9964,#9973,#9981,#9989,
    #9997,#10006,#10014,#10023));
#9945 = ORIENTED_EDGE('',*,*,#8247,.F.);
#9946 = ORIENTED_EDGE('',*,*,#8269,.T.);
#9947 = ORIENTED_EDGE('',*,*,#9948,.T.);
#9948 = EDGE_CURVE('',#8270,#9949,#9951,.T.);
#9949 = VERTEX_POINT('',#9950);
#9950 = CARTESIAN_POINT('',(2.148480775301,0.84,0.797364817767));
#9951 = CIRCLE('',#9952,0.1);
#9952 = AXIS2_PLACEMENT_3D('',#9953,#9954,#9955);
#9953 = CARTESIAN_POINT('',(2.05,0.84,0.78));
#9954 = DIRECTION('',(-1.110223024625E-16,1.,0.));
#9955 = DIRECTION('',(-4.440892098501E-15,-4.930380657631E-31,1.));
#9956 = ORIENTED_EDGE('',*,*,#9957,.T.);
#9957 = EDGE_CURVE('',#9949,#9958,#9960,.T.);
#9958 = VERTEX_POINT('',#9959);
#9959 = CARTESIAN_POINT('',(2.240805972174,0.84,0.239642028477));
#9960 = LINE('',#9961,#9962);
#9961 = CARTESIAN_POINT('',(2.148480775301,0.84,0.797364817767));
#9962 = VECTOR('',#9963,1.);
#9963 = DIRECTION('',(0.163316988218,1.813182806319E-17,-0.986573647205)
  );
#9964 = ORIENTED_EDGE('',*,*,#9965,.T.);
#9965 = EDGE_CURVE('',#9958,#9966,#9968,.T.);
#9966 = VERTEX_POINT('',#9967);
#9967 = CARTESIAN_POINT('',(2.526400220547,0.84,-5.551115123126E-17));
#9968 = CIRCLE('',#9969,0.29);
#9969 = AXIS2_PLACEMENT_3D('',#9970,#9971,#9972);
#9970 = CARTESIAN_POINT('',(2.526400220547,0.84,0.29));
#9971 = DIRECTION('',(1.110223024625E-16,-1.,0.));
#9972 = DIRECTION('',(-0.984807753012,-1.093356242223E-16,
    -0.173648177667));
#9973 = ORIENTED_EDGE('',*,*,#9974,.T.);
#9974 = EDGE_CURVE('',#9966,#9975,#9977,.T.);
#9975 = VERTEX_POINT('',#9976);
#9976 = CARTESIAN_POINT('',(2.9975,0.84,-5.551115123126E-17));
#9977 = LINE('',#9978,#9979);
#9978 = CARTESIAN_POINT('',(2.526400220547,0.84,-5.551115123126E-17));
#9979 = VECTOR('',#9980,1.);
#9980 = DIRECTION('',(1.,1.110223024625E-16,0.));
#9981 = ORIENTED_EDGE('',*,*,#9982,.T.);
#9982 = EDGE_CURVE('',#9975,#9983,#9985,.T.);
#9983 = VERTEX_POINT('',#9984);
#9984 = CARTESIAN_POINT('',(2.9975,0.84,0.19));
#9985 = LINE('',#9986,#9987);
#9986 = CARTESIAN_POINT('',(2.9975,0.84,-5.551115123126E-17));
#9987 = VECTOR('',#9988,1.);
#9988 = DIRECTION('',(0.,0.,1.));
#9989 = ORIENTED_EDGE('',*,*,#9990,.T.);
#9990 = EDGE_CURVE('',#9983,#9991,#9993,.T.);
#9991 = VERTEX_POINT('',#9992);
#9992 = CARTESIAN_POINT('',(2.526400220547,0.84,0.19));
#9993 = LINE('',#9994,#9995);
#9994 = CARTESIAN_POINT('',(2.9975,0.84,0.19));
#9995 = VECTOR('',#9996,1.);
#9996 = DIRECTION('',(-1.,-1.110223024625E-16,0.));
#9997 = ORIENTED_EDGE('',*,*,#9998,.T.);
#9998 = EDGE_CURVE('',#9991,#9999,#10001,.T.);
#9999 = VERTEX_POINT('',#10000);
#10000 = CARTESIAN_POINT('',(2.427919445246,0.84,0.272635182233));
#10001 = CIRCLE('',#10002,0.1);
#10002 = AXIS2_PLACEMENT_3D('',#10003,#10004,#10005);
#10003 = CARTESIAN_POINT('',(2.526400220547,0.84,0.29));
#10004 = DIRECTION('',(-1.110223024625E-16,1.,0.));
#10005 = DIRECTION('',(0.,0.,-1.));
#10006 = ORIENTED_EDGE('',*,*,#10007,.T.);
#10007 = EDGE_CURVE('',#9999,#10008,#10010,.T.);
#10008 = VERTEX_POINT('',#10009);
#10009 = CARTESIAN_POINT('',(2.335594248374,0.84,0.830357971523));
#10010 = LINE('',#10011,#10012);
#10011 = CARTESIAN_POINT('',(2.427919445246,0.84,0.272635182233));
#10012 = VECTOR('',#10013,1.);
#10013 = DIRECTION('',(-0.163316988218,-1.813182806319E-17,
    0.986573647205));
#10014 = ORIENTED_EDGE('',*,*,#10015,.T.);
#10015 = EDGE_CURVE('',#10008,#10016,#10018,.T.);
#10016 = VERTEX_POINT('',#10017);
#10017 = CARTESIAN_POINT('',(2.05,0.84,1.07));
#10018 = CIRCLE('',#10019,0.29);
#10019 = AXIS2_PLACEMENT_3D('',#10020,#10021,#10022);
#10020 = CARTESIAN_POINT('',(2.05,0.84,0.78));
#10021 = DIRECTION('',(1.110223024625E-16,-1.,0.));
#10022 = DIRECTION('',(0.984807753012,1.093356242223E-16,0.173648177667)
  );
#10023 = ORIENTED_EDGE('',*,*,#10024,.T.);
#10024 = EDGE_CURVE('',#10016,#8248,#10025,.T.);
#10025 = LINE('',#10026,#10027);
#10026 = CARTESIAN_POINT('',(2.05,0.84,1.07));
#10027 = VECTOR('',#10028,1.);
#10028 = DIRECTION('',(-1.,-1.110223024625E-16,0.));
#10029 = PLANE('',#10030);
#10030 = AXIS2_PLACEMENT_3D('',#10031,#10032,#10033);
#10031 = CARTESIAN_POINT('',(2.36428338358,0.84,0.486745383416));
#10032 = DIRECTION('',(1.110223024625E-16,-1.,0.));
#10033 = DIRECTION('',(0.,0.,1.));
#10034 = ADVANCED_FACE('',(#10035),#10054,.F.);
#10035 = FACE_BOUND('',#10036,.F.);
#10036 = EDGE_LOOP('',(#10037,#10038,#10047,#10053));
#10037 = ORIENTED_EDGE('',*,*,#8286,.T.);
#10038 = ORIENTED_EDGE('',*,*,#10039,.T.);
#10039 = EDGE_CURVE('',#8279,#10040,#10042,.T.);
#10040 = VERTEX_POINT('',#10041);
#10041 = CARTESIAN_POINT('',(2.148480775301,0.43,0.797364817767));
#10042 = CIRCLE('',#10043,0.1);
#10043 = AXIS2_PLACEMENT_3D('',#10044,#10045,#10046);
#10044 = CARTESIAN_POINT('',(2.05,0.43,0.78));
#10045 = DIRECTION('',(-1.110223024625E-16,1.,0.));
#10046 = DIRECTION('',(-4.440892098501E-15,-4.930380657631E-31,1.));
#10047 = ORIENTED_EDGE('',*,*,#10048,.F.);
#10048 = EDGE_CURVE('',#9949,#10040,#10049,.T.);
#10049 = LINE('',#10050,#10051);
#10050 = CARTESIAN_POINT('',(2.148480775301,0.84,0.797364817767));
#10051 = VECTOR('',#10052,1.);
#10052 = DIRECTION('',(1.110223024625E-16,-1.,0.));
#10053 = ORIENTED_EDGE('',*,*,#9948,.F.);
#10054 = CYLINDRICAL_SURFACE('',#10055,0.1);
#10055 = AXIS2_PLACEMENT_3D('',#10056,#10057,#10058);
#10056 = CARTESIAN_POINT('',(2.05,0.84,0.78));
#10057 = DIRECTION('',(-1.110223024625E-16,1.,0.));
#10058 = DIRECTION('',(-4.440892098501E-15,-4.930380657631E-31,1.));
#10059 = ADVANCED_FACE('',(#10060),#10138,.T.);
#10060 = FACE_BOUND('',#10061,.T.);
#10061 = EDGE_LOOP('',(#10062,#10063,#10064,#10065,#10073,#10082,#10090,
    #10098,#10106,#10115,#10123,#10132));
#10062 = ORIENTED_EDGE('',*,*,#8300,.F.);
#10063 = ORIENTED_EDGE('',*,*,#8278,.T.);
#10064 = ORIENTED_EDGE('',*,*,#10039,.T.);
#10065 = ORIENTED_EDGE('',*,*,#10066,.T.);
#10066 = EDGE_CURVE('',#10040,#10067,#10069,.T.);
#10067 = VERTEX_POINT('',#10068);
#10068 = CARTESIAN_POINT('',(2.240805972174,0.43,0.239642028477));
#10069 = LINE('',#10070,#10071);
#10070 = CARTESIAN_POINT('',(2.148480775301,0.43,0.797364817767));
#10071 = VECTOR('',#10072,1.);
#10072 = DIRECTION('',(0.163316988218,1.813182806319E-17,-0.986573647205
    ));
#10073 = ORIENTED_EDGE('',*,*,#10074,.T.);
#10074 = EDGE_CURVE('',#10067,#10075,#10077,.T.);
#10075 = VERTEX_POINT('',#10076);
#10076 = CARTESIAN_POINT('',(2.526400220547,0.43,-5.551115123126E-17));
#10077 = CIRCLE('',#10078,0.29);
#10078 = AXIS2_PLACEMENT_3D('',#10079,#10080,#10081);
#10079 = CARTESIAN_POINT('',(2.526400220547,0.43,0.29));
#10080 = DIRECTION('',(1.110223024625E-16,-1.,0.));
#10081 = DIRECTION('',(-0.984807753012,-1.093356242223E-16,
    -0.173648177667));
#10082 = ORIENTED_EDGE('',*,*,#10083,.T.);
#10083 = EDGE_CURVE('',#10075,#10084,#10086,.T.);
#10084 = VERTEX_POINT('',#10085);
#10085 = CARTESIAN_POINT('',(2.9975,0.43,-5.551115123126E-17));
#10086 = LINE('',#10087,#10088);
#10087 = CARTESIAN_POINT('',(2.526400220547,0.43,-5.551115123126E-17));
#10088 = VECTOR('',#10089,1.);
#10089 = DIRECTION('',(1.,1.110223024625E-16,0.));
#10090 = ORIENTED_EDGE('',*,*,#10091,.T.);
#10091 = EDGE_CURVE('',#10084,#10092,#10094,.T.);
#10092 = VERTEX_POINT('',#10093);
#10093 = CARTESIAN_POINT('',(2.9975,0.43,0.19));
#10094 = LINE('',#10095,#10096);
#10095 = CARTESIAN_POINT('',(2.9975,0.43,-5.551115123126E-17));
#10096 = VECTOR('',#10097,1.);
#10097 = DIRECTION('',(0.,0.,1.));
#10098 = ORIENTED_EDGE('',*,*,#10099,.T.);
#10099 = EDGE_CURVE('',#10092,#10100,#10102,.T.);
#10100 = VERTEX_POINT('',#10101);
#10101 = CARTESIAN_POINT('',(2.526400220547,0.43,0.19));
#10102 = LINE('',#10103,#10104);
#10103 = CARTESIAN_POINT('',(2.9975,0.43,0.19));
#10104 = VECTOR('',#10105,1.);
#10105 = DIRECTION('',(-1.,-1.110223024625E-16,0.));
#10106 = ORIENTED_EDGE('',*,*,#10107,.T.);
#10107 = EDGE_CURVE('',#10100,#10108,#10110,.T.);
#10108 = VERTEX_POINT('',#10109);
#10109 = CARTESIAN_POINT('',(2.427919445246,0.43,0.272635182233));
#10110 = CIRCLE('',#10111,0.1);
#10111 = AXIS2_PLACEMENT_3D('',#10112,#10113,#10114);
#10112 = CARTESIAN_POINT('',(2.526400220547,0.43,0.29));
#10113 = DIRECTION('',(-1.110223024625E-16,1.,0.));
#10114 = DIRECTION('',(0.,0.,-1.));
#10115 = ORIENTED_EDGE('',*,*,#10116,.T.);
#10116 = EDGE_CURVE('',#10108,#10117,#10119,.T.);
#10117 = VERTEX_POINT('',#10118);
#10118 = CARTESIAN_POINT('',(2.335594248374,0.43,0.830357971523));
#10119 = LINE('',#10120,#10121);
#10120 = CARTESIAN_POINT('',(2.427919445246,0.43,0.272635182233));
#10121 = VECTOR('',#10122,1.);
#10122 = DIRECTION('',(-0.163316988218,-1.813182806319E-17,
    0.986573647205));
#10123 = ORIENTED_EDGE('',*,*,#10124,.T.);
#10124 = EDGE_CURVE('',#10117,#10125,#10127,.T.);
#10125 = VERTEX_POINT('',#10126);
#10126 = CARTESIAN_POINT('',(2.05,0.43,1.07));
#10127 = CIRCLE('',#10128,0.29);
#10128 = AXIS2_PLACEMENT_3D('',#10129,#10130,#10131);
#10129 = CARTESIAN_POINT('',(2.05,0.43,0.78));
#10130 = DIRECTION('',(1.110223024625E-16,-1.,0.));
#10131 = DIRECTION('',(0.984807753012,1.093356242223E-16,0.173648177667)
  );
#10132 = ORIENTED_EDGE('',*,*,#10133,.T.);
#10133 = EDGE_CURVE('',#10125,#8301,#10134,.T.);
#10134 = LINE('',#10135,#10136);
#10135 = CARTESIAN_POINT('',(2.05,0.43,1.07));
#10136 = VECTOR('',#10137,1.);
#10137 = DIRECTION('',(-1.,-1.110223024625E-16,0.));
#10138 = PLANE('',#10139);
#10139 = AXIS2_PLACEMENT_3D('',#10140,#10141,#10142);
#10140 = CARTESIAN_POINT('',(2.36428338358,0.43,0.486745383416));
#10141 = DIRECTION('',(1.110223024625E-16,-1.,0.));
#10142 = DIRECTION('',(0.,0.,1.));
#10143 = ADVANCED_FACE('',(#10144),#10160,.F.);
#10144 = FACE_BOUND('',#10145,.F.);
#10145 = EDGE_LOOP('',(#10146,#10152,#10153,#10159));
#10146 = ORIENTED_EDGE('',*,*,#10147,.F.);
#10147 = EDGE_CURVE('',#8301,#8735,#10148,.T.);
#10148 = LINE('',#10149,#10150);
#10149 = CARTESIAN_POINT('',(2.05,0.43,1.07));
#10150 = VECTOR('',#10151,1.);
#10151 = DIRECTION('',(-1.,-1.110223024625E-16,0.));
#10152 = ORIENTED_EDGE('',*,*,#8317,.T.);
#10153 = ORIENTED_EDGE('',*,*,#10154,.T.);
#10154 = EDGE_CURVE('',#8310,#8743,#10155,.T.);
#10155 = LINE('',#10156,#10157);
#10156 = CARTESIAN_POINT('',(2.05,-0.43,1.07));
#10157 = VECTOR('',#10158,1.);
#10158 = DIRECTION('',(-1.,-1.110223024625E-16,0.));
#10159 = ORIENTED_EDGE('',*,*,#8742,.F.);
#10160 = PLANE('',#10161);
#10161 = AXIS2_PLACEMENT_3D('',#10162,#10163,#10164);
#10162 = CARTESIAN_POINT('',(-3.029853686583E-16,2.415,1.07));
#10163 = DIRECTION('',(1.056799485453E-32,2.825121699139E-27,-1.));
#10164 = DIRECTION('',(1.,1.115802992483E-16,1.056799485485E-32));
#10165 = ADVANCED_FACE('',(#10166),#10252,.F.);
#10166 = FACE_BOUND('',#10167,.F.);
#10167 = EDGE_LOOP('',(#10168,#10169,#10170,#10179,#10187,#10196,#10204,
    #10212,#10220,#10229,#10237,#10246));
#10168 = ORIENTED_EDGE('',*,*,#8309,.F.);
#10169 = ORIENTED_EDGE('',*,*,#8331,.T.);
#10170 = ORIENTED_EDGE('',*,*,#10171,.T.);
#10171 = EDGE_CURVE('',#8332,#10172,#10174,.T.);
#10172 = VERTEX_POINT('',#10173);
#10173 = CARTESIAN_POINT('',(2.148480775301,-0.43,0.797364817767));
#10174 = CIRCLE('',#10175,0.1);
#10175 = AXIS2_PLACEMENT_3D('',#10176,#10177,#10178);
#10176 = CARTESIAN_POINT('',(2.05,-0.43,0.78));
#10177 = DIRECTION('',(-1.110223024625E-16,1.,0.));
#10178 = DIRECTION('',(-4.440892098501E-15,-4.930380657631E-31,1.));
#10179 = ORIENTED_EDGE('',*,*,#10180,.T.);
#10180 = EDGE_CURVE('',#10172,#10181,#10183,.T.);
#10181 = VERTEX_POINT('',#10182);
#10182 = CARTESIAN_POINT('',(2.240805972174,-0.43,0.239642028477));
#10183 = LINE('',#10184,#10185);
#10184 = CARTESIAN_POINT('',(2.148480775301,-0.43,0.797364817767));
#10185 = VECTOR('',#10186,1.);
#10186 = DIRECTION('',(0.163316988218,1.813182806319E-17,-0.986573647205
    ));
#10187 = ORIENTED_EDGE('',*,*,#10188,.T.);
#10188 = EDGE_CURVE('',#10181,#10189,#10191,.T.);
#10189 = VERTEX_POINT('',#10190);
#10190 = CARTESIAN_POINT('',(2.526400220547,-0.43,-5.551115123126E-17));
#10191 = CIRCLE('',#10192,0.29);
#10192 = AXIS2_PLACEMENT_3D('',#10193,#10194,#10195);
#10193 = CARTESIAN_POINT('',(2.526400220547,-0.43,0.29));
#10194 = DIRECTION('',(1.110223024625E-16,-1.,0.));
#10195 = DIRECTION('',(-0.984807753012,-1.093356242223E-16,
    -0.173648177667));
#10196 = ORIENTED_EDGE('',*,*,#10197,.T.);
#10197 = EDGE_CURVE('',#10189,#10198,#10200,.T.);
#10198 = VERTEX_POINT('',#10199);
#10199 = CARTESIAN_POINT('',(2.9975,-0.43,-5.551115123126E-17));
#10200 = LINE('',#10201,#10202);
#10201 = CARTESIAN_POINT('',(2.526400220547,-0.43,-5.551115123126E-17));
#10202 = VECTOR('',#10203,1.);
#10203 = DIRECTION('',(1.,1.110223024625E-16,0.));
#10204 = ORIENTED_EDGE('',*,*,#10205,.T.);
#10205 = EDGE_CURVE('',#10198,#10206,#10208,.T.);
#10206 = VERTEX_POINT('',#10207);
#10207 = CARTESIAN_POINT('',(2.9975,-0.43,0.19));
#10208 = LINE('',#10209,#10210);
#10209 = CARTESIAN_POINT('',(2.9975,-0.43,-5.551115123126E-17));
#10210 = VECTOR('',#10211,1.);
#10211 = DIRECTION('',(0.,0.,1.));
#10212 = ORIENTED_EDGE('',*,*,#10213,.T.);
#10213 = EDGE_CURVE('',#10206,#10214,#10216,.T.);
#10214 = VERTEX_POINT('',#10215);
#10215 = CARTESIAN_POINT('',(2.526400220547,-0.43,0.19));
#10216 = LINE('',#10217,#10218);
#10217 = CARTESIAN_POINT('',(2.9975,-0.43,0.19));
#10218 = VECTOR('',#10219,1.);
#10219 = DIRECTION('',(-1.,-1.110223024625E-16,0.));
#10220 = ORIENTED_EDGE('',*,*,#10221,.T.);
#10221 = EDGE_CURVE('',#10214,#10222,#10224,.T.);
#10222 = VERTEX_POINT('',#10223);
#10223 = CARTESIAN_POINT('',(2.427919445246,-0.43,0.272635182233));
#10224 = CIRCLE('',#10225,0.1);
#10225 = AXIS2_PLACEMENT_3D('',#10226,#10227,#10228);
#10226 = CARTESIAN_POINT('',(2.526400220547,-0.43,0.29));
#10227 = DIRECTION('',(-1.110223024625E-16,1.,0.));
#10228 = DIRECTION('',(0.,0.,-1.));
#10229 = ORIENTED_EDGE('',*,*,#10230,.T.);
#10230 = EDGE_CURVE('',#10222,#10231,#10233,.T.);
#10231 = VERTEX_POINT('',#10232);
#10232 = CARTESIAN_POINT('',(2.335594248374,-0.43,0.830357971523));
#10233 = LINE('',#10234,#10235);
#10234 = CARTESIAN_POINT('',(2.427919445246,-0.43,0.272635182233));
#10235 = VECTOR('',#10236,1.);
#10236 = DIRECTION('',(-0.163316988218,-1.813182806319E-17,
    0.986573647205));
#10237 = ORIENTED_EDGE('',*,*,#10238,.T.);
#10238 = EDGE_CURVE('',#10231,#10239,#10241,.T.);
#10239 = VERTEX_POINT('',#10240);
#10240 = CARTESIAN_POINT('',(2.05,-0.43,1.07));
#10241 = CIRCLE('',#10242,0.29);
#10242 = AXIS2_PLACEMENT_3D('',#10243,#10244,#10245);
#10243 = CARTESIAN_POINT('',(2.05,-0.43,0.78));
#10244 = DIRECTION('',(1.110223024625E-16,-1.,0.));
#10245 = DIRECTION('',(0.984807753012,1.093356242223E-16,0.173648177667)
  );
#10246 = ORIENTED_EDGE('',*,*,#10247,.T.);
#10247 = EDGE_CURVE('',#10239,#8310,#10248,.T.);
#10248 = LINE('',#10249,#10250);
#10249 = CARTESIAN_POINT('',(2.05,-0.43,1.07));
#10250 = VECTOR('',#10251,1.);
#10251 = DIRECTION('',(-1.,-1.110223024625E-16,0.));
#10252 = PLANE('',#10253);
#10253 = AXIS2_PLACEMENT_3D('',#10254,#10255,#10256);
#10254 = CARTESIAN_POINT('',(2.36428338358,-0.43,0.486745383416));
#10255 = DIRECTION('',(1.110223024625E-16,-1.,0.));
#10256 = DIRECTION('',(0.,0.,1.));
#10257 = ADVANCED_FACE('',(#10258),#10277,.F.);
#10258 = FACE_BOUND('',#10259,.F.);
#10259 = EDGE_LOOP('',(#10260,#10261,#10270,#10276));
#10260 = ORIENTED_EDGE('',*,*,#8348,.T.);
#10261 = ORIENTED_EDGE('',*,*,#10262,.T.);
#10262 = EDGE_CURVE('',#8341,#10263,#10265,.T.);
#10263 = VERTEX_POINT('',#10264);
#10264 = CARTESIAN_POINT('',(2.148480775301,-0.84,0.797364817767));
#10265 = CIRCLE('',#10266,0.1);
#10266 = AXIS2_PLACEMENT_3D('',#10267,#10268,#10269);
#10267 = CARTESIAN_POINT('',(2.05,-0.84,0.78));
#10268 = DIRECTION('',(-1.110223024625E-16,1.,0.));
#10269 = DIRECTION('',(-4.440892098501E-15,-4.930380657631E-31,1.));
#10270 = ORIENTED_EDGE('',*,*,#10271,.F.);
#10271 = EDGE_CURVE('',#10172,#10263,#10272,.T.);
#10272 = LINE('',#10273,#10274);
#10273 = CARTESIAN_POINT('',(2.148480775301,-0.43,0.797364817767));
#10274 = VECTOR('',#10275,1.);
#10275 = DIRECTION('',(1.110223024625E-16,-1.,0.));
#10276 = ORIENTED_EDGE('',*,*,#10171,.F.);
#10277 = CYLINDRICAL_SURFACE('',#10278,0.1);
#10278 = AXIS2_PLACEMENT_3D('',#10279,#10280,#10281);
#10279 = CARTESIAN_POINT('',(2.05,-0.43,0.78));
#10280 = DIRECTION('',(-1.110223024625E-16,1.,0.));
#10281 = DIRECTION('',(-4.440892098501E-15,-4.930380657631E-31,1.));
#10282 = ADVANCED_FACE('',(#10283),#10361,.T.);
#10283 = FACE_BOUND('',#10284,.T.);
#10284 = EDGE_LOOP('',(#10285,#10286,#10287,#10288,#10296,#10305,#10313,
    #10321,#10329,#10338,#10346,#10355));
#10285 = ORIENTED_EDGE('',*,*,#8362,.F.);
#10286 = ORIENTED_EDGE('',*,*,#8340,.T.);
#10287 = ORIENTED_EDGE('',*,*,#10262,.T.);
#10288 = ORIENTED_EDGE('',*,*,#10289,.T.);
#10289 = EDGE_CURVE('',#10263,#10290,#10292,.T.);
#10290 = VERTEX_POINT('',#10291);
#10291 = CARTESIAN_POINT('',(2.240805972174,-0.84,0.239642028477));
#10292 = LINE('',#10293,#10294);
#10293 = CARTESIAN_POINT('',(2.148480775301,-0.84,0.797364817767));
#10294 = VECTOR('',#10295,1.);
#10295 = DIRECTION('',(0.163316988218,1.813182806319E-17,-0.986573647205
    ));
#10296 = ORIENTED_EDGE('',*,*,#10297,.T.);
#10297 = EDGE_CURVE('',#10290,#10298,#10300,.T.);
#10298 = VERTEX_POINT('',#10299);
#10299 = CARTESIAN_POINT('',(2.526400220547,-0.84,-5.551115123126E-17));
#10300 = CIRCLE('',#10301,0.29);
#10301 = AXIS2_PLACEMENT_3D('',#10302,#10303,#10304);
#10302 = CARTESIAN_POINT('',(2.526400220547,-0.84,0.29));
#10303 = DIRECTION('',(1.110223024625E-16,-1.,0.));
#10304 = DIRECTION('',(-0.984807753012,-1.093356242223E-16,
    -0.173648177667));
#10305 = ORIENTED_EDGE('',*,*,#10306,.T.);
#10306 = EDGE_CURVE('',#10298,#10307,#10309,.T.);
#10307 = VERTEX_POINT('',#10308);
#10308 = CARTESIAN_POINT('',(2.9975,-0.84,-5.551115123126E-17));
#10309 = LINE('',#10310,#10311);
#10310 = CARTESIAN_POINT('',(2.526400220547,-0.84,-5.551115123126E-17));
#10311 = VECTOR('',#10312,1.);
#10312 = DIRECTION('',(1.,1.110223024625E-16,0.));
#10313 = ORIENTED_EDGE('',*,*,#10314,.T.);
#10314 = EDGE_CURVE('',#10307,#10315,#10317,.T.);
#10315 = VERTEX_POINT('',#10316);
#10316 = CARTESIAN_POINT('',(2.9975,-0.84,0.19));
#10317 = LINE('',#10318,#10319);
#10318 = CARTESIAN_POINT('',(2.9975,-0.84,-5.551115123126E-17));
#10319 = VECTOR('',#10320,1.);
#10320 = DIRECTION('',(0.,0.,1.));
#10321 = ORIENTED_EDGE('',*,*,#10322,.T.);
#10322 = EDGE_CURVE('',#10315,#10323,#10325,.T.);
#10323 = VERTEX_POINT('',#10324);
#10324 = CARTESIAN_POINT('',(2.526400220547,-0.84,0.19));
#10325 = LINE('',#10326,#10327);
#10326 = CARTESIAN_POINT('',(2.9975,-0.84,0.19));
#10327 = VECTOR('',#10328,1.);
#10328 = DIRECTION('',(-1.,-1.110223024625E-16,0.));
#10329 = ORIENTED_EDGE('',*,*,#10330,.T.);
#10330 = EDGE_CURVE('',#10323,#10331,#10333,.T.);
#10331 = VERTEX_POINT('',#10332);
#10332 = CARTESIAN_POINT('',(2.427919445246,-0.84,0.272635182233));
#10333 = CIRCLE('',#10334,0.1);
#10334 = AXIS2_PLACEMENT_3D('',#10335,#10336,#10337);
#10335 = CARTESIAN_POINT('',(2.526400220547,-0.84,0.29));
#10336 = DIRECTION('',(-1.110223024625E-16,1.,0.));
#10337 = DIRECTION('',(0.,0.,-1.));
#10338 = ORIENTED_EDGE('',*,*,#10339,.T.);
#10339 = EDGE_CURVE('',#10331,#10340,#10342,.T.);
#10340 = VERTEX_POINT('',#10341);
#10341 = CARTESIAN_POINT('',(2.335594248374,-0.84,0.830357971523));
#10342 = LINE('',#10343,#10344);
#10343 = CARTESIAN_POINT('',(2.427919445246,-0.84,0.272635182233));
#10344 = VECTOR('',#10345,1.);
#10345 = DIRECTION('',(-0.163316988218,-1.813182806319E-17,
    0.986573647205));
#10346 = ORIENTED_EDGE('',*,*,#10347,.T.);
#10347 = EDGE_CURVE('',#10340,#10348,#10350,.T.);
#10348 = VERTEX_POINT('',#10349);
#10349 = CARTESIAN_POINT('',(2.05,-0.84,1.07));
#10350 = CIRCLE('',#10351,0.29);
#10351 = AXIS2_PLACEMENT_3D('',#10352,#10353,#10354);
#10352 = CARTESIAN_POINT('',(2.05,-0.84,0.78));
#10353 = DIRECTION('',(1.110223024625E-16,-1.,0.));
#10354 = DIRECTION('',(0.984807753012,1.093356242223E-16,0.173648177667)
  );
#10355 = ORIENTED_EDGE('',*,*,#10356,.T.);
#10356 = EDGE_CURVE('',#10348,#8363,#10357,.T.);
#10357 = LINE('',#10358,#10359);
#10358 = CARTESIAN_POINT('',(2.05,-0.84,1.07));
#10359 = VECTOR('',#10360,1.);
#10360 = DIRECTION('',(-1.,-1.110223024625E-16,0.));
#10361 = PLANE('',#10362);
#10362 = AXIS2_PLACEMENT_3D('',#10363,#10364,#10365);
#10363 = CARTESIAN_POINT('',(2.36428338358,-0.84,0.486745383416));
#10364 = DIRECTION('',(1.110223024625E-16,-1.,0.));
#10365 = DIRECTION('',(0.,0.,1.));
#10366 = ADVANCED_FACE('',(#10367),#10383,.F.);
#10367 = FACE_BOUND('',#10368,.F.);
#10368 = EDGE_LOOP('',(#10369,#10375,#10376,#10382));
#10369 = ORIENTED_EDGE('',*,*,#10370,.F.);
#10370 = EDGE_CURVE('',#8363,#8751,#10371,.T.);
#10371 = LINE('',#10372,#10373);
#10372 = CARTESIAN_POINT('',(2.05,-0.84,1.07));
#10373 = VECTOR('',#10374,1.);
#10374 = DIRECTION('',(-1.,-1.110223024625E-16,0.));
#10375 = ORIENTED_EDGE('',*,*,#8379,.T.);
#10376 = ORIENTED_EDGE('',*,*,#10377,.T.);
#10377 = EDGE_CURVE('',#8372,#8759,#10378,.T.);
#10378 = LINE('',#10379,#10380);
#10379 = CARTESIAN_POINT('',(2.05,-1.7,1.07));
#10380 = VECTOR('',#10381,1.);
#10381 = DIRECTION('',(-1.,-1.110223024625E-16,0.));
#10382 = ORIENTED_EDGE('',*,*,#8758,.F.);
#10383 = PLANE('',#10384);
#10384 = AXIS2_PLACEMENT_3D('',#10385,#10386,#10387);
#10385 = CARTESIAN_POINT('',(-3.029853686583E-16,2.415,1.07));
#10386 = DIRECTION('',(1.056799485453E-32,2.825121699139E-27,-1.));
#10387 = DIRECTION('',(1.,1.115802992483E-16,1.056799485485E-32));
#10388 = ADVANCED_FACE('',(#10389),#10475,.F.);
#10389 = FACE_BOUND('',#10390,.F.);
#10390 = EDGE_LOOP('',(#10391,#10392,#10393,#10402,#10410,#10419,#10427,
    #10435,#10443,#10452,#10460,#10469));
#10391 = ORIENTED_EDGE('',*,*,#8371,.F.);
#10392 = ORIENTED_EDGE('',*,*,#8393,.T.);
#10393 = ORIENTED_EDGE('',*,*,#10394,.T.);
#10394 = EDGE_CURVE('',#8394,#10395,#10397,.T.);
#10395 = VERTEX_POINT('',#10396);
#10396 = CARTESIAN_POINT('',(2.148480775301,-1.7,0.797364817767));
#10397 = CIRCLE('',#10398,0.1);
#10398 = AXIS2_PLACEMENT_3D('',#10399,#10400,#10401);
#10399 = CARTESIAN_POINT('',(2.05,-1.7,0.78));
#10400 = DIRECTION('',(-1.110223024625E-16,1.,0.));
#10401 = DIRECTION('',(-4.440892098501E-15,-4.930380657631E-31,1.));
#10402 = ORIENTED_EDGE('',*,*,#10403,.T.);
#10403 = EDGE_CURVE('',#10395,#10404,#10406,.T.);
#10404 = VERTEX_POINT('',#10405);
#10405 = CARTESIAN_POINT('',(2.240805972174,-1.7,0.239642028477));
#10406 = LINE('',#10407,#10408);
#10407 = CARTESIAN_POINT('',(2.148480775301,-1.7,0.797364817767));
#10408 = VECTOR('',#10409,1.);
#10409 = DIRECTION('',(0.163316988218,1.813182806319E-17,-0.986573647205
    ));
#10410 = ORIENTED_EDGE('',*,*,#10411,.T.);
#10411 = EDGE_CURVE('',#10404,#10412,#10414,.T.);
#10412 = VERTEX_POINT('',#10413);
#10413 = CARTESIAN_POINT('',(2.526400220547,-1.7,-5.551115123126E-17));
#10414 = CIRCLE('',#10415,0.29);
#10415 = AXIS2_PLACEMENT_3D('',#10416,#10417,#10418);
#10416 = CARTESIAN_POINT('',(2.526400220547,-1.7,0.29));
#10417 = DIRECTION('',(1.110223024625E-16,-1.,0.));
#10418 = DIRECTION('',(-0.984807753012,-1.093356242223E-16,
    -0.173648177667));
#10419 = ORIENTED_EDGE('',*,*,#10420,.T.);
#10420 = EDGE_CURVE('',#10412,#10421,#10423,.T.);
#10421 = VERTEX_POINT('',#10422);
#10422 = CARTESIAN_POINT('',(2.9975,-1.7,-5.551115123126E-17));
#10423 = LINE('',#10424,#10425);
#10424 = CARTESIAN_POINT('',(2.526400220547,-1.7,-5.551115123126E-17));
#10425 = VECTOR('',#10426,1.);
#10426 = DIRECTION('',(1.,1.110223024625E-16,0.));
#10427 = ORIENTED_EDGE('',*,*,#10428,.T.);
#10428 = EDGE_CURVE('',#10421,#10429,#10431,.T.);
#10429 = VERTEX_POINT('',#10430);
#10430 = CARTESIAN_POINT('',(2.9975,-1.7,0.19));
#10431 = LINE('',#10432,#10433);
#10432 = CARTESIAN_POINT('',(2.9975,-1.7,-5.551115123126E-17));
#10433 = VECTOR('',#10434,1.);
#10434 = DIRECTION('',(0.,0.,1.));
#10435 = ORIENTED_EDGE('',*,*,#10436,.T.);
#10436 = EDGE_CURVE('',#10429,#10437,#10439,.T.);
#10437 = VERTEX_POINT('',#10438);
#10438 = CARTESIAN_POINT('',(2.526400220547,-1.7,0.19));
#10439 = LINE('',#10440,#10441);
#10440 = CARTESIAN_POINT('',(2.9975,-1.7,0.19));
#10441 = VECTOR('',#10442,1.);
#10442 = DIRECTION('',(-1.,-1.110223024625E-16,0.));
#10443 = ORIENTED_EDGE('',*,*,#10444,.T.);
#10444 = EDGE_CURVE('',#10437,#10445,#10447,.T.);
#10445 = VERTEX_POINT('',#10446);
#10446 = CARTESIAN_POINT('',(2.427919445246,-1.7,0.272635182233));
#10447 = CIRCLE('',#10448,0.1);
#10448 = AXIS2_PLACEMENT_3D('',#10449,#10450,#10451);
#10449 = CARTESIAN_POINT('',(2.526400220547,-1.7,0.29));
#10450 = DIRECTION('',(-1.110223024625E-16,1.,0.));
#10451 = DIRECTION('',(0.,0.,-1.));
#10452 = ORIENTED_EDGE('',*,*,#10453,.T.);
#10453 = EDGE_CURVE('',#10445,#10454,#10456,.T.);
#10454 = VERTEX_POINT('',#10455);
#10455 = CARTESIAN_POINT('',(2.335594248374,-1.7,0.830357971523));
#10456 = LINE('',#10457,#10458);
#10457 = CARTESIAN_POINT('',(2.427919445246,-1.7,0.272635182233));
#10458 = VECTOR('',#10459,1.);
#10459 = DIRECTION('',(-0.163316988218,-1.813182806319E-17,
    0.986573647205));
#10460 = ORIENTED_EDGE('',*,*,#10461,.T.);
#10461 = EDGE_CURVE('',#10454,#10462,#10464,.T.);
#10462 = VERTEX_POINT('',#10463);
#10463 = CARTESIAN_POINT('',(2.05,-1.7,1.07));
#10464 = CIRCLE('',#10465,0.29);
#10465 = AXIS2_PLACEMENT_3D('',#10466,#10467,#10468);
#10466 = CARTESIAN_POINT('',(2.05,-1.7,0.78));
#10467 = DIRECTION('',(1.110223024625E-16,-1.,0.));
#10468 = DIRECTION('',(0.984807753012,1.093356242223E-16,0.173648177667)
  );
#10469 = ORIENTED_EDGE('',*,*,#10470,.T.);
#10470 = EDGE_CURVE('',#10462,#8372,#10471,.T.);
#10471 = LINE('',#10472,#10473);
#10472 = CARTESIAN_POINT('',(2.05,-1.7,1.07));
#10473 = VECTOR('',#10474,1.);
#10474 = DIRECTION('',(-1.,-1.110223024625E-16,0.));
#10475 = PLANE('',#10476);
#10476 = AXIS2_PLACEMENT_3D('',#10477,#10478,#10479);
#10477 = CARTESIAN_POINT('',(2.36428338358,-1.7,0.486745383416));
#10478 = DIRECTION('',(1.110223024625E-16,-1.,0.));
#10479 = DIRECTION('',(0.,0.,1.));
#10480 = ADVANCED_FACE('',(#10481),#10500,.F.);
#10481 = FACE_BOUND('',#10482,.F.);
#10482 = EDGE_LOOP('',(#10483,#10484,#10493,#10499));
#10483 = ORIENTED_EDGE('',*,*,#8410,.T.);
#10484 = ORIENTED_EDGE('',*,*,#10485,.T.);
#10485 = EDGE_CURVE('',#8403,#10486,#10488,.T.);
#10486 = VERTEX_POINT('',#10487);
#10487 = CARTESIAN_POINT('',(2.148480775301,-2.11,0.797364817767));
#10488 = CIRCLE('',#10489,0.1);
#10489 = AXIS2_PLACEMENT_3D('',#10490,#10491,#10492);
#10490 = CARTESIAN_POINT('',(2.05,-2.11,0.78));
#10491 = DIRECTION('',(-1.110223024625E-16,1.,0.));
#10492 = DIRECTION('',(-4.440892098501E-15,-4.930380657631E-31,1.));
#10493 = ORIENTED_EDGE('',*,*,#10494,.F.);
#10494 = EDGE_CURVE('',#10395,#10486,#10495,.T.);
#10495 = LINE('',#10496,#10497);
#10496 = CARTESIAN_POINT('',(2.148480775301,-1.7,0.797364817767));
#10497 = VECTOR('',#10498,1.);
#10498 = DIRECTION('',(1.110223024625E-16,-1.,0.));
#10499 = ORIENTED_EDGE('',*,*,#10394,.F.);
#10500 = CYLINDRICAL_SURFACE('',#10501,0.1);
#10501 = AXIS2_PLACEMENT_3D('',#10502,#10503,#10504);
#10502 = CARTESIAN_POINT('',(2.05,-1.7,0.78));
#10503 = DIRECTION('',(-1.110223024625E-16,1.,0.));
#10504 = DIRECTION('',(-4.440892098501E-15,-4.930380657631E-31,1.));
#10505 = ADVANCED_FACE('',(#10506),#10584,.T.);
#10506 = FACE_BOUND('',#10507,.T.);
#10507 = EDGE_LOOP('',(#10508,#10509,#10510,#10511,#10519,#10528,#10536,
    #10544,#10552,#10561,#10569,#10578));
#10508 = ORIENTED_EDGE('',*,*,#8424,.F.);
#10509 = ORIENTED_EDGE('',*,*,#8402,.T.);
#10510 = ORIENTED_EDGE('',*,*,#10485,.T.);
#10511 = ORIENTED_EDGE('',*,*,#10512,.T.);
#10512 = EDGE_CURVE('',#10486,#10513,#10515,.T.);
#10513 = VERTEX_POINT('',#10514);
#10514 = CARTESIAN_POINT('',(2.240805972174,-2.11,0.239642028477));
#10515 = LINE('',#10516,#10517);
#10516 = CARTESIAN_POINT('',(2.148480775301,-2.11,0.797364817767));
#10517 = VECTOR('',#10518,1.);
#10518 = DIRECTION('',(0.163316988218,1.813182806319E-17,-0.986573647205
    ));
#10519 = ORIENTED_EDGE('',*,*,#10520,.T.);
#10520 = EDGE_CURVE('',#10513,#10521,#10523,.T.);
#10521 = VERTEX_POINT('',#10522);
#10522 = CARTESIAN_POINT('',(2.526400220547,-2.11,-5.551115123126E-17));
#10523 = CIRCLE('',#10524,0.29);
#10524 = AXIS2_PLACEMENT_3D('',#10525,#10526,#10527);
#10525 = CARTESIAN_POINT('',(2.526400220547,-2.11,0.29));
#10526 = DIRECTION('',(1.110223024625E-16,-1.,0.));
#10527 = DIRECTION('',(-0.984807753012,-1.093356242223E-16,
    -0.173648177667));
#10528 = ORIENTED_EDGE('',*,*,#10529,.T.);
#10529 = EDGE_CURVE('',#10521,#10530,#10532,.T.);
#10530 = VERTEX_POINT('',#10531);
#10531 = CARTESIAN_POINT('',(2.9975,-2.11,-5.551115123126E-17));
#10532 = LINE('',#10533,#10534);
#10533 = CARTESIAN_POINT('',(2.526400220547,-2.11,-5.551115123126E-17));
#10534 = VECTOR('',#10535,1.);
#10535 = DIRECTION('',(1.,1.110223024625E-16,0.));
#10536 = ORIENTED_EDGE('',*,*,#10537,.T.);
#10537 = EDGE_CURVE('',#10530,#10538,#10540,.T.);
#10538 = VERTEX_POINT('',#10539);
#10539 = CARTESIAN_POINT('',(2.9975,-2.11,0.19));
#10540 = LINE('',#10541,#10542);
#10541 = CARTESIAN_POINT('',(2.9975,-2.11,-5.551115123126E-17));
#10542 = VECTOR('',#10543,1.);
#10543 = DIRECTION('',(0.,0.,1.));
#10544 = ORIENTED_EDGE('',*,*,#10545,.T.);
#10545 = EDGE_CURVE('',#10538,#10546,#10548,.T.);
#10546 = VERTEX_POINT('',#10547);
#10547 = CARTESIAN_POINT('',(2.526400220547,-2.11,0.19));
#10548 = LINE('',#10549,#10550);
#10549 = CARTESIAN_POINT('',(2.9975,-2.11,0.19));
#10550 = VECTOR('',#10551,1.);
#10551 = DIRECTION('',(-1.,-1.110223024625E-16,0.));
#10552 = ORIENTED_EDGE('',*,*,#10553,.T.);
#10553 = EDGE_CURVE('',#10546,#10554,#10556,.T.);
#10554 = VERTEX_POINT('',#10555);
#10555 = CARTESIAN_POINT('',(2.427919445246,-2.11,0.272635182233));
#10556 = CIRCLE('',#10557,0.1);
#10557 = AXIS2_PLACEMENT_3D('',#10558,#10559,#10560);
#10558 = CARTESIAN_POINT('',(2.526400220547,-2.11,0.29));
#10559 = DIRECTION('',(-1.110223024625E-16,1.,0.));
#10560 = DIRECTION('',(0.,0.,-1.));
#10561 = ORIENTED_EDGE('',*,*,#10562,.T.);
#10562 = EDGE_CURVE('',#10554,#10563,#10565,.T.);
#10563 = VERTEX_POINT('',#10564);
#10564 = CARTESIAN_POINT('',(2.335594248374,-2.11,0.830357971523));
#10565 = LINE('',#10566,#10567);
#10566 = CARTESIAN_POINT('',(2.427919445246,-2.11,0.272635182233));
#10567 = VECTOR('',#10568,1.);
#10568 = DIRECTION('',(-0.163316988218,-1.813182806319E-17,
    0.986573647205));
#10569 = ORIENTED_EDGE('',*,*,#10570,.T.);
#10570 = EDGE_CURVE('',#10563,#10571,#10573,.T.);
#10571 = VERTEX_POINT('',#10572);
#10572 = CARTESIAN_POINT('',(2.05,-2.11,1.07));
#10573 = CIRCLE('',#10574,0.29);
#10574 = AXIS2_PLACEMENT_3D('',#10575,#10576,#10577);
#10575 = CARTESIAN_POINT('',(2.05,-2.11,0.78));
#10576 = DIRECTION('',(1.110223024625E-16,-1.,0.));
#10577 = DIRECTION('',(0.984807753012,1.093356242223E-16,0.173648177667)
  );
#10578 = ORIENTED_EDGE('',*,*,#10579,.T.);
#10579 = EDGE_CURVE('',#10571,#8425,#10580,.T.);
#10580 = LINE('',#10581,#10582);
#10581 = CARTESIAN_POINT('',(2.05,-2.11,1.07));
#10582 = VECTOR('',#10583,1.);
#10583 = DIRECTION('',(-1.,-1.110223024625E-16,0.));
#10584 = PLANE('',#10585);
#10585 = AXIS2_PLACEMENT_3D('',#10586,#10587,#10588);
#10586 = CARTESIAN_POINT('',(2.36428338358,-2.11,0.486745383416));
#10587 = DIRECTION('',(1.110223024625E-16,-1.,0.));
#10588 = DIRECTION('',(0.,0.,1.));
#10589 = ADVANCED_FACE('',(#10590),#10601,.T.);
#10590 = FACE_BOUND('',#10591,.T.);
#10591 = EDGE_LOOP('',(#10592,#10593,#10594,#10595));
#10592 = ORIENTED_EDGE('',*,*,#9624,.T.);
#10593 = ORIENTED_EDGE('',*,*,#8525,.T.);
#10594 = ORIENTED_EDGE('',*,*,#9726,.F.);
#10595 = ORIENTED_EDGE('',*,*,#10596,.F.);
#10596 = EDGE_CURVE('',#9617,#9719,#10597,.T.);
#10597 = LINE('',#10598,#10599);
#10598 = CARTESIAN_POINT('',(-2.335594248374,1.7,0.830357971523));
#10599 = VECTOR('',#10600,1.);
#10600 = DIRECTION('',(1.144237745222E-17,1.,0.));
#10601 = CYLINDRICAL_SURFACE('',#10602,0.29);
#10602 = AXIS2_PLACEMENT_3D('',#10603,#10604,#10605);
#10603 = CARTESIAN_POINT('',(-2.05,1.7,0.78));
#10604 = DIRECTION('',(-1.144237745222E-17,-1.,0.));
#10605 = DIRECTION('',(-0.984807753012,1.126854202784E-17,0.173648177667
    ));
#10606 = ADVANCED_FACE('',(#10607),#10620,.F.);
#10607 = FACE_BOUND('',#10608,.F.);
#10608 = EDGE_LOOP('',(#10609,#10610,#10616,#10617,#10618,#10619));
#10609 = ORIENTED_EDGE('',*,*,#8969,.F.);
#10610 = ORIENTED_EDGE('',*,*,#10611,.T.);
#10611 = EDGE_CURVE('',#8961,#9070,#10612,.T.);
#10612 = LINE('',#10613,#10614);
#10613 = CARTESIAN_POINT('',(-2.05,-2.11,1.07));
#10614 = VECTOR('',#10615,1.);
#10615 = DIRECTION('',(1.144237745222E-17,1.,0.));
#10616 = ORIENTED_EDGE('',*,*,#9078,.T.);
#10617 = ORIENTED_EDGE('',*,*,#9100,.T.);
#10618 = ORIENTED_EDGE('',*,*,#8572,.F.);
#10619 = ORIENTED_EDGE('',*,*,#8843,.F.);
#10620 = PLANE('',#10621);
#10621 = AXIS2_PLACEMENT_3D('',#10622,#10623,#10624);
#10622 = CARTESIAN_POINT('',(-2.05,-2.11,1.07));
#10623 = DIRECTION('',(0.,0.,-1.));
#10624 = DIRECTION('',(1.,-1.144237745222E-17,0.));
#10625 = ADVANCED_FACE('',(#10626),#10639,.F.);
#10626 = FACE_BOUND('',#10627,.F.);
#10627 = EDGE_LOOP('',(#10628,#10629,#10635,#10636,#10637,#10638));
#10628 = ORIENTED_EDGE('',*,*,#9192,.F.);
#10629 = ORIENTED_EDGE('',*,*,#10630,.T.);
#10630 = EDGE_CURVE('',#9184,#9293,#10631,.T.);
#10631 = LINE('',#10632,#10633);
#10632 = CARTESIAN_POINT('',(-2.05,-0.84,1.07));
#10633 = VECTOR('',#10634,1.);
#10634 = DIRECTION('',(1.144237745222E-17,1.,0.));
#10635 = ORIENTED_EDGE('',*,*,#9301,.T.);
#10636 = ORIENTED_EDGE('',*,*,#9323,.T.);
#10637 = ORIENTED_EDGE('',*,*,#8588,.F.);
#10638 = ORIENTED_EDGE('',*,*,#9093,.F.);
#10639 = PLANE('',#10640);
#10640 = AXIS2_PLACEMENT_3D('',#10641,#10642,#10643);
#10641 = CARTESIAN_POINT('',(-2.05,-0.84,1.07));
#10642 = DIRECTION('',(0.,0.,-1.));
#10643 = DIRECTION('',(1.,-1.144237745222E-17,0.));
#10644 = ADVANCED_FACE('',(#10645),#10658,.F.);
#10645 = FACE_BOUND('',#10646,.F.);
#10646 = EDGE_LOOP('',(#10647,#10648,#10654,#10655,#10656,#10657));
#10647 = ORIENTED_EDGE('',*,*,#9415,.F.);
#10648 = ORIENTED_EDGE('',*,*,#10649,.T.);
#10649 = EDGE_CURVE('',#9407,#9516,#10650,.T.);
#10650 = LINE('',#10651,#10652);
#10651 = CARTESIAN_POINT('',(-2.05,0.43,1.07));
#10652 = VECTOR('',#10653,1.);
#10653 = DIRECTION('',(1.144237745222E-17,1.,0.));
#10654 = ORIENTED_EDGE('',*,*,#9524,.T.);
#10655 = ORIENTED_EDGE('',*,*,#9541,.T.);
#10656 = ORIENTED_EDGE('',*,*,#8604,.F.);
#10657 = ORIENTED_EDGE('',*,*,#9316,.F.);
#10658 = PLANE('',#10659);
#10659 = AXIS2_PLACEMENT_3D('',#10660,#10661,#10662);
#10660 = CARTESIAN_POINT('',(-2.05,0.43,1.07));
#10661 = DIRECTION('',(0.,0.,-1.));
#10662 = DIRECTION('',(1.,-1.144237745222E-17,0.));
#10663 = ADVANCED_FACE('',(#10664,#10693),#10704,.T.);
#10664 = FACE_BOUND('',#10665,.T.);
#10665 = EDGE_LOOP('',(#10666,#10667,#10668,#10669,#10677,#10685,#10691,
    #10692));
#10666 = ORIENTED_EDGE('',*,*,#8679,.F.);
#10667 = ORIENTED_EDGE('',*,*,#8656,.F.);
#10668 = ORIENTED_EDGE('',*,*,#8627,.F.);
#10669 = ORIENTED_EDGE('',*,*,#10670,.F.);
#10670 = EDGE_CURVE('',#10671,#8628,#10673,.T.);
#10671 = VERTEX_POINT('',#10672);
#10672 = CARTESIAN_POINT('',(-1.675730068273,-2.253960136547,1.85));
#10673 = LINE('',#10674,#10675);
#10674 = CARTESIAN_POINT('',(-1.675730068273,-2.253960136547,1.85));
#10675 = VECTOR('',#10676,1.);
#10676 = DIRECTION('',(-0.707106781187,0.707106781187,0.));
#10677 = ORIENTED_EDGE('',*,*,#10678,.F.);
#10678 = EDGE_CURVE('',#10679,#10671,#10681,.T.);
#10679 = VERTEX_POINT('',#10680);
#10680 = CARTESIAN_POINT('',(1.675730068273,-2.253960136547,1.85));
#10681 = LINE('',#10682,#10683);
#10682 = CARTESIAN_POINT('',(1.675730068273,-2.253960136547,1.85));
#10683 = VECTOR('',#10684,1.);
#10684 = DIRECTION('',(-1.,-1.110223024625E-16,0.));
#10685 = ORIENTED_EDGE('',*,*,#10686,.F.);
#10686 = EDGE_CURVE('',#8783,#10679,#10687,.T.);
#10687 = LINE('',#10688,#10689);
#10688 = CARTESIAN_POINT('',(1.751460136547,-2.178230068273,1.85));
#10689 = VECTOR('',#10690,1.);
#10690 = DIRECTION('',(-0.707106781187,-0.707106781187,0.));
#10691 = ORIENTED_EDGE('',*,*,#8789,.F.);
#10692 = ORIENTED_EDGE('',*,*,#8702,.F.);
#10693 = FACE_BOUND('',#10694,.T.);
#10694 = EDGE_LOOP('',(#10695));
#10695 = ORIENTED_EDGE('',*,*,#10696,.T.);
#10696 = EDGE_CURVE('',#10697,#10697,#10699,.T.);
#10697 = VERTEX_POINT('',#10698);
#10698 = CARTESIAN_POINT('',(-0.851460136547,1.153960136547,1.85));
#10699 = CIRCLE('',#10700,0.2);
#10700 = AXIS2_PLACEMENT_3D('',#10701,#10702,#10703);
#10701 = CARTESIAN_POINT('',(-0.851460136547,1.353960136547,1.85));
#10702 = DIRECTION('',(0.,-0.,-1.));
#10703 = DIRECTION('',(1.110223024625E-16,-1.,0.));
#10704 = PLANE('',#10705);
#10705 = AXIS2_PLACEMENT_3D('',#10706,#10707,#10708);
#10706 = CARTESIAN_POINT('',(-1.675730068273,2.253960136547,1.85));
#10707 = DIRECTION('',(0.,0.,1.));
#10708 = DIRECTION('',(0.596635914483,-0.802512046981,0.));
#10709 = ADVANCED_FACE('',(#10710),#10720,.F.);
#10710 = FACE_BOUND('',#10711,.F.);
#10711 = EDGE_LOOP('',(#10712,#10713,#10714,#10715));
#10712 = ORIENTED_EDGE('',*,*,#8850,.T.);
#10713 = ORIENTED_EDGE('',*,*,#8635,.T.);
#10714 = ORIENTED_EDGE('',*,*,#10670,.F.);
#10715 = ORIENTED_EDGE('',*,*,#10716,.F.);
#10716 = EDGE_CURVE('',#8851,#10671,#10717,.T.);
#10717 = B_SPLINE_CURVE_WITH_KNOTS('',1,(#10718,#10719),.UNSPECIFIED.,
  .F.,.F.,(2,2),(0.,1.),.PIECEWISE_BEZIER_KNOTS.);
#10718 = CARTESIAN_POINT('',(-1.7375,-2.3775,1.07));
#10719 = CARTESIAN_POINT('',(-1.675730068273,-2.253960136547,1.85));
#10720 = B_SPLINE_SURFACE_WITH_KNOTS('',1,1,(
    (#10721,#10722)
    ,(#10723,#10724
    )),.UNSPECIFIED.,.F.,.F.,.F.,(2,2),(2,2),(0.,0.194454364826),(0.,1.)
  ,.PIECEWISE_BEZIER_KNOTS.);
#10721 = CARTESIAN_POINT('',(-1.7375,-2.3775,1.07));
#10722 = CARTESIAN_POINT('',(-1.675730068273,-2.253960136547,1.85));
#10723 = CARTESIAN_POINT('',(-1.875,-2.24,1.07));
#10724 = CARTESIAN_POINT('',(-1.751460136547,-2.178230068273,1.85));
#10725 = ADVANCED_FACE('',(#10726),#10739,.F.);
#10726 = FACE_BOUND('',#10727,.F.);
#10727 = EDGE_LOOP('',(#10728,#10729,#10735,#10736,#10737,#10738));
#10728 = ORIENTED_EDGE('',*,*,#10024,.F.);
#10729 = ORIENTED_EDGE('',*,*,#10730,.T.);
#10730 = EDGE_CURVE('',#10016,#10125,#10731,.T.);
#10731 = LINE('',#10732,#10733);
#10732 = CARTESIAN_POINT('',(2.05,0.84,1.07));
#10733 = VECTOR('',#10734,1.);
#10734 = DIRECTION('',(1.110223024625E-16,-1.,0.));
#10735 = ORIENTED_EDGE('',*,*,#10133,.T.);
#10736 = ORIENTED_EDGE('',*,*,#10147,.T.);
#10737 = ORIENTED_EDGE('',*,*,#8734,.F.);
#10738 = ORIENTED_EDGE('',*,*,#9931,.F.);
#10739 = PLANE('',#10740);
#10740 = AXIS2_PLACEMENT_3D('',#10741,#10742,#10743);
#10741 = CARTESIAN_POINT('',(2.05,0.84,1.07));
#10742 = DIRECTION('',(0.,0.,-1.));
#10743 = DIRECTION('',(-1.,-1.110223024625E-16,-0.));
#10744 = ADVANCED_FACE('',(#10745),#10758,.F.);
#10745 = FACE_BOUND('',#10746,.F.);
#10746 = EDGE_LOOP('',(#10747,#10748,#10754,#10755,#10756,#10757));
#10747 = ORIENTED_EDGE('',*,*,#10247,.F.);
#10748 = ORIENTED_EDGE('',*,*,#10749,.T.);
#10749 = EDGE_CURVE('',#10239,#10348,#10750,.T.);
#10750 = LINE('',#10751,#10752);
#10751 = CARTESIAN_POINT('',(2.05,-0.43,1.07));
#10752 = VECTOR('',#10753,1.);
#10753 = DIRECTION('',(1.110223024625E-16,-1.,0.));
#10754 = ORIENTED_EDGE('',*,*,#10356,.T.);
#10755 = ORIENTED_EDGE('',*,*,#10370,.T.);
#10756 = ORIENTED_EDGE('',*,*,#8750,.F.);
#10757 = ORIENTED_EDGE('',*,*,#10154,.F.);
#10758 = PLANE('',#10759);
#10759 = AXIS2_PLACEMENT_3D('',#10760,#10761,#10762);
#10760 = CARTESIAN_POINT('',(2.05,-0.43,1.07));
#10761 = DIRECTION('',(0.,0.,-1.));
#10762 = DIRECTION('',(-1.,-1.110223024625E-16,-0.));
#10763 = ADVANCED_FACE('',(#10764),#10777,.F.);
#10764 = FACE_BOUND('',#10765,.F.);
#10765 = EDGE_LOOP('',(#10766,#10767,#10773,#10774,#10775,#10776));
#10766 = ORIENTED_EDGE('',*,*,#10470,.F.);
#10767 = ORIENTED_EDGE('',*,*,#10768,.T.);
#10768 = EDGE_CURVE('',#10462,#10571,#10769,.T.);
#10769 = LINE('',#10770,#10771);
#10770 = CARTESIAN_POINT('',(2.05,-1.7,1.07));
#10771 = VECTOR('',#10772,1.);
#10772 = DIRECTION('',(1.110223024625E-16,-1.,0.));
#10773 = ORIENTED_EDGE('',*,*,#10579,.T.);
#10774 = ORIENTED_EDGE('',*,*,#8873,.T.);
#10775 = ORIENTED_EDGE('',*,*,#8766,.F.);
#10776 = ORIENTED_EDGE('',*,*,#10377,.F.);
#10777 = PLANE('',#10778);
#10778 = AXIS2_PLACEMENT_3D('',#10779,#10780,#10781);
#10779 = CARTESIAN_POINT('',(2.05,-1.7,1.07));
#10780 = DIRECTION('',(0.,0.,-1.));
#10781 = DIRECTION('',(-1.,-1.110223024625E-16,-0.));
#10782 = ADVANCED_FACE('',(#10783),#10793,.F.);
#10783 = FACE_BOUND('',#10784,.F.);
#10784 = EDGE_LOOP('',(#10785,#10786,#10791,#10792));
#10785 = ORIENTED_EDGE('',*,*,#8866,.T.);
#10786 = ORIENTED_EDGE('',*,*,#10787,.T.);
#10787 = EDGE_CURVE('',#8859,#10679,#10788,.T.);
#10788 = B_SPLINE_CURVE_WITH_KNOTS('',1,(#10789,#10790),.UNSPECIFIED.,
  .F.,.F.,(2,2),(0.,1.),.PIECEWISE_BEZIER_KNOTS.);
#10789 = CARTESIAN_POINT('',(1.7375,-2.3775,1.07));
#10790 = CARTESIAN_POINT('',(1.675730068273,-2.253960136547,1.85));
#10791 = ORIENTED_EDGE('',*,*,#10686,.F.);
#10792 = ORIENTED_EDGE('',*,*,#8782,.F.);
#10793 = B_SPLINE_SURFACE_WITH_KNOTS('',1,1,(
    (#10794,#10795)
    ,(#10796,#10797
    )),.UNSPECIFIED.,.F.,.F.,.F.,(2,2),(2,2),(0.,0.194454364826),(0.,1.)
  ,.PIECEWISE_BEZIER_KNOTS.);
#10794 = CARTESIAN_POINT('',(1.875,-2.24,1.07));
#10795 = CARTESIAN_POINT('',(1.751460136547,-2.178230068273,1.85));
#10796 = CARTESIAN_POINT('',(1.7375,-2.3775,1.07));
#10797 = CARTESIAN_POINT('',(1.675730068273,-2.253960136547,1.85));
#10798 = ADVANCED_FACE('',(#10799),#10810,.T.);
#10799 = FACE_BOUND('',#10800,.T.);
#10800 = EDGE_LOOP('',(#10801,#10802,#10803,#10804));
#10801 = ORIENTED_EDGE('',*,*,#9811,.T.);
#10802 = ORIENTED_EDGE('',*,*,#8812,.T.);
#10803 = ORIENTED_EDGE('',*,*,#9913,.F.);
#10804 = ORIENTED_EDGE('',*,*,#10805,.F.);
#10805 = EDGE_CURVE('',#9804,#9906,#10806,.T.);
#10806 = LINE('',#10807,#10808);
#10807 = CARTESIAN_POINT('',(2.335594248374,2.11,0.830357971523));
#10808 = VECTOR('',#10809,1.);
#10809 = DIRECTION('',(1.110223024625E-16,-1.,0.));
#10810 = CYLINDRICAL_SURFACE('',#10811,0.29);
#10811 = AXIS2_PLACEMENT_3D('',#10812,#10813,#10814);
#10812 = CARTESIAN_POINT('',(2.05,2.11,0.78));
#10813 = DIRECTION('',(-1.110223024625E-16,1.,0.));
#10814 = DIRECTION('',(0.984807753012,1.093356242223E-16,0.173648177667)
  );
#10815 = ADVANCED_FACE('',(#10816),#10822,.F.);
#10816 = FACE_BOUND('',#10817,.F.);
#10817 = EDGE_LOOP('',(#10818,#10819,#10820,#10821));
#10818 = ORIENTED_EDGE('',*,*,#8858,.T.);
#10819 = ORIENTED_EDGE('',*,*,#10716,.T.);
#10820 = ORIENTED_EDGE('',*,*,#10678,.F.);
#10821 = ORIENTED_EDGE('',*,*,#10787,.F.);
#10822 = B_SPLINE_SURFACE_WITH_KNOTS('',1,1,(
    (#10823,#10824)
    ,(#10825,#10826
    )),.UNSPECIFIED.,.F.,.F.,.F.,(2,2),(2,2),(0.,3.475),(0.,1.),
  .PIECEWISE_BEZIER_KNOTS.);
#10823 = CARTESIAN_POINT('',(1.7375,-2.3775,1.07));
#10824 = CARTESIAN_POINT('',(1.675730068273,-2.253960136547,1.85));
#10825 = CARTESIAN_POINT('',(-1.7375,-2.3775,1.07));
#10826 = CARTESIAN_POINT('',(-1.675730068273,-2.253960136547,1.85));
#10827 = ADVANCED_FACE('',(#10828),#10839,.T.);
#10828 = FACE_BOUND('',#10829,.T.);
#10829 = EDGE_LOOP('',(#10830,#10831,#10832,#10833));
#10830 = ORIENTED_EDGE('',*,*,#8960,.T.);
#10831 = ORIENTED_EDGE('',*,*,#10611,.T.);
#10832 = ORIENTED_EDGE('',*,*,#9069,.F.);
#10833 = ORIENTED_EDGE('',*,*,#10834,.F.);
#10834 = EDGE_CURVE('',#8953,#9062,#10835,.T.);
#10835 = LINE('',#10836,#10837);
#10836 = CARTESIAN_POINT('',(-2.335594248374,-2.11,0.830357971523));
#10837 = VECTOR('',#10838,1.);
#10838 = DIRECTION('',(1.144237745222E-17,1.,0.));
#10839 = CYLINDRICAL_SURFACE('',#10840,0.29);
#10840 = AXIS2_PLACEMENT_3D('',#10841,#10842,#10843);
#10841 = CARTESIAN_POINT('',(-2.05,-2.11,0.78));
#10842 = DIRECTION('',(-1.144237745222E-17,-1.,0.));
#10843 = DIRECTION('',(-0.984807753012,1.126854202784E-17,0.173648177667
    ));
#10844 = ADVANCED_FACE('',(#10845),#10856,.F.);
#10845 = FACE_BOUND('',#10846,.F.);
#10846 = EDGE_LOOP('',(#10847,#10853,#10854,#10855));
#10847 = ORIENTED_EDGE('',*,*,#10848,.T.);
#10848 = EDGE_CURVE('',#8944,#9053,#10849,.T.);
#10849 = LINE('',#10850,#10851);
#10850 = CARTESIAN_POINT('',(-2.427919445246,-2.11,0.272635182233));
#10851 = VECTOR('',#10852,1.);
#10852 = DIRECTION('',(1.144237745222E-17,1.,0.));
#10853 = ORIENTED_EDGE('',*,*,#9061,.T.);
#10854 = ORIENTED_EDGE('',*,*,#10834,.F.);
#10855 = ORIENTED_EDGE('',*,*,#8952,.F.);
#10856 = PLANE('',#10857);
#10857 = AXIS2_PLACEMENT_3D('',#10858,#10859,#10860);
#10858 = CARTESIAN_POINT('',(-2.427919445246,-2.11,0.272635182233));
#10859 = DIRECTION('',(0.986573647205,-1.128874805573E-17,
    -0.163316988218));
#10860 = DIRECTION('',(0.163316988218,-1.868734623548E-18,0.986573647205
    ));
#10861 = ADVANCED_FACE('',(#10862),#10873,.F.);
#10862 = FACE_BOUND('',#10863,.F.);
#10863 = EDGE_LOOP('',(#10864,#10870,#10871,#10872));
#10864 = ORIENTED_EDGE('',*,*,#10865,.T.);
#10865 = EDGE_CURVE('',#8936,#9045,#10866,.T.);
#10866 = LINE('',#10867,#10868);
#10867 = CARTESIAN_POINT('',(-2.526400220547,-2.11,0.19));
#10868 = VECTOR('',#10869,1.);
#10869 = DIRECTION('',(1.144237745222E-17,1.,0.));
#10870 = ORIENTED_EDGE('',*,*,#9052,.T.);
#10871 = ORIENTED_EDGE('',*,*,#10848,.F.);
#10872 = ORIENTED_EDGE('',*,*,#8943,.F.);
#10873 = CYLINDRICAL_SURFACE('',#10874,0.1);
#10874 = AXIS2_PLACEMENT_3D('',#10875,#10876,#10877);
#10875 = CARTESIAN_POINT('',(-2.526400220547,-2.11,0.29));
#10876 = DIRECTION('',(-1.144237745222E-17,-1.,0.));
#10877 = DIRECTION('',(-0.,0.,-1.));
#10878 = ADVANCED_FACE('',(#10879),#10890,.F.);
#10879 = FACE_BOUND('',#10880,.F.);
#10880 = EDGE_LOOP('',(#10881,#10887,#10888,#10889));
#10881 = ORIENTED_EDGE('',*,*,#10882,.T.);
#10882 = EDGE_CURVE('',#8928,#9037,#10883,.T.);
#10883 = LINE('',#10884,#10885);
#10884 = CARTESIAN_POINT('',(-2.9975,-2.11,0.19));
#10885 = VECTOR('',#10886,1.);
#10886 = DIRECTION('',(1.144237745222E-17,1.,0.));
#10887 = ORIENTED_EDGE('',*,*,#9044,.T.);
#10888 = ORIENTED_EDGE('',*,*,#10865,.F.);
#10889 = ORIENTED_EDGE('',*,*,#8935,.F.);
#10890 = PLANE('',#10891);
#10891 = AXIS2_PLACEMENT_3D('',#10892,#10893,#10894);
#10892 = CARTESIAN_POINT('',(-2.9975,-2.11,0.19));
#10893 = DIRECTION('',(0.,0.,-1.));
#10894 = DIRECTION('',(1.,-1.144237745222E-17,0.));
#10895 = ADVANCED_FACE('',(#10896),#10907,.F.);
#10896 = FACE_BOUND('',#10897,.F.);
#10897 = EDGE_LOOP('',(#10898,#10904,#10905,#10906));
#10898 = ORIENTED_EDGE('',*,*,#10899,.T.);
#10899 = EDGE_CURVE('',#8920,#9029,#10900,.T.);
#10900 = LINE('',#10901,#10902);
#10901 = CARTESIAN_POINT('',(-2.9975,-2.11,-5.551115123126E-17));
#10902 = VECTOR('',#10903,1.);
#10903 = DIRECTION('',(1.144237745222E-17,1.,0.));
#10904 = ORIENTED_EDGE('',*,*,#9036,.T.);
#10905 = ORIENTED_EDGE('',*,*,#10882,.F.);
#10906 = ORIENTED_EDGE('',*,*,#8927,.F.);
#10907 = PLANE('',#10908);
#10908 = AXIS2_PLACEMENT_3D('',#10909,#10910,#10911);
#10909 = CARTESIAN_POINT('',(-2.9975,-2.11,-5.551115123126E-17));
#10910 = DIRECTION('',(1.,-1.144237745222E-17,0.));
#10911 = DIRECTION('',(0.,0.,1.));
#10912 = ADVANCED_FACE('',(#10913),#10924,.F.);
#10913 = FACE_BOUND('',#10914,.F.);
#10914 = EDGE_LOOP('',(#10915,#10921,#10922,#10923));
#10915 = ORIENTED_EDGE('',*,*,#10916,.T.);
#10916 = EDGE_CURVE('',#8911,#9020,#10917,.T.);
#10917 = LINE('',#10918,#10919);
#10918 = CARTESIAN_POINT('',(-2.526400220547,-2.11,-5.551115123126E-17)
  );
#10919 = VECTOR('',#10920,1.);
#10920 = DIRECTION('',(1.144237745222E-17,1.,0.));
#10921 = ORIENTED_EDGE('',*,*,#9028,.T.);
#10922 = ORIENTED_EDGE('',*,*,#10899,.F.);
#10923 = ORIENTED_EDGE('',*,*,#8919,.F.);
#10924 = PLANE('',#10925);
#10925 = AXIS2_PLACEMENT_3D('',#10926,#10927,#10928);
#10926 = CARTESIAN_POINT('',(-2.526400220547,-2.11,-5.551115123126E-17)
  );
#10927 = DIRECTION('',(0.,0.,1.));
#10928 = DIRECTION('',(-1.,1.144237745222E-17,0.));
#10929 = ADVANCED_FACE('',(#10930),#10941,.T.);
#10930 = FACE_BOUND('',#10931,.T.);
#10931 = EDGE_LOOP('',(#10932,#10933,#10934,#10935));
#10932 = ORIENTED_EDGE('',*,*,#8910,.T.);
#10933 = ORIENTED_EDGE('',*,*,#10916,.T.);
#10934 = ORIENTED_EDGE('',*,*,#9019,.F.);
#10935 = ORIENTED_EDGE('',*,*,#10936,.F.);
#10936 = EDGE_CURVE('',#8903,#9012,#10937,.T.);
#10937 = LINE('',#10938,#10939);
#10938 = CARTESIAN_POINT('',(-2.240805972174,-2.11,0.239642028477));
#10939 = VECTOR('',#10940,1.);
#10940 = DIRECTION('',(1.144237745222E-17,1.,0.));
#10941 = CYLINDRICAL_SURFACE('',#10942,0.29);
#10942 = AXIS2_PLACEMENT_3D('',#10943,#10944,#10945);
#10943 = CARTESIAN_POINT('',(-2.526400220547,-2.11,0.29));
#10944 = DIRECTION('',(-1.144237745222E-17,-1.,0.));
#10945 = DIRECTION('',(0.984807753012,-1.126854202784E-17,
    -0.173648177667));
#10946 = ADVANCED_FACE('',(#10947),#10953,.F.);
#10947 = FACE_BOUND('',#10948,.F.);
#10948 = EDGE_LOOP('',(#10949,#10950,#10951,#10952));
#10949 = ORIENTED_EDGE('',*,*,#8993,.T.);
#10950 = ORIENTED_EDGE('',*,*,#9011,.T.);
#10951 = ORIENTED_EDGE('',*,*,#10936,.F.);
#10952 = ORIENTED_EDGE('',*,*,#8902,.F.);
#10953 = PLANE('',#10954);
#10954 = AXIS2_PLACEMENT_3D('',#10955,#10956,#10957);
#10955 = CARTESIAN_POINT('',(-2.148480775301,-2.11,0.797364817767));
#10956 = DIRECTION('',(-0.986573647205,1.128874805573E-17,0.163316988218
    ));
#10957 = DIRECTION('',(-0.163316988218,1.868734623548E-18,
    -0.986573647205));
#10958 = ADVANCED_FACE('',(#10959),#10970,.T.);
#10959 = FACE_BOUND('',#10960,.T.);
#10960 = EDGE_LOOP('',(#10961,#10962,#10963,#10964));
#10961 = ORIENTED_EDGE('',*,*,#9183,.T.);
#10962 = ORIENTED_EDGE('',*,*,#10630,.T.);
#10963 = ORIENTED_EDGE('',*,*,#9292,.F.);
#10964 = ORIENTED_EDGE('',*,*,#10965,.F.);
#10965 = EDGE_CURVE('',#9176,#9285,#10966,.T.);
#10966 = LINE('',#10967,#10968);
#10967 = CARTESIAN_POINT('',(-2.335594248374,-0.84,0.830357971523));
#10968 = VECTOR('',#10969,1.);
#10969 = DIRECTION('',(1.144237745222E-17,1.,0.));
#10970 = CYLINDRICAL_SURFACE('',#10971,0.29);
#10971 = AXIS2_PLACEMENT_3D('',#10972,#10973,#10974);
#10972 = CARTESIAN_POINT('',(-2.05,-0.84,0.78));
#10973 = DIRECTION('',(-1.144237745222E-17,-1.,0.));
#10974 = DIRECTION('',(-0.984807753012,1.126854202784E-17,0.173648177667
    ));
#10975 = ADVANCED_FACE('',(#10976),#10987,.F.);
#10976 = FACE_BOUND('',#10977,.F.);
#10977 = EDGE_LOOP('',(#10978,#10984,#10985,#10986));
#10978 = ORIENTED_EDGE('',*,*,#10979,.T.);
#10979 = EDGE_CURVE('',#9167,#9276,#10980,.T.);
#10980 = LINE('',#10981,#10982);
#10981 = CARTESIAN_POINT('',(-2.427919445246,-0.84,0.272635182233));
#10982 = VECTOR('',#10983,1.);
#10983 = DIRECTION('',(1.144237745222E-17,1.,0.));
#10984 = ORIENTED_EDGE('',*,*,#9284,.T.);
#10985 = ORIENTED_EDGE('',*,*,#10965,.F.);
#10986 = ORIENTED_EDGE('',*,*,#9175,.F.);
#10987 = PLANE('',#10988);
#10988 = AXIS2_PLACEMENT_3D('',#10989,#10990,#10991);
#10989 = CARTESIAN_POINT('',(-2.427919445246,-0.84,0.272635182233));
#10990 = DIRECTION('',(0.986573647205,-1.128874805573E-17,
    -0.163316988218));
#10991 = DIRECTION('',(0.163316988218,-1.868734623548E-18,0.986573647205
    ));
#10992 = ADVANCED_FACE('',(#10993),#11004,.F.);
#10993 = FACE_BOUND('',#10994,.F.);
#10994 = EDGE_LOOP('',(#10995,#11001,#11002,#11003));
#10995 = ORIENTED_EDGE('',*,*,#10996,.T.);
#10996 = EDGE_CURVE('',#9159,#9268,#10997,.T.);
#10997 = LINE('',#10998,#10999);
#10998 = CARTESIAN_POINT('',(-2.526400220547,-0.84,0.19));
#10999 = VECTOR('',#11000,1.);
#11000 = DIRECTION('',(1.144237745222E-17,1.,0.));
#11001 = ORIENTED_EDGE('',*,*,#9275,.T.);
#11002 = ORIENTED_EDGE('',*,*,#10979,.F.);
#11003 = ORIENTED_EDGE('',*,*,#9166,.F.);
#11004 = CYLINDRICAL_SURFACE('',#11005,0.1);
#11005 = AXIS2_PLACEMENT_3D('',#11006,#11007,#11008);
#11006 = CARTESIAN_POINT('',(-2.526400220547,-0.84,0.29));
#11007 = DIRECTION('',(-1.144237745222E-17,-1.,0.));
#11008 = DIRECTION('',(-0.,0.,-1.));
#11009 = ADVANCED_FACE('',(#11010),#11021,.F.);
#11010 = FACE_BOUND('',#11011,.F.);
#11011 = EDGE_LOOP('',(#11012,#11018,#11019,#11020));
#11012 = ORIENTED_EDGE('',*,*,#11013,.T.);
#11013 = EDGE_CURVE('',#9151,#9260,#11014,.T.);
#11014 = LINE('',#11015,#11016);
#11015 = CARTESIAN_POINT('',(-2.9975,-0.84,0.19));
#11016 = VECTOR('',#11017,1.);
#11017 = DIRECTION('',(1.144237745222E-17,1.,0.));
#11018 = ORIENTED_EDGE('',*,*,#9267,.T.);
#11019 = ORIENTED_EDGE('',*,*,#10996,.F.);
#11020 = ORIENTED_EDGE('',*,*,#9158,.F.);
#11021 = PLANE('',#11022);
#11022 = AXIS2_PLACEMENT_3D('',#11023,#11024,#11025);
#11023 = CARTESIAN_POINT('',(-2.9975,-0.84,0.19));
#11024 = DIRECTION('',(0.,0.,-1.));
#11025 = DIRECTION('',(1.,-1.144237745222E-17,0.));
#11026 = ADVANCED_FACE('',(#11027),#11038,.F.);
#11027 = FACE_BOUND('',#11028,.F.);
#11028 = EDGE_LOOP('',(#11029,#11035,#11036,#11037));
#11029 = ORIENTED_EDGE('',*,*,#11030,.T.);
#11030 = EDGE_CURVE('',#9143,#9252,#11031,.T.);
#11031 = LINE('',#11032,#11033);
#11032 = CARTESIAN_POINT('',(-2.9975,-0.84,-5.551115123126E-17));
#11033 = VECTOR('',#11034,1.);
#11034 = DIRECTION('',(1.144237745222E-17,1.,0.));
#11035 = ORIENTED_EDGE('',*,*,#9259,.T.);
#11036 = ORIENTED_EDGE('',*,*,#11013,.F.);
#11037 = ORIENTED_EDGE('',*,*,#9150,.F.);
#11038 = PLANE('',#11039);
#11039 = AXIS2_PLACEMENT_3D('',#11040,#11041,#11042);
#11040 = CARTESIAN_POINT('',(-2.9975,-0.84,-5.551115123126E-17));
#11041 = DIRECTION('',(1.,-1.144237745222E-17,0.));
#11042 = DIRECTION('',(0.,0.,1.));
#11043 = ADVANCED_FACE('',(#11044),#11055,.F.);
#11044 = FACE_BOUND('',#11045,.F.);
#11045 = EDGE_LOOP('',(#11046,#11052,#11053,#11054));
#11046 = ORIENTED_EDGE('',*,*,#11047,.T.);
#11047 = EDGE_CURVE('',#9134,#9243,#11048,.T.);
#11048 = LINE('',#11049,#11050);
#11049 = CARTESIAN_POINT('',(-2.526400220547,-0.84,-5.551115123126E-17)
  );
#11050 = VECTOR('',#11051,1.);
#11051 = DIRECTION('',(1.144237745222E-17,1.,0.));
#11052 = ORIENTED_EDGE('',*,*,#9251,.T.);
#11053 = ORIENTED_EDGE('',*,*,#11030,.F.);
#11054 = ORIENTED_EDGE('',*,*,#9142,.F.);
#11055 = PLANE('',#11056);
#11056 = AXIS2_PLACEMENT_3D('',#11057,#11058,#11059);
#11057 = CARTESIAN_POINT('',(-2.526400220547,-0.84,-5.551115123126E-17)
  );
#11058 = DIRECTION('',(0.,0.,1.));
#11059 = DIRECTION('',(-1.,1.144237745222E-17,0.));
#11060 = ADVANCED_FACE('',(#11061),#11072,.T.);
#11061 = FACE_BOUND('',#11062,.T.);
#11062 = EDGE_LOOP('',(#11063,#11064,#11065,#11066));
#11063 = ORIENTED_EDGE('',*,*,#9133,.T.);
#11064 = ORIENTED_EDGE('',*,*,#11047,.T.);
#11065 = ORIENTED_EDGE('',*,*,#9242,.F.);
#11066 = ORIENTED_EDGE('',*,*,#11067,.F.);
#11067 = EDGE_CURVE('',#9126,#9235,#11068,.T.);
#11068 = LINE('',#11069,#11070);
#11069 = CARTESIAN_POINT('',(-2.240805972174,-0.84,0.239642028477));
#11070 = VECTOR('',#11071,1.);
#11071 = DIRECTION('',(1.144237745222E-17,1.,0.));
#11072 = CYLINDRICAL_SURFACE('',#11073,0.29);
#11073 = AXIS2_PLACEMENT_3D('',#11074,#11075,#11076);
#11074 = CARTESIAN_POINT('',(-2.526400220547,-0.84,0.29));
#11075 = DIRECTION('',(-1.144237745222E-17,-1.,0.));
#11076 = DIRECTION('',(0.984807753012,-1.126854202784E-17,
    -0.173648177667));
#11077 = ADVANCED_FACE('',(#11078),#11084,.F.);
#11078 = FACE_BOUND('',#11079,.F.);
#11079 = EDGE_LOOP('',(#11080,#11081,#11082,#11083));
#11080 = ORIENTED_EDGE('',*,*,#9216,.T.);
#11081 = ORIENTED_EDGE('',*,*,#9234,.T.);
#11082 = ORIENTED_EDGE('',*,*,#11067,.F.);
#11083 = ORIENTED_EDGE('',*,*,#9125,.F.);
#11084 = PLANE('',#11085);
#11085 = AXIS2_PLACEMENT_3D('',#11086,#11087,#11088);
#11086 = CARTESIAN_POINT('',(-2.148480775301,-0.84,0.797364817767));
#11087 = DIRECTION('',(-0.986573647205,1.128874805573E-17,0.163316988218
    ));
#11088 = DIRECTION('',(-0.163316988218,1.868734623548E-18,
    -0.986573647205));
#11089 = ADVANCED_FACE('',(#11090),#11101,.T.);
#11090 = FACE_BOUND('',#11091,.T.);
#11091 = EDGE_LOOP('',(#11092,#11093,#11094,#11095));
#11092 = ORIENTED_EDGE('',*,*,#9406,.T.);
#11093 = ORIENTED_EDGE('',*,*,#10649,.T.);
#11094 = ORIENTED_EDGE('',*,*,#9515,.F.);
#11095 = ORIENTED_EDGE('',*,*,#11096,.F.);
#11096 = EDGE_CURVE('',#9399,#9508,#11097,.T.);
#11097 = LINE('',#11098,#11099);
#11098 = CARTESIAN_POINT('',(-2.335594248374,0.43,0.830357971523));
#11099 = VECTOR('',#11100,1.);
#11100 = DIRECTION('',(1.144237745222E-17,1.,0.));
#11101 = CYLINDRICAL_SURFACE('',#11102,0.29);
#11102 = AXIS2_PLACEMENT_3D('',#11103,#11104,#11105);
#11103 = CARTESIAN_POINT('',(-2.05,0.43,0.78));
#11104 = DIRECTION('',(-1.144237745222E-17,-1.,0.));
#11105 = DIRECTION('',(-0.984807753012,1.126854202784E-17,0.173648177667
    ));
#11106 = ADVANCED_FACE('',(#11107),#11118,.F.);
#11107 = FACE_BOUND('',#11108,.F.);
#11108 = EDGE_LOOP('',(#11109,#11115,#11116,#11117));
#11109 = ORIENTED_EDGE('',*,*,#11110,.T.);
#11110 = EDGE_CURVE('',#9390,#9499,#11111,.T.);
#11111 = LINE('',#11112,#11113);
#11112 = CARTESIAN_POINT('',(-2.427919445246,0.43,0.272635182233));
#11113 = VECTOR('',#11114,1.);
#11114 = DIRECTION('',(1.144237745222E-17,1.,0.));
#11115 = ORIENTED_EDGE('',*,*,#9507,.T.);
#11116 = ORIENTED_EDGE('',*,*,#11096,.F.);
#11117 = ORIENTED_EDGE('',*,*,#9398,.F.);
#11118 = PLANE('',#11119);
#11119 = AXIS2_PLACEMENT_3D('',#11120,#11121,#11122);
#11120 = CARTESIAN_POINT('',(-2.427919445246,0.43,0.272635182233));
#11121 = DIRECTION('',(0.986573647205,-1.128874805573E-17,
    -0.163316988218));
#11122 = DIRECTION('',(0.163316988218,-1.868734623548E-18,0.986573647205
    ));
#11123 = ADVANCED_FACE('',(#11124),#11135,.F.);
#11124 = FACE_BOUND('',#11125,.F.);
#11125 = EDGE_LOOP('',(#11126,#11132,#11133,#11134));
#11126 = ORIENTED_EDGE('',*,*,#11127,.T.);
#11127 = EDGE_CURVE('',#9382,#9491,#11128,.T.);
#11128 = LINE('',#11129,#11130);
#11129 = CARTESIAN_POINT('',(-2.526400220547,0.43,0.19));
#11130 = VECTOR('',#11131,1.);
#11131 = DIRECTION('',(1.144237745222E-17,1.,0.));
#11132 = ORIENTED_EDGE('',*,*,#9498,.T.);
#11133 = ORIENTED_EDGE('',*,*,#11110,.F.);
#11134 = ORIENTED_EDGE('',*,*,#9389,.F.);
#11135 = CYLINDRICAL_SURFACE('',#11136,0.1);
#11136 = AXIS2_PLACEMENT_3D('',#11137,#11138,#11139);
#11137 = CARTESIAN_POINT('',(-2.526400220547,0.43,0.29));
#11138 = DIRECTION('',(-1.144237745222E-17,-1.,0.));
#11139 = DIRECTION('',(-0.,0.,-1.));
#11140 = ADVANCED_FACE('',(#11141),#11152,.F.);
#11141 = FACE_BOUND('',#11142,.F.);
#11142 = EDGE_LOOP('',(#11143,#11149,#11150,#11151));
#11143 = ORIENTED_EDGE('',*,*,#11144,.T.);
#11144 = EDGE_CURVE('',#9374,#9483,#11145,.T.);
#11145 = LINE('',#11146,#11147);
#11146 = CARTESIAN_POINT('',(-2.9975,0.43,0.19));
#11147 = VECTOR('',#11148,1.);
#11148 = DIRECTION('',(1.144237745222E-17,1.,0.));
#11149 = ORIENTED_EDGE('',*,*,#9490,.T.);
#11150 = ORIENTED_EDGE('',*,*,#11127,.F.);
#11151 = ORIENTED_EDGE('',*,*,#9381,.F.);
#11152 = PLANE('',#11153);
#11153 = AXIS2_PLACEMENT_3D('',#11154,#11155,#11156);
#11154 = CARTESIAN_POINT('',(-2.9975,0.43,0.19));
#11155 = DIRECTION('',(0.,0.,-1.));
#11156 = DIRECTION('',(1.,-1.144237745222E-17,0.));
#11157 = ADVANCED_FACE('',(#11158),#11169,.F.);
#11158 = FACE_BOUND('',#11159,.F.);
#11159 = EDGE_LOOP('',(#11160,#11166,#11167,#11168));
#11160 = ORIENTED_EDGE('',*,*,#11161,.T.);
#11161 = EDGE_CURVE('',#9366,#9475,#11162,.T.);
#11162 = LINE('',#11163,#11164);
#11163 = CARTESIAN_POINT('',(-2.9975,0.43,-5.551115123126E-17));
#11164 = VECTOR('',#11165,1.);
#11165 = DIRECTION('',(1.144237745222E-17,1.,0.));
#11166 = ORIENTED_EDGE('',*,*,#9482,.T.);
#11167 = ORIENTED_EDGE('',*,*,#11144,.F.);
#11168 = ORIENTED_EDGE('',*,*,#9373,.F.);
#11169 = PLANE('',#11170);
#11170 = AXIS2_PLACEMENT_3D('',#11171,#11172,#11173);
#11171 = CARTESIAN_POINT('',(-2.9975,0.43,-5.551115123126E-17));
#11172 = DIRECTION('',(1.,-1.144237745222E-17,0.));
#11173 = DIRECTION('',(0.,0.,1.));
#11174 = ADVANCED_FACE('',(#11175),#11186,.F.);
#11175 = FACE_BOUND('',#11176,.F.);
#11176 = EDGE_LOOP('',(#11177,#11183,#11184,#11185));
#11177 = ORIENTED_EDGE('',*,*,#11178,.T.);
#11178 = EDGE_CURVE('',#9357,#9466,#11179,.T.);
#11179 = LINE('',#11180,#11181);
#11180 = CARTESIAN_POINT('',(-2.526400220547,0.43,-5.551115123126E-17));
#11181 = VECTOR('',#11182,1.);
#11182 = DIRECTION('',(1.144237745222E-17,1.,0.));
#11183 = ORIENTED_EDGE('',*,*,#9474,.T.);
#11184 = ORIENTED_EDGE('',*,*,#11161,.F.);
#11185 = ORIENTED_EDGE('',*,*,#9365,.F.);
#11186 = PLANE('',#11187);
#11187 = AXIS2_PLACEMENT_3D('',#11188,#11189,#11190);
#11188 = CARTESIAN_POINT('',(-2.526400220547,0.43,-5.551115123126E-17));
#11189 = DIRECTION('',(0.,0.,1.));
#11190 = DIRECTION('',(-1.,1.144237745222E-17,0.));
#11191 = ADVANCED_FACE('',(#11192),#11203,.T.);
#11192 = FACE_BOUND('',#11193,.T.);
#11193 = EDGE_LOOP('',(#11194,#11195,#11196,#11197));
#11194 = ORIENTED_EDGE('',*,*,#9356,.T.);
#11195 = ORIENTED_EDGE('',*,*,#11178,.T.);
#11196 = ORIENTED_EDGE('',*,*,#9465,.F.);
#11197 = ORIENTED_EDGE('',*,*,#11198,.F.);
#11198 = EDGE_CURVE('',#9349,#9458,#11199,.T.);
#11199 = LINE('',#11200,#11201);
#11200 = CARTESIAN_POINT('',(-2.240805972174,0.43,0.239642028477));
#11201 = VECTOR('',#11202,1.);
#11202 = DIRECTION('',(1.144237745222E-17,1.,0.));
#11203 = CYLINDRICAL_SURFACE('',#11204,0.29);
#11204 = AXIS2_PLACEMENT_3D('',#11205,#11206,#11207);
#11205 = CARTESIAN_POINT('',(-2.526400220547,0.43,0.29));
#11206 = DIRECTION('',(-1.144237745222E-17,-1.,0.));
#11207 = DIRECTION('',(0.984807753012,-1.126854202784E-17,
    -0.173648177667));
#11208 = ADVANCED_FACE('',(#11209),#11215,.F.);
#11209 = FACE_BOUND('',#11210,.F.);
#11210 = EDGE_LOOP('',(#11211,#11212,#11213,#11214));
#11211 = ORIENTED_EDGE('',*,*,#9439,.T.);
#11212 = ORIENTED_EDGE('',*,*,#9457,.T.);
#11213 = ORIENTED_EDGE('',*,*,#11198,.F.);
#11214 = ORIENTED_EDGE('',*,*,#9348,.F.);
#11215 = PLANE('',#11216);
#11216 = AXIS2_PLACEMENT_3D('',#11217,#11218,#11219);
#11217 = CARTESIAN_POINT('',(-2.148480775301,0.43,0.797364817767));
#11218 = DIRECTION('',(-0.986573647205,1.128874805573E-17,0.163316988218
    ));
#11219 = DIRECTION('',(-0.163316988218,1.868734623548E-18,
    -0.986573647205));
#11220 = ADVANCED_FACE('',(#11221),#11232,.F.);
#11221 = FACE_BOUND('',#11222,.F.);
#11222 = EDGE_LOOP('',(#11223,#11229,#11230,#11231));
#11223 = ORIENTED_EDGE('',*,*,#11224,.T.);
#11224 = EDGE_CURVE('',#9608,#9710,#11225,.T.);
#11225 = LINE('',#11226,#11227);
#11226 = CARTESIAN_POINT('',(-2.427919445246,1.7,0.272635182233));
#11227 = VECTOR('',#11228,1.);
#11228 = DIRECTION('',(1.144237745222E-17,1.,0.));
#11229 = ORIENTED_EDGE('',*,*,#9718,.T.);
#11230 = ORIENTED_EDGE('',*,*,#10596,.F.);
#11231 = ORIENTED_EDGE('',*,*,#9616,.F.);
#11232 = PLANE('',#11233);
#11233 = AXIS2_PLACEMENT_3D('',#11234,#11235,#11236);
#11234 = CARTESIAN_POINT('',(-2.427919445246,1.7,0.272635182233));
#11235 = DIRECTION('',(0.986573647205,-1.128874805573E-17,
    -0.163316988218));
#11236 = DIRECTION('',(0.163316988218,-1.868734623548E-18,0.986573647205
    ));
#11237 = ADVANCED_FACE('',(#11238),#11249,.F.);
#11238 = FACE_BOUND('',#11239,.F.);
#11239 = EDGE_LOOP('',(#11240,#11246,#11247,#11248));
#11240 = ORIENTED_EDGE('',*,*,#11241,.T.);
#11241 = EDGE_CURVE('',#9600,#9702,#11242,.T.);
#11242 = LINE('',#11243,#11244);
#11243 = CARTESIAN_POINT('',(-2.526400220547,1.7,0.19));
#11244 = VECTOR('',#11245,1.);
#11245 = DIRECTION('',(1.144237745222E-17,1.,0.));
#11246 = ORIENTED_EDGE('',*,*,#9709,.T.);
#11247 = ORIENTED_EDGE('',*,*,#11224,.F.);
#11248 = ORIENTED_EDGE('',*,*,#9607,.F.);
#11249 = CYLINDRICAL_SURFACE('',#11250,0.1);
#11250 = AXIS2_PLACEMENT_3D('',#11251,#11252,#11253);
#11251 = CARTESIAN_POINT('',(-2.526400220547,1.7,0.29));
#11252 = DIRECTION('',(-1.144237745222E-17,-1.,0.));
#11253 = DIRECTION('',(-0.,0.,-1.));
#11254 = ADVANCED_FACE('',(#11255),#11266,.F.);
#11255 = FACE_BOUND('',#11256,.F.);
#11256 = EDGE_LOOP('',(#11257,#11263,#11264,#11265));
#11257 = ORIENTED_EDGE('',*,*,#11258,.T.);
#11258 = EDGE_CURVE('',#9592,#9694,#11259,.T.);
#11259 = LINE('',#11260,#11261);
#11260 = CARTESIAN_POINT('',(-2.9975,1.7,0.19));
#11261 = VECTOR('',#11262,1.);
#11262 = DIRECTION('',(1.144237745222E-17,1.,0.));
#11263 = ORIENTED_EDGE('',*,*,#9701,.T.);
#11264 = ORIENTED_EDGE('',*,*,#11241,.F.);
#11265 = ORIENTED_EDGE('',*,*,#9599,.F.);
#11266 = PLANE('',#11267);
#11267 = AXIS2_PLACEMENT_3D('',#11268,#11269,#11270);
#11268 = CARTESIAN_POINT('',(-2.9975,1.7,0.19));
#11269 = DIRECTION('',(0.,0.,-1.));
#11270 = DIRECTION('',(1.,-1.144237745222E-17,0.));
#11271 = ADVANCED_FACE('',(#11272),#11283,.F.);
#11272 = FACE_BOUND('',#11273,.F.);
#11273 = EDGE_LOOP('',(#11274,#11280,#11281,#11282));
#11274 = ORIENTED_EDGE('',*,*,#11275,.T.);
#11275 = EDGE_CURVE('',#9584,#9686,#11276,.T.);
#11276 = LINE('',#11277,#11278);
#11277 = CARTESIAN_POINT('',(-2.9975,1.7,-5.551115123126E-17));
#11278 = VECTOR('',#11279,1.);
#11279 = DIRECTION('',(1.144237745222E-17,1.,0.));
#11280 = ORIENTED_EDGE('',*,*,#9693,.T.);
#11281 = ORIENTED_EDGE('',*,*,#11258,.F.);
#11282 = ORIENTED_EDGE('',*,*,#9591,.F.);
#11283 = PLANE('',#11284);
#11284 = AXIS2_PLACEMENT_3D('',#11285,#11286,#11287);
#11285 = CARTESIAN_POINT('',(-2.9975,1.7,-5.551115123126E-17));
#11286 = DIRECTION('',(1.,-1.144237745222E-17,0.));
#11287 = DIRECTION('',(0.,0.,1.));
#11288 = ADVANCED_FACE('',(#11289),#11300,.F.);
#11289 = FACE_BOUND('',#11290,.F.);
#11290 = EDGE_LOOP('',(#11291,#11297,#11298,#11299));
#11291 = ORIENTED_EDGE('',*,*,#11292,.T.);
#11292 = EDGE_CURVE('',#9575,#9677,#11293,.T.);
#11293 = LINE('',#11294,#11295);
#11294 = CARTESIAN_POINT('',(-2.526400220547,1.7,-5.551115123126E-17));
#11295 = VECTOR('',#11296,1.);
#11296 = DIRECTION('',(1.144237745222E-17,1.,0.));
#11297 = ORIENTED_EDGE('',*,*,#9685,.T.);
#11298 = ORIENTED_EDGE('',*,*,#11275,.F.);
#11299 = ORIENTED_EDGE('',*,*,#9583,.F.);
#11300 = PLANE('',#11301);
#11301 = AXIS2_PLACEMENT_3D('',#11302,#11303,#11304);
#11302 = CARTESIAN_POINT('',(-2.526400220547,1.7,-5.551115123126E-17));
#11303 = DIRECTION('',(0.,0.,1.));
#11304 = DIRECTION('',(-1.,1.144237745222E-17,0.));
#11305 = ADVANCED_FACE('',(#11306),#11317,.T.);
#11306 = FACE_BOUND('',#11307,.T.);
#11307 = EDGE_LOOP('',(#11308,#11309,#11310,#11311));
#11308 = ORIENTED_EDGE('',*,*,#9574,.T.);
#11309 = ORIENTED_EDGE('',*,*,#11292,.T.);
#11310 = ORIENTED_EDGE('',*,*,#9676,.F.);
#11311 = ORIENTED_EDGE('',*,*,#11312,.F.);
#11312 = EDGE_CURVE('',#9567,#9669,#11313,.T.);
#11313 = LINE('',#11314,#11315);
#11314 = CARTESIAN_POINT('',(-2.240805972174,1.7,0.239642028477));
#11315 = VECTOR('',#11316,1.);
#11316 = DIRECTION('',(1.144237745222E-17,1.,0.));
#11317 = CYLINDRICAL_SURFACE('',#11318,0.29);
#11318 = AXIS2_PLACEMENT_3D('',#11319,#11320,#11321);
#11319 = CARTESIAN_POINT('',(-2.526400220547,1.7,0.29));
#11320 = DIRECTION('',(-1.144237745222E-17,-1.,0.));
#11321 = DIRECTION('',(0.984807753012,-1.126854202784E-17,
    -0.173648177667));
#11322 = ADVANCED_FACE('',(#11323),#11329,.F.);
#11323 = FACE_BOUND('',#11324,.F.);
#11324 = EDGE_LOOP('',(#11325,#11326,#11327,#11328));
#11325 = ORIENTED_EDGE('',*,*,#9650,.T.);
#11326 = ORIENTED_EDGE('',*,*,#9668,.T.);
#11327 = ORIENTED_EDGE('',*,*,#11312,.F.);
#11328 = ORIENTED_EDGE('',*,*,#9566,.F.);
#11329 = PLANE('',#11330);
#11330 = AXIS2_PLACEMENT_3D('',#11331,#11332,#11333);
#11331 = CARTESIAN_POINT('',(-2.148480775301,1.7,0.797364817767));
#11332 = DIRECTION('',(-0.986573647205,1.128874805573E-17,0.163316988218
    ));
#11333 = DIRECTION('',(-0.163316988218,1.868734623548E-18,
    -0.986573647205));
#11334 = ADVANCED_FACE('',(#11335),#11346,.F.);
#11335 = FACE_BOUND('',#11336,.F.);
#11336 = EDGE_LOOP('',(#11337,#11343,#11344,#11345));
#11337 = ORIENTED_EDGE('',*,*,#11338,.T.);
#11338 = EDGE_CURVE('',#9795,#9897,#11339,.T.);
#11339 = LINE('',#11340,#11341);
#11340 = CARTESIAN_POINT('',(2.427919445246,2.11,0.272635182233));
#11341 = VECTOR('',#11342,1.);
#11342 = DIRECTION('',(1.110223024625E-16,-1.,0.));
#11343 = ORIENTED_EDGE('',*,*,#9905,.T.);
#11344 = ORIENTED_EDGE('',*,*,#10805,.F.);
#11345 = ORIENTED_EDGE('',*,*,#9803,.F.);
#11346 = PLANE('',#11347);
#11347 = AXIS2_PLACEMENT_3D('',#11348,#11349,#11350);
#11348 = CARTESIAN_POINT('',(2.427919445246,2.11,0.272635182233));
#11349 = DIRECTION('',(-0.986573647205,-1.095316778615E-16,
    -0.163316988218));
#11350 = DIRECTION('',(-0.163316988218,-1.813182806319E-17,
    0.986573647205));
#11351 = ADVANCED_FACE('',(#11352),#11363,.F.);
#11352 = FACE_BOUND('',#11353,.F.);
#11353 = EDGE_LOOP('',(#11354,#11360,#11361,#11362));
#11354 = ORIENTED_EDGE('',*,*,#11355,.T.);
#11355 = EDGE_CURVE('',#9787,#9889,#11356,.T.);
#11356 = LINE('',#11357,#11358);
#11357 = CARTESIAN_POINT('',(2.526400220547,2.11,0.19));
#11358 = VECTOR('',#11359,1.);
#11359 = DIRECTION('',(1.110223024625E-16,-1.,0.));
#11360 = ORIENTED_EDGE('',*,*,#9896,.T.);
#11361 = ORIENTED_EDGE('',*,*,#11338,.F.);
#11362 = ORIENTED_EDGE('',*,*,#9794,.F.);
#11363 = CYLINDRICAL_SURFACE('',#11364,0.1);
#11364 = AXIS2_PLACEMENT_3D('',#11365,#11366,#11367);
#11365 = CARTESIAN_POINT('',(2.526400220547,2.11,0.29));
#11366 = DIRECTION('',(-1.110223024625E-16,1.,0.));
#11367 = DIRECTION('',(0.,0.,-1.));
#11368 = ADVANCED_FACE('',(#11369),#11380,.F.);
#11369 = FACE_BOUND('',#11370,.F.);
#11370 = EDGE_LOOP('',(#11371,#11377,#11378,#11379));
#11371 = ORIENTED_EDGE('',*,*,#11372,.T.);
#11372 = EDGE_CURVE('',#9779,#9881,#11373,.T.);
#11373 = LINE('',#11374,#11375);
#11374 = CARTESIAN_POINT('',(2.9975,2.11,0.19));
#11375 = VECTOR('',#11376,1.);
#11376 = DIRECTION('',(1.110223024625E-16,-1.,0.));
#11377 = ORIENTED_EDGE('',*,*,#9888,.T.);
#11378 = ORIENTED_EDGE('',*,*,#11355,.F.);
#11379 = ORIENTED_EDGE('',*,*,#9786,.F.);
#11380 = PLANE('',#11381);
#11381 = AXIS2_PLACEMENT_3D('',#11382,#11383,#11384);
#11382 = CARTESIAN_POINT('',(2.9975,2.11,0.19));
#11383 = DIRECTION('',(0.,0.,-1.));
#11384 = DIRECTION('',(-1.,-1.110223024625E-16,-0.));
#11385 = ADVANCED_FACE('',(#11386),#11397,.F.);
#11386 = FACE_BOUND('',#11387,.F.);
#11387 = EDGE_LOOP('',(#11388,#11394,#11395,#11396));
#11388 = ORIENTED_EDGE('',*,*,#11389,.T.);
#11389 = EDGE_CURVE('',#9771,#9873,#11390,.T.);
#11390 = LINE('',#11391,#11392);
#11391 = CARTESIAN_POINT('',(2.9975,2.11,-5.551115123126E-17));
#11392 = VECTOR('',#11393,1.);
#11393 = DIRECTION('',(1.110223024625E-16,-1.,0.));
#11394 = ORIENTED_EDGE('',*,*,#9880,.T.);
#11395 = ORIENTED_EDGE('',*,*,#11372,.F.);
#11396 = ORIENTED_EDGE('',*,*,#9778,.F.);
#11397 = PLANE('',#11398);
#11398 = AXIS2_PLACEMENT_3D('',#11399,#11400,#11401);
#11399 = CARTESIAN_POINT('',(2.9975,2.11,-5.551115123126E-17));
#11400 = DIRECTION('',(-1.,-1.110223024625E-16,0.));
#11401 = DIRECTION('',(0.,0.,1.));
#11402 = ADVANCED_FACE('',(#11403),#11414,.F.);
#11403 = FACE_BOUND('',#11404,.F.);
#11404 = EDGE_LOOP('',(#11405,#11411,#11412,#11413));
#11405 = ORIENTED_EDGE('',*,*,#11406,.T.);
#11406 = EDGE_CURVE('',#9762,#9864,#11407,.T.);
#11407 = LINE('',#11408,#11409);
#11408 = CARTESIAN_POINT('',(2.526400220547,2.11,-5.551115123126E-17));
#11409 = VECTOR('',#11410,1.);
#11410 = DIRECTION('',(1.110223024625E-16,-1.,0.));
#11411 = ORIENTED_EDGE('',*,*,#9872,.T.);
#11412 = ORIENTED_EDGE('',*,*,#11389,.F.);
#11413 = ORIENTED_EDGE('',*,*,#9770,.F.);
#11414 = PLANE('',#11415);
#11415 = AXIS2_PLACEMENT_3D('',#11416,#11417,#11418);
#11416 = CARTESIAN_POINT('',(2.526400220547,2.11,-5.551115123126E-17));
#11417 = DIRECTION('',(0.,0.,1.));
#11418 = DIRECTION('',(1.,1.110223024625E-16,-0.));
#11419 = ADVANCED_FACE('',(#11420),#11431,.T.);
#11420 = FACE_BOUND('',#11421,.T.);
#11421 = EDGE_LOOP('',(#11422,#11423,#11424,#11425));
#11422 = ORIENTED_EDGE('',*,*,#9761,.T.);
#11423 = ORIENTED_EDGE('',*,*,#11406,.T.);
#11424 = ORIENTED_EDGE('',*,*,#9863,.F.);
#11425 = ORIENTED_EDGE('',*,*,#11426,.F.);
#11426 = EDGE_CURVE('',#9754,#9856,#11427,.T.);
#11427 = LINE('',#11428,#11429);
#11428 = CARTESIAN_POINT('',(2.240805972174,2.11,0.239642028477));
#11429 = VECTOR('',#11430,1.);
#11430 = DIRECTION('',(1.110223024625E-16,-1.,0.));
#11431 = CYLINDRICAL_SURFACE('',#11432,0.29);
#11432 = AXIS2_PLACEMENT_3D('',#11433,#11434,#11435);
#11433 = CARTESIAN_POINT('',(2.526400220547,2.11,0.29));
#11434 = DIRECTION('',(-1.110223024625E-16,1.,0.));
#11435 = DIRECTION('',(-0.984807753012,-1.093356242223E-16,
    -0.173648177667));
#11436 = ADVANCED_FACE('',(#11437),#11443,.F.);
#11437 = FACE_BOUND('',#11438,.F.);
#11438 = EDGE_LOOP('',(#11439,#11440,#11441,#11442));
#11439 = ORIENTED_EDGE('',*,*,#9837,.T.);
#11440 = ORIENTED_EDGE('',*,*,#9855,.T.);
#11441 = ORIENTED_EDGE('',*,*,#11426,.F.);
#11442 = ORIENTED_EDGE('',*,*,#9753,.F.);
#11443 = PLANE('',#11444);
#11444 = AXIS2_PLACEMENT_3D('',#11445,#11446,#11447);
#11445 = CARTESIAN_POINT('',(2.148480775301,2.11,0.797364817767));
#11446 = DIRECTION('',(0.986573647205,1.095316778615E-16,0.163316988218)
  );
#11447 = DIRECTION('',(0.163316988218,1.813182806319E-17,-0.986573647205
    ));
#11448 = ADVANCED_FACE('',(#11449),#11460,.T.);
#11449 = FACE_BOUND('',#11450,.T.);
#11450 = EDGE_LOOP('',(#11451,#11452,#11453,#11454));
#11451 = ORIENTED_EDGE('',*,*,#10015,.T.);
#11452 = ORIENTED_EDGE('',*,*,#10730,.T.);
#11453 = ORIENTED_EDGE('',*,*,#10124,.F.);
#11454 = ORIENTED_EDGE('',*,*,#11455,.F.);
#11455 = EDGE_CURVE('',#10008,#10117,#11456,.T.);
#11456 = LINE('',#11457,#11458);
#11457 = CARTESIAN_POINT('',(2.335594248374,0.84,0.830357971523));
#11458 = VECTOR('',#11459,1.);
#11459 = DIRECTION('',(1.110223024625E-16,-1.,0.));
#11460 = CYLINDRICAL_SURFACE('',#11461,0.29);
#11461 = AXIS2_PLACEMENT_3D('',#11462,#11463,#11464);
#11462 = CARTESIAN_POINT('',(2.05,0.84,0.78));
#11463 = DIRECTION('',(-1.110223024625E-16,1.,0.));
#11464 = DIRECTION('',(0.984807753012,1.093356242223E-16,0.173648177667)
  );
#11465 = ADVANCED_FACE('',(#11466),#11477,.F.);
#11466 = FACE_BOUND('',#11467,.F.);
#11467 = EDGE_LOOP('',(#11468,#11474,#11475,#11476));
#11468 = ORIENTED_EDGE('',*,*,#11469,.T.);
#11469 = EDGE_CURVE('',#9999,#10108,#11470,.T.);
#11470 = LINE('',#11471,#11472);
#11471 = CARTESIAN_POINT('',(2.427919445246,0.84,0.272635182233));
#11472 = VECTOR('',#11473,1.);
#11473 = DIRECTION('',(1.110223024625E-16,-1.,0.));
#11474 = ORIENTED_EDGE('',*,*,#10116,.T.);
#11475 = ORIENTED_EDGE('',*,*,#11455,.F.);
#11476 = ORIENTED_EDGE('',*,*,#10007,.F.);
#11477 = PLANE('',#11478);
#11478 = AXIS2_PLACEMENT_3D('',#11479,#11480,#11481);
#11479 = CARTESIAN_POINT('',(2.427919445246,0.84,0.272635182233));
#11480 = DIRECTION('',(-0.986573647205,-1.095316778615E-16,
    -0.163316988218));
#11481 = DIRECTION('',(-0.163316988218,-1.813182806319E-17,
    0.986573647205));
#11482 = ADVANCED_FACE('',(#11483),#11494,.F.);
#11483 = FACE_BOUND('',#11484,.F.);
#11484 = EDGE_LOOP('',(#11485,#11491,#11492,#11493));
#11485 = ORIENTED_EDGE('',*,*,#11486,.T.);
#11486 = EDGE_CURVE('',#9991,#10100,#11487,.T.);
#11487 = LINE('',#11488,#11489);
#11488 = CARTESIAN_POINT('',(2.526400220547,0.84,0.19));
#11489 = VECTOR('',#11490,1.);
#11490 = DIRECTION('',(1.110223024625E-16,-1.,0.));
#11491 = ORIENTED_EDGE('',*,*,#10107,.T.);
#11492 = ORIENTED_EDGE('',*,*,#11469,.F.);
#11493 = ORIENTED_EDGE('',*,*,#9998,.F.);
#11494 = CYLINDRICAL_SURFACE('',#11495,0.1);
#11495 = AXIS2_PLACEMENT_3D('',#11496,#11497,#11498);
#11496 = CARTESIAN_POINT('',(2.526400220547,0.84,0.29));
#11497 = DIRECTION('',(-1.110223024625E-16,1.,0.));
#11498 = DIRECTION('',(0.,0.,-1.));
#11499 = ADVANCED_FACE('',(#11500),#11511,.F.);
#11500 = FACE_BOUND('',#11501,.F.);
#11501 = EDGE_LOOP('',(#11502,#11508,#11509,#11510));
#11502 = ORIENTED_EDGE('',*,*,#11503,.T.);
#11503 = EDGE_CURVE('',#9983,#10092,#11504,.T.);
#11504 = LINE('',#11505,#11506);
#11505 = CARTESIAN_POINT('',(2.9975,0.84,0.19));
#11506 = VECTOR('',#11507,1.);
#11507 = DIRECTION('',(1.110223024625E-16,-1.,0.));
#11508 = ORIENTED_EDGE('',*,*,#10099,.T.);
#11509 = ORIENTED_EDGE('',*,*,#11486,.F.);
#11510 = ORIENTED_EDGE('',*,*,#9990,.F.);
#11511 = PLANE('',#11512);
#11512 = AXIS2_PLACEMENT_3D('',#11513,#11514,#11515);
#11513 = CARTESIAN_POINT('',(2.9975,0.84,0.19));
#11514 = DIRECTION('',(0.,0.,-1.));
#11515 = DIRECTION('',(-1.,-1.110223024625E-16,-0.));
#11516 = ADVANCED_FACE('',(#11517),#11528,.F.);
#11517 = FACE_BOUND('',#11518,.F.);
#11518 = EDGE_LOOP('',(#11519,#11525,#11526,#11527));
#11519 = ORIENTED_EDGE('',*,*,#11520,.T.);
#11520 = EDGE_CURVE('',#9975,#10084,#11521,.T.);
#11521 = LINE('',#11522,#11523);
#11522 = CARTESIAN_POINT('',(2.9975,0.84,-5.551115123126E-17));
#11523 = VECTOR('',#11524,1.);
#11524 = DIRECTION('',(1.110223024625E-16,-1.,0.));
#11525 = ORIENTED_EDGE('',*,*,#10091,.T.);
#11526 = ORIENTED_EDGE('',*,*,#11503,.F.);
#11527 = ORIENTED_EDGE('',*,*,#9982,.F.);
#11528 = PLANE('',#11529);
#11529 = AXIS2_PLACEMENT_3D('',#11530,#11531,#11532);
#11530 = CARTESIAN_POINT('',(2.9975,0.84,-5.551115123126E-17));
#11531 = DIRECTION('',(-1.,-1.110223024625E-16,0.));
#11532 = DIRECTION('',(0.,0.,1.));
#11533 = ADVANCED_FACE('',(#11534),#11545,.F.);
#11534 = FACE_BOUND('',#11535,.F.);
#11535 = EDGE_LOOP('',(#11536,#11542,#11543,#11544));
#11536 = ORIENTED_EDGE('',*,*,#11537,.T.);
#11537 = EDGE_CURVE('',#9966,#10075,#11538,.T.);
#11538 = LINE('',#11539,#11540);
#11539 = CARTESIAN_POINT('',(2.526400220547,0.84,-5.551115123126E-17));
#11540 = VECTOR('',#11541,1.);
#11541 = DIRECTION('',(1.110223024625E-16,-1.,0.));
#11542 = ORIENTED_EDGE('',*,*,#10083,.T.);
#11543 = ORIENTED_EDGE('',*,*,#11520,.F.);
#11544 = ORIENTED_EDGE('',*,*,#9974,.F.);
#11545 = PLANE('',#11546);
#11546 = AXIS2_PLACEMENT_3D('',#11547,#11548,#11549);
#11547 = CARTESIAN_POINT('',(2.526400220547,0.84,-5.551115123126E-17));
#11548 = DIRECTION('',(0.,0.,1.));
#11549 = DIRECTION('',(1.,1.110223024625E-16,-0.));
#11550 = ADVANCED_FACE('',(#11551),#11562,.T.);
#11551 = FACE_BOUND('',#11552,.T.);
#11552 = EDGE_LOOP('',(#11553,#11554,#11555,#11556));
#11553 = ORIENTED_EDGE('',*,*,#9965,.T.);
#11554 = ORIENTED_EDGE('',*,*,#11537,.T.);
#11555 = ORIENTED_EDGE('',*,*,#10074,.F.);
#11556 = ORIENTED_EDGE('',*,*,#11557,.F.);
#11557 = EDGE_CURVE('',#9958,#10067,#11558,.T.);
#11558 = LINE('',#11559,#11560);
#11559 = CARTESIAN_POINT('',(2.240805972174,0.84,0.239642028477));
#11560 = VECTOR('',#11561,1.);
#11561 = DIRECTION('',(1.110223024625E-16,-1.,0.));
#11562 = CYLINDRICAL_SURFACE('',#11563,0.29);
#11563 = AXIS2_PLACEMENT_3D('',#11564,#11565,#11566);
#11564 = CARTESIAN_POINT('',(2.526400220547,0.84,0.29));
#11565 = DIRECTION('',(-1.110223024625E-16,1.,0.));
#11566 = DIRECTION('',(-0.984807753012,-1.093356242223E-16,
    -0.173648177667));
#11567 = ADVANCED_FACE('',(#11568),#11574,.F.);
#11568 = FACE_BOUND('',#11569,.F.);
#11569 = EDGE_LOOP('',(#11570,#11571,#11572,#11573));
#11570 = ORIENTED_EDGE('',*,*,#10048,.T.);
#11571 = ORIENTED_EDGE('',*,*,#10066,.T.);
#11572 = ORIENTED_EDGE('',*,*,#11557,.F.);
#11573 = ORIENTED_EDGE('',*,*,#9957,.F.);
#11574 = PLANE('',#11575);
#11575 = AXIS2_PLACEMENT_3D('',#11576,#11577,#11578);
#11576 = CARTESIAN_POINT('',(2.148480775301,0.84,0.797364817767));
#11577 = DIRECTION('',(0.986573647205,1.095316778615E-16,0.163316988218)
  );
#11578 = DIRECTION('',(0.163316988218,1.813182806319E-17,-0.986573647205
    ));
#11579 = ADVANCED_FACE('',(#11580),#11591,.T.);
#11580 = FACE_BOUND('',#11581,.T.);
#11581 = EDGE_LOOP('',(#11582,#11583,#11584,#11585));
#11582 = ORIENTED_EDGE('',*,*,#10238,.T.);
#11583 = ORIENTED_EDGE('',*,*,#10749,.T.);
#11584 = ORIENTED_EDGE('',*,*,#10347,.F.);
#11585 = ORIENTED_EDGE('',*,*,#11586,.F.);
#11586 = EDGE_CURVE('',#10231,#10340,#11587,.T.);
#11587 = LINE('',#11588,#11589);
#11588 = CARTESIAN_POINT('',(2.335594248374,-0.43,0.830357971523));
#11589 = VECTOR('',#11590,1.);
#11590 = DIRECTION('',(1.110223024625E-16,-1.,0.));
#11591 = CYLINDRICAL_SURFACE('',#11592,0.29);
#11592 = AXIS2_PLACEMENT_3D('',#11593,#11594,#11595);
#11593 = CARTESIAN_POINT('',(2.05,-0.43,0.78));
#11594 = DIRECTION('',(-1.110223024625E-16,1.,0.));
#11595 = DIRECTION('',(0.984807753012,1.093356242223E-16,0.173648177667)
  );
#11596 = ADVANCED_FACE('',(#11597),#11608,.F.);
#11597 = FACE_BOUND('',#11598,.F.);
#11598 = EDGE_LOOP('',(#11599,#11605,#11606,#11607));
#11599 = ORIENTED_EDGE('',*,*,#11600,.T.);
#11600 = EDGE_CURVE('',#10222,#10331,#11601,.T.);
#11601 = LINE('',#11602,#11603);
#11602 = CARTESIAN_POINT('',(2.427919445246,-0.43,0.272635182233));
#11603 = VECTOR('',#11604,1.);
#11604 = DIRECTION('',(1.110223024625E-16,-1.,0.));
#11605 = ORIENTED_EDGE('',*,*,#10339,.T.);
#11606 = ORIENTED_EDGE('',*,*,#11586,.F.);
#11607 = ORIENTED_EDGE('',*,*,#10230,.F.);
#11608 = PLANE('',#11609);
#11609 = AXIS2_PLACEMENT_3D('',#11610,#11611,#11612);
#11610 = CARTESIAN_POINT('',(2.427919445246,-0.43,0.272635182233));
#11611 = DIRECTION('',(-0.986573647205,-1.095316778615E-16,
    -0.163316988218));
#11612 = DIRECTION('',(-0.163316988218,-1.813182806319E-17,
    0.986573647205));
#11613 = ADVANCED_FACE('',(#11614),#11625,.F.);
#11614 = FACE_BOUND('',#11615,.F.);
#11615 = EDGE_LOOP('',(#11616,#11622,#11623,#11624));
#11616 = ORIENTED_EDGE('',*,*,#11617,.T.);
#11617 = EDGE_CURVE('',#10214,#10323,#11618,.T.);
#11618 = LINE('',#11619,#11620);
#11619 = CARTESIAN_POINT('',(2.526400220547,-0.43,0.19));
#11620 = VECTOR('',#11621,1.);
#11621 = DIRECTION('',(1.110223024625E-16,-1.,0.));
#11622 = ORIENTED_EDGE('',*,*,#10330,.T.);
#11623 = ORIENTED_EDGE('',*,*,#11600,.F.);
#11624 = ORIENTED_EDGE('',*,*,#10221,.F.);
#11625 = CYLINDRICAL_SURFACE('',#11626,0.1);
#11626 = AXIS2_PLACEMENT_3D('',#11627,#11628,#11629);
#11627 = CARTESIAN_POINT('',(2.526400220547,-0.43,0.29));
#11628 = DIRECTION('',(-1.110223024625E-16,1.,0.));
#11629 = DIRECTION('',(0.,0.,-1.));
#11630 = ADVANCED_FACE('',(#11631),#11642,.F.);
#11631 = FACE_BOUND('',#11632,.F.);
#11632 = EDGE_LOOP('',(#11633,#11639,#11640,#11641));
#11633 = ORIENTED_EDGE('',*,*,#11634,.T.);
#11634 = EDGE_CURVE('',#10206,#10315,#11635,.T.);
#11635 = LINE('',#11636,#11637);
#11636 = CARTESIAN_POINT('',(2.9975,-0.43,0.19));
#11637 = VECTOR('',#11638,1.);
#11638 = DIRECTION('',(1.110223024625E-16,-1.,0.));
#11639 = ORIENTED_EDGE('',*,*,#10322,.T.);
#11640 = ORIENTED_EDGE('',*,*,#11617,.F.);
#11641 = ORIENTED_EDGE('',*,*,#10213,.F.);
#11642 = PLANE('',#11643);
#11643 = AXIS2_PLACEMENT_3D('',#11644,#11645,#11646);
#11644 = CARTESIAN_POINT('',(2.9975,-0.43,0.19));
#11645 = DIRECTION('',(0.,0.,-1.));
#11646 = DIRECTION('',(-1.,-1.110223024625E-16,-0.));
#11647 = ADVANCED_FACE('',(#11648),#11659,.F.);
#11648 = FACE_BOUND('',#11649,.F.);
#11649 = EDGE_LOOP('',(#11650,#11656,#11657,#11658));
#11650 = ORIENTED_EDGE('',*,*,#11651,.T.);
#11651 = EDGE_CURVE('',#10198,#10307,#11652,.T.);
#11652 = LINE('',#11653,#11654);
#11653 = CARTESIAN_POINT('',(2.9975,-0.43,-5.551115123126E-17));
#11654 = VECTOR('',#11655,1.);
#11655 = DIRECTION('',(1.110223024625E-16,-1.,0.));
#11656 = ORIENTED_EDGE('',*,*,#10314,.T.);
#11657 = ORIENTED_EDGE('',*,*,#11634,.F.);
#11658 = ORIENTED_EDGE('',*,*,#10205,.F.);
#11659 = PLANE('',#11660);
#11660 = AXIS2_PLACEMENT_3D('',#11661,#11662,#11663);
#11661 = CARTESIAN_POINT('',(2.9975,-0.43,-5.551115123126E-17));
#11662 = DIRECTION('',(-1.,-1.110223024625E-16,0.));
#11663 = DIRECTION('',(0.,0.,1.));
#11664 = ADVANCED_FACE('',(#11665),#11676,.F.);
#11665 = FACE_BOUND('',#11666,.F.);
#11666 = EDGE_LOOP('',(#11667,#11673,#11674,#11675));
#11667 = ORIENTED_EDGE('',*,*,#11668,.T.);
#11668 = EDGE_CURVE('',#10189,#10298,#11669,.T.);
#11669 = LINE('',#11670,#11671);
#11670 = CARTESIAN_POINT('',(2.526400220547,-0.43,-5.551115123126E-17));
#11671 = VECTOR('',#11672,1.);
#11672 = DIRECTION('',(1.110223024625E-16,-1.,0.));
#11673 = ORIENTED_EDGE('',*,*,#10306,.T.);
#11674 = ORIENTED_EDGE('',*,*,#11651,.F.);
#11675 = ORIENTED_EDGE('',*,*,#10197,.F.);
#11676 = PLANE('',#11677);
#11677 = AXIS2_PLACEMENT_3D('',#11678,#11679,#11680);
#11678 = CARTESIAN_POINT('',(2.526400220547,-0.43,-5.551115123126E-17));
#11679 = DIRECTION('',(0.,0.,1.));
#11680 = DIRECTION('',(1.,1.110223024625E-16,-0.));
#11681 = ADVANCED_FACE('',(#11682),#11693,.T.);
#11682 = FACE_BOUND('',#11683,.T.);
#11683 = EDGE_LOOP('',(#11684,#11685,#11686,#11687));
#11684 = ORIENTED_EDGE('',*,*,#10188,.T.);
#11685 = ORIENTED_EDGE('',*,*,#11668,.T.);
#11686 = ORIENTED_EDGE('',*,*,#10297,.F.);
#11687 = ORIENTED_EDGE('',*,*,#11688,.F.);
#11688 = EDGE_CURVE('',#10181,#10290,#11689,.T.);
#11689 = LINE('',#11690,#11691);
#11690 = CARTESIAN_POINT('',(2.240805972174,-0.43,0.239642028477));
#11691 = VECTOR('',#11692,1.);
#11692 = DIRECTION('',(1.110223024625E-16,-1.,0.));
#11693 = CYLINDRICAL_SURFACE('',#11694,0.29);
#11694 = AXIS2_PLACEMENT_3D('',#11695,#11696,#11697);
#11695 = CARTESIAN_POINT('',(2.526400220547,-0.43,0.29));
#11696 = DIRECTION('',(-1.110223024625E-16,1.,0.));
#11697 = DIRECTION('',(-0.984807753012,-1.093356242223E-16,
    -0.173648177667));
#11698 = ADVANCED_FACE('',(#11699),#11705,.F.);
#11699 = FACE_BOUND('',#11700,.F.);
#11700 = EDGE_LOOP('',(#11701,#11702,#11703,#11704));
#11701 = ORIENTED_EDGE('',*,*,#10271,.T.);
#11702 = ORIENTED_EDGE('',*,*,#10289,.T.);
#11703 = ORIENTED_EDGE('',*,*,#11688,.F.);
#11704 = ORIENTED_EDGE('',*,*,#10180,.F.);
#11705 = PLANE('',#11706);
#11706 = AXIS2_PLACEMENT_3D('',#11707,#11708,#11709);
#11707 = CARTESIAN_POINT('',(2.148480775301,-0.43,0.797364817767));
#11708 = DIRECTION('',(0.986573647205,1.095316778615E-16,0.163316988218)
  );
#11709 = DIRECTION('',(0.163316988218,1.813182806319E-17,-0.986573647205
    ));
#11710 = ADVANCED_FACE('',(#11711),#11722,.T.);
#11711 = FACE_BOUND('',#11712,.T.);
#11712 = EDGE_LOOP('',(#11713,#11714,#11715,#11716));
#11713 = ORIENTED_EDGE('',*,*,#10461,.T.);
#11714 = ORIENTED_EDGE('',*,*,#10768,.T.);
#11715 = ORIENTED_EDGE('',*,*,#10570,.F.);
#11716 = ORIENTED_EDGE('',*,*,#11717,.F.);
#11717 = EDGE_CURVE('',#10454,#10563,#11718,.T.);
#11718 = LINE('',#11719,#11720);
#11719 = CARTESIAN_POINT('',(2.335594248374,-1.7,0.830357971523));
#11720 = VECTOR('',#11721,1.);
#11721 = DIRECTION('',(1.110223024625E-16,-1.,0.));
#11722 = CYLINDRICAL_SURFACE('',#11723,0.29);
#11723 = AXIS2_PLACEMENT_3D('',#11724,#11725,#11726);
#11724 = CARTESIAN_POINT('',(2.05,-1.7,0.78));
#11725 = DIRECTION('',(-1.110223024625E-16,1.,0.));
#11726 = DIRECTION('',(0.984807753012,1.093356242223E-16,0.173648177667)
  );
#11727 = ADVANCED_FACE('',(#11728),#11739,.F.);
#11728 = FACE_BOUND('',#11729,.F.);
#11729 = EDGE_LOOP('',(#11730,#11736,#11737,#11738));
#11730 = ORIENTED_EDGE('',*,*,#11731,.T.);
#11731 = EDGE_CURVE('',#10445,#10554,#11732,.T.);
#11732 = LINE('',#11733,#11734);
#11733 = CARTESIAN_POINT('',(2.427919445246,-1.7,0.272635182233));
#11734 = VECTOR('',#11735,1.);
#11735 = DIRECTION('',(1.110223024625E-16,-1.,0.));
#11736 = ORIENTED_EDGE('',*,*,#10562,.T.);
#11737 = ORIENTED_EDGE('',*,*,#11717,.F.);
#11738 = ORIENTED_EDGE('',*,*,#10453,.F.);
#11739 = PLANE('',#11740);
#11740 = AXIS2_PLACEMENT_3D('',#11741,#11742,#11743);
#11741 = CARTESIAN_POINT('',(2.427919445246,-1.7,0.272635182233));
#11742 = DIRECTION('',(-0.986573647205,-1.095316778615E-16,
    -0.163316988218));
#11743 = DIRECTION('',(-0.163316988218,-1.813182806319E-17,
    0.986573647205));
#11744 = ADVANCED_FACE('',(#11745),#11756,.F.);
#11745 = FACE_BOUND('',#11746,.F.);
#11746 = EDGE_LOOP('',(#11747,#11753,#11754,#11755));
#11747 = ORIENTED_EDGE('',*,*,#11748,.T.);
#11748 = EDGE_CURVE('',#10437,#10546,#11749,.T.);
#11749 = LINE('',#11750,#11751);
#11750 = CARTESIAN_POINT('',(2.526400220547,-1.7,0.19));
#11751 = VECTOR('',#11752,1.);
#11752 = DIRECTION('',(1.110223024625E-16,-1.,0.));
#11753 = ORIENTED_EDGE('',*,*,#10553,.T.);
#11754 = ORIENTED_EDGE('',*,*,#11731,.F.);
#11755 = ORIENTED_EDGE('',*,*,#10444,.F.);
#11756 = CYLINDRICAL_SURFACE('',#11757,0.1);
#11757 = AXIS2_PLACEMENT_3D('',#11758,#11759,#11760);
#11758 = CARTESIAN_POINT('',(2.526400220547,-1.7,0.29));
#11759 = DIRECTION('',(-1.110223024625E-16,1.,0.));
#11760 = DIRECTION('',(0.,0.,-1.));
#11761 = ADVANCED_FACE('',(#11762),#11773,.F.);
#11762 = FACE_BOUND('',#11763,.F.);
#11763 = EDGE_LOOP('',(#11764,#11770,#11771,#11772));
#11764 = ORIENTED_EDGE('',*,*,#11765,.T.);
#11765 = EDGE_CURVE('',#10429,#10538,#11766,.T.);
#11766 = LINE('',#11767,#11768);
#11767 = CARTESIAN_POINT('',(2.9975,-1.7,0.19));
#11768 = VECTOR('',#11769,1.);
#11769 = DIRECTION('',(1.110223024625E-16,-1.,0.));
#11770 = ORIENTED_EDGE('',*,*,#10545,.T.);
#11771 = ORIENTED_EDGE('',*,*,#11748,.F.);
#11772 = ORIENTED_EDGE('',*,*,#10436,.F.);
#11773 = PLANE('',#11774);
#11774 = AXIS2_PLACEMENT_3D('',#11775,#11776,#11777);
#11775 = CARTESIAN_POINT('',(2.9975,-1.7,0.19));
#11776 = DIRECTION('',(0.,0.,-1.));
#11777 = DIRECTION('',(-1.,-1.110223024625E-16,-0.));
#11778 = ADVANCED_FACE('',(#11779),#11790,.F.);
#11779 = FACE_BOUND('',#11780,.F.);
#11780 = EDGE_LOOP('',(#11781,#11787,#11788,#11789));
#11781 = ORIENTED_EDGE('',*,*,#11782,.T.);
#11782 = EDGE_CURVE('',#10421,#10530,#11783,.T.);
#11783 = LINE('',#11784,#11785);
#11784 = CARTESIAN_POINT('',(2.9975,-1.7,-5.551115123126E-17));
#11785 = VECTOR('',#11786,1.);
#11786 = DIRECTION('',(1.110223024625E-16,-1.,0.));
#11787 = ORIENTED_EDGE('',*,*,#10537,.T.);
#11788 = ORIENTED_EDGE('',*,*,#11765,.F.);
#11789 = ORIENTED_EDGE('',*,*,#10428,.F.);
#11790 = PLANE('',#11791);
#11791 = AXIS2_PLACEMENT_3D('',#11792,#11793,#11794);
#11792 = CARTESIAN_POINT('',(2.9975,-1.7,-5.551115123126E-17));
#11793 = DIRECTION('',(-1.,-1.110223024625E-16,0.));
#11794 = DIRECTION('',(0.,0.,1.));
#11795 = ADVANCED_FACE('',(#11796),#11807,.F.);
#11796 = FACE_BOUND('',#11797,.F.);
#11797 = EDGE_LOOP('',(#11798,#11804,#11805,#11806));
#11798 = ORIENTED_EDGE('',*,*,#11799,.T.);
#11799 = EDGE_CURVE('',#10412,#10521,#11800,.T.);
#11800 = LINE('',#11801,#11802);
#11801 = CARTESIAN_POINT('',(2.526400220547,-1.7,-5.551115123126E-17));
#11802 = VECTOR('',#11803,1.);
#11803 = DIRECTION('',(1.110223024625E-16,-1.,0.));
#11804 = ORIENTED_EDGE('',*,*,#10529,.T.);
#11805 = ORIENTED_EDGE('',*,*,#11782,.F.);
#11806 = ORIENTED_EDGE('',*,*,#10420,.F.);
#11807 = PLANE('',#11808);
#11808 = AXIS2_PLACEMENT_3D('',#11809,#11810,#11811);
#11809 = CARTESIAN_POINT('',(2.526400220547,-1.7,-5.551115123126E-17));
#11810 = DIRECTION('',(0.,0.,1.));
#11811 = DIRECTION('',(1.,1.110223024625E-16,-0.));
#11812 = ADVANCED_FACE('',(#11813),#11824,.T.);
#11813 = FACE_BOUND('',#11814,.T.);
#11814 = EDGE_LOOP('',(#11815,#11816,#11817,#11818));
#11815 = ORIENTED_EDGE('',*,*,#10411,.T.);
#11816 = ORIENTED_EDGE('',*,*,#11799,.T.);
#11817 = ORIENTED_EDGE('',*,*,#10520,.F.);
#11818 = ORIENTED_EDGE('',*,*,#11819,.F.);
#11819 = EDGE_CURVE('',#10404,#10513,#11820,.T.);
#11820 = LINE('',#11821,#11822);
#11821 = CARTESIAN_POINT('',(2.240805972174,-1.7,0.239642028477));
#11822 = VECTOR('',#11823,1.);
#11823 = DIRECTION('',(1.110223024625E-16,-1.,0.));
#11824 = CYLINDRICAL_SURFACE('',#11825,0.29);
#11825 = AXIS2_PLACEMENT_3D('',#11826,#11827,#11828);
#11826 = CARTESIAN_POINT('',(2.526400220547,-1.7,0.29));
#11827 = DIRECTION('',(-1.110223024625E-16,1.,0.));
#11828 = DIRECTION('',(-0.984807753012,-1.093356242223E-16,
    -0.173648177667));
#11829 = ADVANCED_FACE('',(#11830),#11836,.F.);
#11830 = FACE_BOUND('',#11831,.F.);
#11831 = EDGE_LOOP('',(#11832,#11833,#11834,#11835));
#11832 = ORIENTED_EDGE('',*,*,#10494,.T.);
#11833 = ORIENTED_EDGE('',*,*,#10512,.T.);
#11834 = ORIENTED_EDGE('',*,*,#11819,.F.);
#11835 = ORIENTED_EDGE('',*,*,#10403,.F.);
#11836 = PLANE('',#11837);
#11837 = AXIS2_PLACEMENT_3D('',#11838,#11839,#11840);
#11838 = CARTESIAN_POINT('',(2.148480775301,-1.7,0.797364817767));
#11839 = DIRECTION('',(0.986573647205,1.095316778615E-16,0.163316988218)
  );
#11840 = DIRECTION('',(0.163316988218,1.813182806319E-17,-0.986573647205
    ));
#11841 = ADVANCED_FACE('',(#11842),#11845,.F.);
#11842 = FACE_BOUND('',#11843,.T.);
#11843 = EDGE_LOOP('',(#11844));
#11844 = ORIENTED_EDGE('',*,*,#10696,.F.);
#11845 = PLANE('',#11846);
#11846 = AXIS2_PLACEMENT_3D('',#11847,#11848,#11849);
#11847 = CARTESIAN_POINT('',(-0.851460136547,1.353960136547,1.85));
#11848 = DIRECTION('',(0.,0.,-1.));
#11849 = DIRECTION('',(1.110223024625E-16,-1.,0.));
#11850 = ( GEOMETRIC_REPRESENTATION_CONTEXT(3) 
GLOBAL_UNCERTAINTY_ASSIGNED_CONTEXT((#11854)) 
GLOBAL_UNIT_ASSIGNED_CONTEXT((#11851,#11852,#11853)) 
REPRESENTATION_CONTEXT('Context #1',
  '3D Context with UNIT and UNCERTAINTY') );
#11851 = ( LENGTH_UNIT() NAMED_UNIT(*) SI_UNIT(.MILLI.,.METRE.) );
#11852 = ( NAMED_UNIT(*) PLANE_ANGLE_UNIT() SI_UNIT($,.RADIAN.) );
#11853 = ( NAMED_UNIT(*) SI_UNIT($,.STERADIAN.) SOLID_ANGLE_UNIT() );
#11854 = UNCERTAINTY_MEASURE_WITH_UNIT(LENGTH_MEASURE(1.E-07),#11851,
  'distance_accuracy_value','confusion accuracy');
#11855 = CONTEXT_DEPENDENT_SHAPE_REPRESENTATION(#11856,#11858);
#11856 = ( REPRESENTATION_RELATIONSHIP('','',#7379,#10) 
REPRESENTATION_RELATIONSHIP_WITH_TRANSFORMATION(#11857) 
SHAPE_REPRESENTATION_RELATIONSHIP() );
#11857 = ITEM_DEFINED_TRANSFORMATION('','',#11,#39);
#11858 = PRODUCT_DEFINITION_SHAPE('Placement','Placement of an item',
  #11859);
#11859 = NEXT_ASSEMBLY_USAGE_OCCURRENCE('20','U1','',#5,#7374,$);
#11860 = PRODUCT_RELATED_PRODUCT_CATEGORY('part',$,(#7376));
#11861 = SHAPE_DEFINITION_REPRESENTATION(#11862,#11868);
#11862 = PRODUCT_DEFINITION_SHAPE('','',#11863);
#11863 = PRODUCT_DEFINITION('design','',#11864,#11867);
#11864 = PRODUCT_DEFINITION_FORMATION('','',#11865);
#11865 = PRODUCT('neo-switch CH32V003J4M6_silkscreen',
  'neo-switch CH32V003J4M6_silkscreen','',(#11866));
#11866 = PRODUCT_CONTEXT('',#2,'mechanical');
#11867 = PRODUCT_DEFINITION_CONTEXT('part definition',#2,'design');
#11868 = SHAPE_REPRESENTATION('',(#11,#11869,#12011,#12204,#12248,#12390
    ,#12597,#12724,#13119,#13221,#13265,#13416,#13567,#13661,#13855,
    #13899,#14070,#14178,#14222,#14266,#14588,#14631,#14674,#14718,
    #14820,#14962,#15133,#15176,#15219,#15262,#15305,#15399,#15493,
    #15512,#15985,#16028,#16071,#16115,#16191,#16234,#16277),#16370);
#11869 = SHELL_BASED_SURFACE_MODEL('',(#11870));
#11870 = OPEN_SHELL('',(#11871));
#11871 = ADVANCED_FACE('',(#11872),#12006,.T.);
#11872 = FACE_BOUND('',#11873,.F.);
#11873 = EDGE_LOOP('',(#11874,#11884,#11892,#11901,#11909,#11917,#11926,
    #11934,#11943,#11951,#11959,#11967,#11975,#11984,#11992,#12000));
#11874 = ORIENTED_EDGE('',*,*,#11875,.T.);
#11875 = EDGE_CURVE('',#11876,#11878,#11880,.T.);
#11876 = VERTEX_POINT('',#11877);
#11877 = CARTESIAN_POINT('',(32.308912,-52.661841,1.585));
#11878 = VERTEX_POINT('',#11879);
#11879 = CARTESIAN_POINT('',(32.347368,-52.64126,1.585));
#11880 = LINE('',#11881,#11882);
#11881 = CARTESIAN_POINT('',(32.308912,-52.661841,1.585));
#11882 = VECTOR('',#11883,1.);
#11883 = DIRECTION('',(0.881674852639,0.471857451169,0.));
#11884 = ORIENTED_EDGE('',*,*,#11885,.T.);
#11885 = EDGE_CURVE('',#11878,#11886,#11888,.T.);
#11886 = VERTEX_POINT('',#11887);
#11887 = CARTESIAN_POINT('',(32.369205,-52.64126,1.585));
#11888 = LINE('',#11889,#11890);
#11889 = CARTESIAN_POINT('',(32.347368,-52.64126,1.585));
#11890 = VECTOR('',#11891,1.);
#11891 = DIRECTION('',(1.,0.,0.));
#11892 = ORIENTED_EDGE('',*,*,#11893,.T.);
#11893 = EDGE_CURVE('',#11886,#11894,#11896,.T.);
#11894 = VERTEX_POINT('',#11895);
#11895 = CARTESIAN_POINT('',(32.437,-52.714819,1.585));
#11896 = CIRCLE('',#11897,7.216898094226E-02);
#11897 = AXIS2_PLACEMENT_3D('',#11898,#11899,#11900);
#11898 = CARTESIAN_POINT('',(32.364847063893,-52.71329728342,1.585));
#11899 = DIRECTION('',(0.,0.,-1.));
#11900 = DIRECTION('',(6.038516895237E-02,0.998175150648,0.));
#11901 = ORIENTED_EDGE('',*,*,#11902,.T.);
#11902 = EDGE_CURVE('',#11894,#11903,#11905,.T.);
#11903 = VERTEX_POINT('',#11904);
#11904 = CARTESIAN_POINT('',(32.437,-53.639819,1.585));
#11905 = LINE('',#11906,#11907);
#11906 = CARTESIAN_POINT('',(32.437,-52.714819,1.585));
#11907 = VECTOR('',#11908,1.);
#11908 = DIRECTION('',(0.,-1.,0.));
#11909 = ORIENTED_EDGE('',*,*,#11910,.T.);
#11910 = EDGE_CURVE('',#11903,#11911,#11913,.T.);
#11911 = VERTEX_POINT('',#11912);
#11912 = CARTESIAN_POINT('',(32.662346,-53.64126,1.585));
#11913 = LINE('',#11914,#11915);
#11914 = CARTESIAN_POINT('',(32.437,-53.639819,1.585));
#11915 = VECTOR('',#11916,1.);
#11916 = DIRECTION('',(0.999979555102,-6.394480216655E-03,0.));
#11917 = ORIENTED_EDGE('',*,*,#11918,.T.);
#11918 = EDGE_CURVE('',#11911,#11919,#11921,.T.);
#11919 = VERTEX_POINT('',#11920);
#11920 = CARTESIAN_POINT('',(32.647714,-53.789819,1.585));
#11921 = CIRCLE('',#11922,7.500006711464E-02);
#11922 = AXIS2_PLACEMENT_3D('',#11923,#11924,#11925);
#11923 = CARTESIAN_POINT('',(32.647714067115,-53.71481893288,1.585));
#11924 = DIRECTION('',(0.,0.,-1.));
#11925 = DIRECTION('',(0.195092263891,0.980784894138,0.));
#11926 = ORIENTED_EDGE('',*,*,#11927,.T.);
#11927 = EDGE_CURVE('',#11919,#11928,#11930,.T.);
#11928 = VERTEX_POINT('',#11929);
#11929 = CARTESIAN_POINT('',(32.061654,-53.788378,1.585));
#11930 = LINE('',#11931,#11932);
#11931 = CARTESIAN_POINT('',(32.647714,-53.789819,1.585));
#11932 = VECTOR('',#11933,1.);
#11933 = DIRECTION('',(-0.999996977183,2.45878518261E-03,0.));
#11934 = ORIENTED_EDGE('',*,*,#11935,.T.);
#11935 = EDGE_CURVE('',#11928,#11936,#11938,.T.);
#11936 = VERTEX_POINT('',#11937);
#11937 = CARTESIAN_POINT('',(32.076286,-53.639819,1.585));
#11938 = CIRCLE('',#11939,7.500006711464E-02);
#11939 = AXIS2_PLACEMENT_3D('',#11940,#11941,#11942);
#11940 = CARTESIAN_POINT('',(32.076285932885,-53.71481906711,1.585));
#11941 = DIRECTION('',(0.,0.,-1.));
#11942 = DIRECTION('',(-0.195092263891,-0.980784894138,-0.));
#11943 = ORIENTED_EDGE('',*,*,#11944,.T.);
#11944 = EDGE_CURVE('',#11936,#11945,#11947,.T.);
#11945 = VERTEX_POINT('',#11946);
#11946 = CARTESIAN_POINT('',(32.287,-53.639819,1.585));
#11947 = LINE('',#11948,#11949);
#11948 = CARTESIAN_POINT('',(32.076286,-53.639819,1.585));
#11949 = VECTOR('',#11950,1.);
#11950 = DIRECTION('',(1.,0.,0.));
#11951 = ORIENTED_EDGE('',*,*,#11952,.T.);
#11952 = EDGE_CURVE('',#11945,#11953,#11955,.T.);
#11953 = VERTEX_POINT('',#11954);
#11954 = CARTESIAN_POINT('',(32.287,-52.943504,1.585));
#11955 = LINE('',#11956,#11957);
#11956 = CARTESIAN_POINT('',(32.287,-53.639819,1.585));
#11957 = VECTOR('',#11958,1.);
#11958 = DIRECTION('',(0.,1.,0.));
#11959 = ORIENTED_EDGE('',*,*,#11960,.T.);
#11960 = EDGE_CURVE('',#11953,#11961,#11963,.T.);
#11961 = VERTEX_POINT('',#11962);
#11962 = CARTESIAN_POINT('',(32.211364,-53.016031,1.585));
#11963 = LINE('',#11964,#11965);
#11964 = CARTESIAN_POINT('',(32.287,-52.943504,1.585));
#11965 = VECTOR('',#11966,1.);
#11966 = DIRECTION('',(-0.721785571396,-0.692116745156,0.));
#11967 = ORIENTED_EDGE('',*,*,#11968,.T.);
#11968 = EDGE_CURVE('',#11961,#11969,#11971,.T.);
#11969 = VERTEX_POINT('',#11970);
#11970 = CARTESIAN_POINT('',(32.096095,-53.07287,1.585));
#11971 = LINE('',#11972,#11973);
#11972 = CARTESIAN_POINT('',(32.211364,-53.016031,1.585));
#11973 = VECTOR('',#11974,1.);
#11974 = DIRECTION('',(-0.896889346494,-0.442255017094,0.));
#11975 = ORIENTED_EDGE('',*,*,#11976,.T.);
#11976 = EDGE_CURVE('',#11969,#11977,#11979,.T.);
#11977 = VERTEX_POINT('',#11978);
#11978 = CARTESIAN_POINT('',(32.042745,-52.933451,1.585));
#11979 = CIRCLE('',#11980,7.500005272362E-02);
#11980 = AXIS2_PLACEMENT_3D('',#11981,#11982,#11983);
#11981 = CARTESIAN_POINT('',(32.07628555676,-53.00053332972,1.585));
#11982 = DIRECTION('',(0.,0.,-1.));
#11983 = DIRECTION('',(0.264125724196,-0.964488259036,0.));
#11984 = ORIENTED_EDGE('',*,*,#11985,.T.);
#11985 = EDGE_CURVE('',#11977,#11986,#11988,.T.);
#11986 = VERTEX_POINT('',#11987);
#11987 = CARTESIAN_POINT('',(32.127097,-52.891275,1.585));
#11988 = LINE('',#11989,#11990);
#11989 = CARTESIAN_POINT('',(32.042745,-52.933451,1.585));
#11990 = VECTOR('',#11991,1.);
#11991 = DIRECTION('',(0.894427191,0.4472135955,0.));
#11992 = ORIENTED_EDGE('',*,*,#11993,.T.);
#11993 = EDGE_CURVE('',#11986,#11994,#11996,.T.);
#11994 = VERTEX_POINT('',#11995);
#11995 = CARTESIAN_POINT('',(32.208476,-52.809896,1.585));
#11996 = LINE('',#11997,#11998);
#11997 = CARTESIAN_POINT('',(32.127097,-52.891275,1.585));
#11998 = VECTOR('',#11999,1.);
#11999 = DIRECTION('',(0.707106781187,0.707106781187,0.));
#12000 = ORIENTED_EDGE('',*,*,#12001,.T.);
#12001 = EDGE_CURVE('',#11994,#11876,#12002,.T.);
#12002 = LINE('',#12003,#12004);
#12003 = CARTESIAN_POINT('',(32.208476,-52.809896,1.585));
#12004 = VECTOR('',#12005,1.);
#12005 = DIRECTION('',(0.561387006404,0.82755339951,0.));
#12006 = PLANE('',#12007);
#12007 = AXIS2_PLACEMENT_3D('',#12008,#12009,#12010);
#12008 = CARTESIAN_POINT('',(0.,0.,1.585));
#12009 = DIRECTION('',(0.,0.,1.));
#12010 = DIRECTION('',(1.,0.,-0.));
#12011 = SHELL_BASED_SURFACE_MODEL('',(#12012));
#12012 = OPEN_SHELL('',(#12013));
#12013 = ADVANCED_FACE('',(#12014),#12199,.T.);
#12014 = FACE_BOUND('',#12015,.F.);
#12015 = EDGE_LOOP('',(#12016,#12027,#12035,#12044,#12052,#12061,#12069,
    #12078,#12086,#12094,#12102,#12111,#12119,#12128,#12136,#12145,
    #12153,#12161,#12169,#12177,#12185,#12193));
#12016 = ORIENTED_EDGE('',*,*,#12017,.T.);
#12017 = EDGE_CURVE('',#12018,#12020,#12022,.T.);
#12018 = VERTEX_POINT('',#12019);
#12019 = CARTESIAN_POINT('',(31.229619,-52.697281,1.585));
#12020 = VERTEX_POINT('',#12021);
#12021 = CARTESIAN_POINT('',(31.689382,-52.700078,1.585));
#12022 = CIRCLE('',#12023,0.460785175821);
#12023 = AXIS2_PLACEMENT_3D('',#12024,#12025,#12026);
#12024 = CARTESIAN_POINT('',(31.457071108972,-53.09801597024,1.585));
#12025 = DIRECTION('',(0.,0.,-1.));
#12026 = DIRECTION('',(-0.493618547009,0.869678521092,0.));
#12027 = ORIENTED_EDGE('',*,*,#12028,.T.);
#12028 = EDGE_CURVE('',#12020,#12029,#12031,.T.);
#12029 = VERTEX_POINT('',#12030);
#12030 = CARTESIAN_POINT('',(31.757693,-52.768389,1.585));
#12031 = LINE('',#12032,#12033);
#12032 = CARTESIAN_POINT('',(31.689382,-52.700078,1.585));
#12033 = VECTOR('',#12034,1.);
#12034 = DIRECTION('',(0.707106781187,-0.707106781187,0.));
#12035 = ORIENTED_EDGE('',*,*,#12036,.T.);
#12036 = EDGE_CURVE('',#12029,#12037,#12039,.T.);
#12037 = VERTEX_POINT('',#12038);
#12038 = CARTESIAN_POINT('',(31.6423,-52.86309,1.585));
#12039 = CIRCLE('',#12040,7.500003178656E-02);
#12040 = AXIS2_PLACEMENT_3D('',#12041,#12042,#12043);
#12041 = CARTESIAN_POINT('',(31.695332562127,-52.8100565,1.585));
#12042 = DIRECTION('',(0.,0.,-1.));
#12043 = DIRECTION('',(0.831472152581,0.555566431206,0.));
#12044 = ORIENTED_EDGE('',*,*,#12045,.T.);
#12045 = EDGE_CURVE('',#12037,#12046,#12048,.T.);
#12046 = VERTEX_POINT('',#12047);
#12047 = CARTESIAN_POINT('',(31.6072,-52.82799,1.585));
#12048 = LINE('',#12049,#12050);
#12049 = CARTESIAN_POINT('',(31.6423,-52.86309,1.585));
#12050 = VECTOR('',#12051,1.);
#12051 = DIRECTION('',(-0.707106781187,0.707106781187,0.));
#12052 = ORIENTED_EDGE('',*,*,#12053,.T.);
#12053 = EDGE_CURVE('',#12046,#12054,#12056,.T.);
#12054 = VERTEX_POINT('',#12055);
#12055 = CARTESIAN_POINT('',(31.307276,-52.82799,1.585));
#12056 = CIRCLE('',#12057,0.299308637371);
#12057 = AXIS2_PLACEMENT_3D('',#12058,#12059,#12060);
#12058 = CARTESIAN_POINT('',(31.457238,-53.087021,1.585));
#12059 = DIRECTION('',(0.,0.,1.));
#12060 = DIRECTION('',(0.501027973389,0.865431089043,-0.));
#12061 = ORIENTED_EDGE('',*,*,#12062,.T.);
#12062 = EDGE_CURVE('',#12054,#12063,#12065,.T.);
#12063 = VERTEX_POINT('',#12064);
#12064 = CARTESIAN_POINT('',(31.233163,-52.902103,1.585));
#12065 = LINE('',#12066,#12067);
#12066 = CARTESIAN_POINT('',(31.307276,-52.82799,1.585));
#12067 = VECTOR('',#12068,1.);
#12068 = DIRECTION('',(-0.707106781187,-0.707106781187,0.));
#12069 = ORIENTED_EDGE('',*,*,#12070,.T.);
#12070 = EDGE_CURVE('',#12063,#12071,#12073,.T.);
#12071 = VERTEX_POINT('',#12072);
#12072 = CARTESIAN_POINT('',(31.151286,-53.277013,1.585));
#12073 = CIRCLE('',#12074,0.611712714363);
#12074 = AXIS2_PLACEMENT_3D('',#12075,#12076,#12077);
#12075 = CARTESIAN_POINT('',(31.759691275217,-53.2134876822,1.585));
#12076 = DIRECTION('',(0.,0.,1.));
#12077 = DIRECTION('',(-0.860744370444,0.509037453188,0.));
#12078 = ORIENTED_EDGE('',*,*,#12079,.T.);
#12079 = EDGE_CURVE('',#12071,#12080,#12082,.T.);
#12080 = VERTEX_POINT('',#12081);
#12081 = CARTESIAN_POINT('',(31.194669,-53.450547,1.585));
#12082 = LINE('',#12083,#12084);
#12083 = CARTESIAN_POINT('',(31.151286,-53.277013,1.585));
#12084 = VECTOR('',#12085,1.);
#12085 = DIRECTION('',(0.242532994208,-0.970143157849,0.));
#12086 = ORIENTED_EDGE('',*,*,#12087,.T.);
#12087 = EDGE_CURVE('',#12080,#12088,#12090,.T.);
#12088 = VERTEX_POINT('',#12089);
#12089 = CARTESIAN_POINT('',(31.233163,-53.527534,1.585));
#12090 = LINE('',#12091,#12092);
#12091 = CARTESIAN_POINT('',(31.194669,-53.450547,1.585));
#12092 = VECTOR('',#12093,1.);
#12093 = DIRECTION('',(0.447218242641,-0.894424867414,0.));
#12094 = ORIENTED_EDGE('',*,*,#12095,.T.);
#12095 = EDGE_CURVE('',#12088,#12096,#12098,.T.);
#12096 = VERTEX_POINT('',#12097);
#12097 = CARTESIAN_POINT('',(31.307276,-53.601648,1.585));
#12098 = LINE('',#12099,#12100);
#12099 = CARTESIAN_POINT('',(31.233163,-53.527534,1.585));
#12100 = VECTOR('',#12101,1.);
#12101 = DIRECTION('',(0.707102010739,-0.707111551602,0.));
#12102 = ORIENTED_EDGE('',*,*,#12103,.T.);
#12103 = EDGE_CURVE('',#12096,#12104,#12106,.T.);
#12104 = VERTEX_POINT('',#12105);
#12105 = CARTESIAN_POINT('',(31.6072,-53.601647,1.585));
#12106 = CIRCLE('',#12107,0.299305962385);
#12107 = AXIS2_PLACEMENT_3D('',#12108,#12109,#12110);
#12108 = CARTESIAN_POINT('',(31.457237136355,-53.34261959093,1.585));
#12109 = DIRECTION('',(0.,0.,1.));
#12110 = DIRECTION('',(-0.501029565732,-0.865430167178,0.));
#12111 = ORIENTED_EDGE('',*,*,#12112,.T.);
#12112 = EDGE_CURVE('',#12104,#12113,#12115,.T.);
#12113 = VERTEX_POINT('',#12114);
#12114 = CARTESIAN_POINT('',(31.653665,-53.55722,1.585));
#12115 = LINE('',#12116,#12117);
#12116 = CARTESIAN_POINT('',(31.6072,-53.601647,1.585));
#12117 = VECTOR('',#12118,1.);
#12118 = DIRECTION('',(0.722780013658,0.691078180712,0.));
#12119 = ORIENTED_EDGE('',*,*,#12120,.T.);
#12120 = EDGE_CURVE('',#12113,#12121,#12123,.T.);
#12121 = VERTEX_POINT('',#12122);
#12122 = CARTESIAN_POINT('',(31.748366,-53.672613,1.585));
#12123 = CIRCLE('',#12124,7.499993690111E-02);
#12124 = AXIS2_PLACEMENT_3D('',#12125,#12126,#12127);
#12125 = CARTESIAN_POINT('',(31.695333248309,-53.61957982374,1.585));
#12126 = DIRECTION('',(0.,0.,-1.));
#12127 = DIRECTION('',(-0.555577111536,0.831465016184,0.));
#12128 = ORIENTED_EDGE('',*,*,#12129,.T.);
#12129 = EDGE_CURVE('',#12121,#12130,#12132,.T.);
#12130 = VERTEX_POINT('',#12131);
#12131 = CARTESIAN_POINT('',(31.684856,-53.732357,1.585));
#12132 = LINE('',#12133,#12134);
#12133 = CARTESIAN_POINT('',(31.748366,-53.672613,1.585));
#12134 = VECTOR('',#12135,1.);
#12135 = DIRECTION('',(-0.728372356766,-0.685181516023,0.));
#12136 = ORIENTED_EDGE('',*,*,#12137,.T.);
#12137 = EDGE_CURVE('',#12130,#12138,#12140,.T.);
#12138 = VERTEX_POINT('',#12139);
#12139 = CARTESIAN_POINT('',(31.225094,-53.729561,1.585));
#12140 = CIRCLE('',#12141,0.461067828848);
#12141 = AXIS2_PLACEMENT_3D('',#12142,#12143,#12144);
#12142 = CARTESIAN_POINT('',(31.457405512688,-53.33129613352,1.585));
#12143 = DIRECTION('',(-0.,0.,-1.));
#12144 = DIRECTION('',(0.493312421905,-0.869852202615,-0.));
#12145 = ORIENTED_EDGE('',*,*,#12146,.T.);
#12146 = EDGE_CURVE('',#12138,#12147,#12149,.T.);
#12147 = VERTEX_POINT('',#12148);
#12148 = CARTESIAN_POINT('',(31.108405,-53.611798,1.585));
#12149 = LINE('',#12150,#12151);
#12150 = CARTESIAN_POINT('',(31.225094,-53.729561,1.585));
#12151 = VECTOR('',#12152,1.);
#12152 = DIRECTION('',(-0.703860214178,0.710338510076,0.));
#12153 = ORIENTED_EDGE('',*,*,#12154,.T.);
#12154 = EDGE_CURVE('',#12147,#12155,#12157,.T.);
#12155 = VERTEX_POINT('',#12156);
#12156 = CARTESIAN_POINT('',(31.051144,-53.494913,1.585));
#12157 = LINE('',#12158,#12159);
#12158 = CARTESIAN_POINT('',(31.108405,-53.611798,1.585));
#12159 = VECTOR('',#12160,1.);
#12160 = DIRECTION('',(-0.439936873317,0.89802870082,0.));
#12161 = ORIENTED_EDGE('',*,*,#12162,.T.);
#12162 = EDGE_CURVE('',#12155,#12163,#12165,.T.);
#12163 = VERTEX_POINT('',#12164);
#12164 = CARTESIAN_POINT('',(31.001286,-53.286247,1.585));
#12165 = LINE('',#12166,#12167);
#12166 = CARTESIAN_POINT('',(31.051144,-53.494913,1.585));
#12167 = VECTOR('',#12168,1.);
#12168 = DIRECTION('',(-0.232395123349,0.972621461126,0.));
#12169 = ORIENTED_EDGE('',*,*,#12170,.T.);
#12170 = EDGE_CURVE('',#12163,#12171,#12173,.T.);
#12171 = VERTEX_POINT('',#12172);
#12172 = CARTESIAN_POINT('',(31.003525,-53.1252,1.585));
#12173 = LINE('',#12174,#12175);
#12174 = CARTESIAN_POINT('',(31.001286,-53.286247,1.585));
#12175 = VECTOR('',#12176,1.);
#12176 = DIRECTION('',(1.390143030566E-02,0.999903370449,0.));
#12177 = ORIENTED_EDGE('',*,*,#12178,.T.);
#12178 = EDGE_CURVE('',#12171,#12179,#12181,.T.);
#12179 = VERTEX_POINT('',#12180);
#12180 = CARTESIAN_POINT('',(31.056823,-52.919373,1.585));
#12181 = LINE('',#12182,#12183);
#12182 = CARTESIAN_POINT('',(31.003525,-53.1252,1.585));
#12183 = VECTOR('',#12184,1.);
#12184 = DIRECTION('',(0.250677645339,0.968070616292,0.));
#12185 = ORIENTED_EDGE('',*,*,#12186,.T.);
#12186 = EDGE_CURVE('',#12179,#12187,#12189,.T.);
#12187 = VERTEX_POINT('',#12188);
#12188 = CARTESIAN_POINT('',(31.113772,-52.810392,1.585));
#12189 = LINE('',#12190,#12191);
#12190 = CARTESIAN_POINT('',(31.056823,-52.919373,1.585));
#12191 = VECTOR('',#12192,1.);
#12192 = DIRECTION('',(0.463137057879,0.886286672369,0.));
#12193 = ORIENTED_EDGE('',*,*,#12194,.T.);
#12194 = EDGE_CURVE('',#12187,#12018,#12195,.T.);
#12195 = LINE('',#12196,#12197);
#12196 = CARTESIAN_POINT('',(31.113772,-52.810392,1.585));
#12197 = VECTOR('',#12198,1.);
#12198 = DIRECTION('',(0.715505474306,0.698607125814,0.));
#12199 = PLANE('',#12200);
#12200 = AXIS2_PLACEMENT_3D('',#12201,#12202,#12203);
#12201 = CARTESIAN_POINT('',(0.,0.,1.585));
#12202 = DIRECTION('',(0.,0.,1.));
#12203 = DIRECTION('',(1.,0.,-0.));
#12204 = SHELL_BASED_SURFACE_MODEL('',(#12205));
#12205 = OPEN_SHELL('',(#12206));
#12206 = ADVANCED_FACE('',(#12207),#12243,.T.);
#12207 = FACE_BOUND('',#12208,.F.);
#12208 = EDGE_LOOP('',(#12209,#12220,#12228,#12237));
#12209 = ORIENTED_EDGE('',*,*,#12210,.T.);
#12210 = EDGE_CURVE('',#12211,#12213,#12215,.T.);
#12211 = VERTEX_POINT('',#12212);
#12212 = CARTESIAN_POINT('',(31.762,-52.59,1.585));
#12213 = VERTEX_POINT('',#12214);
#12214 = CARTESIAN_POINT('',(31.762,-52.47,1.585));
#12215 = CIRCLE('',#12216,6.000000000043E-02);
#12216 = AXIS2_PLACEMENT_3D('',#12217,#12218,#12219);
#12217 = CARTESIAN_POINT('',(31.761999774412,-52.53,1.585));
#12218 = DIRECTION('',(0.,0.,-1.));
#12219 = DIRECTION('',(3.759794076048E-06,-0.999999999993,0.));
#12220 = ORIENTED_EDGE('',*,*,#12221,.T.);
#12221 = EDGE_CURVE('',#12213,#12222,#12224,.T.);
#12222 = VERTEX_POINT('',#12223);
#12223 = CARTESIAN_POINT('',(33.762,-52.47,1.585));
#12224 = LINE('',#12225,#12226);
#12225 = CARTESIAN_POINT('',(31.762,-52.47,1.585));
#12226 = VECTOR('',#12227,1.);
#12227 = DIRECTION('',(1.,0.,0.));
#12228 = ORIENTED_EDGE('',*,*,#12229,.T.);
#12229 = EDGE_CURVE('',#12222,#12230,#12232,.T.);
#12230 = VERTEX_POINT('',#12231);
#12231 = CARTESIAN_POINT('',(33.762,-52.59,1.585));
#12232 = CIRCLE('',#12233,6.000000000043E-02);
#12233 = AXIS2_PLACEMENT_3D('',#12234,#12235,#12236);
#12234 = CARTESIAN_POINT('',(33.762000225588,-52.53,1.585));
#12235 = DIRECTION('',(0.,0.,-1.));
#12236 = DIRECTION('',(-3.759794016836E-06,0.999999999993,-0.));
#12237 = ORIENTED_EDGE('',*,*,#12238,.T.);
#12238 = EDGE_CURVE('',#12230,#12211,#12239,.T.);
#12239 = LINE('',#12240,#12241);
#12240 = CARTESIAN_POINT('',(33.762,-52.59,1.585));
#12241 = VECTOR('',#12242,1.);
#12242 = DIRECTION('',(-1.,0.,0.));
#12243 = PLANE('',#12244);
#12244 = AXIS2_PLACEMENT_3D('',#12245,#12246,#12247);
#12245 = CARTESIAN_POINT('',(0.,0.,1.585));
#12246 = DIRECTION('',(0.,0.,1.));
#12247 = DIRECTION('',(1.,0.,-0.));
#12248 = SHELL_BASED_SURFACE_MODEL('',(#12249));
#12249 = OPEN_SHELL('',(#12250));
#12250 = ADVANCED_FACE('',(#12251),#12385,.T.);
#12251 = FACE_BOUND('',#12252,.F.);
#12252 = EDGE_LOOP('',(#12253,#12263,#12271,#12280,#12288,#12296,#12305,
    #12313,#12322,#12330,#12338,#12346,#12354,#12363,#12371,#12379));
#12253 = ORIENTED_EDGE('',*,*,#12254,.T.);
#12254 = EDGE_CURVE('',#12255,#12257,#12259,.T.);
#12255 = VERTEX_POINT('',#12256);
#12256 = CARTESIAN_POINT('',(39.396912,-51.251841,1.585));
#12257 = VERTEX_POINT('',#12258);
#12258 = CARTESIAN_POINT('',(39.435368,-51.23126,1.585));
#12259 = LINE('',#12260,#12261);
#12260 = CARTESIAN_POINT('',(39.396912,-51.251841,1.585));
#12261 = VECTOR('',#12262,1.);
#12262 = DIRECTION('',(0.881674852639,0.471857451169,0.));
#12263 = ORIENTED_EDGE('',*,*,#12264,.T.);
#12264 = EDGE_CURVE('',#12257,#12265,#12267,.T.);
#12265 = VERTEX_POINT('',#12266);
#12266 = CARTESIAN_POINT('',(39.457205,-51.23126,1.585));
#12267 = LINE('',#12268,#12269);
#12268 = CARTESIAN_POINT('',(39.435368,-51.23126,1.585));
#12269 = VECTOR('',#12270,1.);
#12270 = DIRECTION('',(1.,0.,0.));
#12271 = ORIENTED_EDGE('',*,*,#12272,.T.);
#12272 = EDGE_CURVE('',#12265,#12273,#12275,.T.);
#12273 = VERTEX_POINT('',#12274);
#12274 = CARTESIAN_POINT('',(39.525,-51.304819,1.585));
#12275 = CIRCLE('',#12276,7.216898094228E-02);
#12276 = AXIS2_PLACEMENT_3D('',#12277,#12278,#12279);
#12277 = CARTESIAN_POINT('',(39.452847063893,-51.30329728342,1.585));
#12278 = DIRECTION('',(0.,0.,-1.));
#12279 = DIRECTION('',(6.038516895265E-02,0.998175150648,0.));
#12280 = ORIENTED_EDGE('',*,*,#12281,.T.);
#12281 = EDGE_CURVE('',#12273,#12282,#12284,.T.);
#12282 = VERTEX_POINT('',#12283);
#12283 = CARTESIAN_POINT('',(39.525,-52.229819,1.585));
#12284 = LINE('',#12285,#12286);
#12285 = CARTESIAN_POINT('',(39.525,-51.304819,1.585));
#12286 = VECTOR('',#12287,1.);
#12287 = DIRECTION('',(0.,-1.,0.));
#12288 = ORIENTED_EDGE('',*,*,#12289,.T.);
#12289 = EDGE_CURVE('',#12282,#12290,#12292,.T.);
#12290 = VERTEX_POINT('',#12291);
#12291 = CARTESIAN_POINT('',(39.750346,-52.23126,1.585));
#12292 = LINE('',#12293,#12294);
#12293 = CARTESIAN_POINT('',(39.525,-52.229819,1.585));
#12294 = VECTOR('',#12295,1.);
#12295 = DIRECTION('',(0.999979555102,-6.394480216655E-03,0.));
#12296 = ORIENTED_EDGE('',*,*,#12297,.T.);
#12297 = EDGE_CURVE('',#12290,#12298,#12300,.T.);
#12298 = VERTEX_POINT('',#12299);
#12299 = CARTESIAN_POINT('',(39.735714,-52.379819,1.585));
#12300 = CIRCLE('',#12301,7.500006711464E-02);
#12301 = AXIS2_PLACEMENT_3D('',#12302,#12303,#12304);
#12302 = CARTESIAN_POINT('',(39.735714067115,-52.30481893288,1.585));
#12303 = DIRECTION('',(0.,0.,-1.));
#12304 = DIRECTION('',(0.195092263891,0.980784894138,0.));
#12305 = ORIENTED_EDGE('',*,*,#12306,.T.);
#12306 = EDGE_CURVE('',#12298,#12307,#12309,.T.);
#12307 = VERTEX_POINT('',#12308);
#12308 = CARTESIAN_POINT('',(39.149654,-52.378378,1.585));
#12309 = LINE('',#12310,#12311);
#12310 = CARTESIAN_POINT('',(39.735714,-52.379819,1.585));
#12311 = VECTOR('',#12312,1.);
#12312 = DIRECTION('',(-0.999996977183,2.45878518261E-03,0.));
#12313 = ORIENTED_EDGE('',*,*,#12314,.T.);
#12314 = EDGE_CURVE('',#12307,#12315,#12317,.T.);
#12315 = VERTEX_POINT('',#12316);
#12316 = CARTESIAN_POINT('',(39.164286,-52.229819,1.585));
#12317 = CIRCLE('',#12318,7.500006711464E-02);
#12318 = AXIS2_PLACEMENT_3D('',#12319,#12320,#12321);
#12319 = CARTESIAN_POINT('',(39.164285932885,-52.30481906711,1.585));
#12320 = DIRECTION('',(0.,0.,-1.));
#12321 = DIRECTION('',(-0.195092263891,-0.980784894138,-0.));
#12322 = ORIENTED_EDGE('',*,*,#12323,.T.);
#12323 = EDGE_CURVE('',#12315,#12324,#12326,.T.);
#12324 = VERTEX_POINT('',#12325);
#12325 = CARTESIAN_POINT('',(39.375,-52.229819,1.585));
#12326 = LINE('',#12327,#12328);
#12327 = CARTESIAN_POINT('',(39.164286,-52.229819,1.585));
#12328 = VECTOR('',#12329,1.);
#12329 = DIRECTION('',(1.,0.,0.));
#12330 = ORIENTED_EDGE('',*,*,#12331,.T.);
#12331 = EDGE_CURVE('',#12324,#12332,#12334,.T.);
#12332 = VERTEX_POINT('',#12333);
#12333 = CARTESIAN_POINT('',(39.375,-51.533504,1.585));
#12334 = LINE('',#12335,#12336);
#12335 = CARTESIAN_POINT('',(39.375,-52.229819,1.585));
#12336 = VECTOR('',#12337,1.);
#12337 = DIRECTION('',(0.,1.,0.));
#12338 = ORIENTED_EDGE('',*,*,#12339,.T.);
#12339 = EDGE_CURVE('',#12332,#12340,#12342,.T.);
#12340 = VERTEX_POINT('',#12341);
#12341 = CARTESIAN_POINT('',(39.299364,-51.606031,1.585));
#12342 = LINE('',#12343,#12344);
#12343 = CARTESIAN_POINT('',(39.375,-51.533504,1.585));
#12344 = VECTOR('',#12345,1.);
#12345 = DIRECTION('',(-0.721785571396,-0.692116745156,0.));
#12346 = ORIENTED_EDGE('',*,*,#12347,.T.);
#12347 = EDGE_CURVE('',#12340,#12348,#12350,.T.);
#12348 = VERTEX_POINT('',#12349);
#12349 = CARTESIAN_POINT('',(39.184095,-51.66287,1.585));
#12350 = LINE('',#12351,#12352);
#12351 = CARTESIAN_POINT('',(39.299364,-51.606031,1.585));
#12352 = VECTOR('',#12353,1.);
#12353 = DIRECTION('',(-0.896889346494,-0.442255017094,0.));
#12354 = ORIENTED_EDGE('',*,*,#12355,.T.);
#12355 = EDGE_CURVE('',#12348,#12356,#12358,.T.);
#12356 = VERTEX_POINT('',#12357);
#12357 = CARTESIAN_POINT('',(39.130745,-51.523451,1.585));
#12358 = CIRCLE('',#12359,7.500005272362E-02);
#12359 = AXIS2_PLACEMENT_3D('',#12360,#12361,#12362);
#12360 = CARTESIAN_POINT('',(39.16428555676,-51.59053332972,1.585));
#12361 = DIRECTION('',(0.,0.,-1.));
#12362 = DIRECTION('',(0.264125724196,-0.964488259036,0.));
#12363 = ORIENTED_EDGE('',*,*,#12364,.T.);
#12364 = EDGE_CURVE('',#12356,#12365,#12367,.T.);
#12365 = VERTEX_POINT('',#12366);
#12366 = CARTESIAN_POINT('',(39.215097,-51.481275,1.585));
#12367 = LINE('',#12368,#12369);
#12368 = CARTESIAN_POINT('',(39.130745,-51.523451,1.585));
#12369 = VECTOR('',#12370,1.);
#12370 = DIRECTION('',(0.894427191,0.4472135955,0.));
#12371 = ORIENTED_EDGE('',*,*,#12372,.T.);
#12372 = EDGE_CURVE('',#12365,#12373,#12375,.T.);
#12373 = VERTEX_POINT('',#12374);
#12374 = CARTESIAN_POINT('',(39.296476,-51.399896,1.585));
#12375 = LINE('',#12376,#12377);
#12376 = CARTESIAN_POINT('',(39.215097,-51.481275,1.585));
#12377 = VECTOR('',#12378,1.);
#12378 = DIRECTION('',(0.707106781187,0.707106781187,0.));
#12379 = ORIENTED_EDGE('',*,*,#12380,.T.);
#12380 = EDGE_CURVE('',#12373,#12255,#12381,.T.);
#12381 = LINE('',#12382,#12383);
#12382 = CARTESIAN_POINT('',(39.296476,-51.399896,1.585));
#12383 = VECTOR('',#12384,1.);
#12384 = DIRECTION('',(0.561387006404,0.82755339951,0.));
#12385 = PLANE('',#12386);
#12386 = AXIS2_PLACEMENT_3D('',#12387,#12388,#12389);
#12387 = CARTESIAN_POINT('',(0.,0.,1.585));
#12388 = DIRECTION('',(0.,0.,1.));
#12389 = DIRECTION('',(1.,0.,-0.));
#12390 = SHELL_BASED_SURFACE_MODEL('',(#12391));
#12391 = OPEN_SHELL('',(#12392));
#12392 = ADVANCED_FACE('',(#12393,#12509),#12592,.T.);
#12393 = FACE_BOUND('',#12394,.F.);
#12394 = EDGE_LOOP('',(#12395,#12406,#12414,#12422,#12430,#12438,#12446,
    #12454,#12462,#12470,#12478,#12486,#12494,#12503));
#12395 = ORIENTED_EDGE('',*,*,#12396,.T.);
#12396 = EDGE_CURVE('',#12397,#12399,#12401,.T.);
#12397 = VERTEX_POINT('',#12398);
#12398 = CARTESIAN_POINT('',(38.138346,-51.290187,1.585));
#12399 = VERTEX_POINT('',#12400);
#12400 = CARTESIAN_POINT('',(38.211905,-51.229819,1.585));
#12401 = CIRCLE('',#12402,7.500074938987E-02);
#12402 = AXIS2_PLACEMENT_3D('',#12403,#12404,#12405);
#12403 = CARTESIAN_POINT('',(38.21190546611,-51.30481974938,1.585));
#12404 = DIRECTION('',(0.,0.,-1.));
#12405 = DIRECTION('',(-0.980783081614,0.195101375752,0.));
#12406 = ORIENTED_EDGE('',*,*,#12407,.T.);
#12407 = EDGE_CURVE('',#12399,#12408,#12410,.T.);
#12408 = VERTEX_POINT('',#12409);
#12409 = CARTESIAN_POINT('',(38.457405,-51.230548,1.585));
#12410 = LINE('',#12411,#12412);
#12411 = CARTESIAN_POINT('',(38.211905,-51.229819,1.585));
#12412 = VECTOR('',#12413,1.);
#12413 = DIRECTION('',(0.999995591212,-2.969437010157E-03,0.));
#12414 = ORIENTED_EDGE('',*,*,#12415,.T.);
#12415 = EDGE_CURVE('',#12408,#12416,#12418,.T.);
#12416 = VERTEX_POINT('',#12417);
#12417 = CARTESIAN_POINT('',(38.634525,-51.290078,1.585));
#12418 = LINE('',#12419,#12420);
#12419 = CARTESIAN_POINT('',(38.457405,-51.230548,1.585));
#12420 = VECTOR('',#12421,1.);
#12421 = DIRECTION('',(0.947893661994,-0.318586888542,0.));
#12422 = ORIENTED_EDGE('',*,*,#12423,.T.);
#12423 = EDGE_CURVE('',#12416,#12424,#12426,.T.);
#12424 = VERTEX_POINT('',#12425);
#12425 = CARTESIAN_POINT('',(38.751214,-51.40784,1.585));
#12426 = LINE('',#12427,#12428);
#12427 = CARTESIAN_POINT('',(38.634525,-51.290078,1.585));
#12428 = VECTOR('',#12429,1.);
#12429 = DIRECTION('',(0.703863230025,-0.710335521721,0.));
#12430 = ORIENTED_EDGE('',*,*,#12431,.T.);
#12431 = EDGE_CURVE('',#12424,#12432,#12434,.T.);
#12432 = VERTEX_POINT('',#12433);
#12433 = CARTESIAN_POINT('',(38.808475,-51.524724,1.585));
#12434 = LINE('',#12435,#12436);
#12435 = CARTESIAN_POINT('',(38.751214,-51.40784,1.585));
#12436 = VECTOR('',#12437,1.);
#12437 = DIRECTION('',(0.439939908708,-0.8980272138,0.));
#12438 = ORIENTED_EDGE('',*,*,#12439,.T.);
#12439 = EDGE_CURVE('',#12432,#12440,#12442,.T.);
#12440 = VERTEX_POINT('',#12441);
#12441 = CARTESIAN_POINT('',(38.858333,-51.73339,1.585));
#12442 = LINE('',#12443,#12444);
#12443 = CARTESIAN_POINT('',(38.808475,-51.524724,1.585));
#12444 = VECTOR('',#12445,1.);
#12445 = DIRECTION('',(0.232395123349,-0.972621461126,0.));
#12446 = ORIENTED_EDGE('',*,*,#12447,.T.);
#12447 = EDGE_CURVE('',#12440,#12448,#12450,.T.);
#12448 = VERTEX_POINT('',#12449);
#12449 = CARTESIAN_POINT('',(38.856094,-51.894437,1.585));
#12450 = LINE('',#12451,#12452);
#12451 = CARTESIAN_POINT('',(38.858333,-51.73339,1.585));
#12452 = VECTOR('',#12453,1.);
#12453 = DIRECTION('',(-1.390143030568E-02,-0.999903370449,0.));
#12454 = ORIENTED_EDGE('',*,*,#12455,.T.);
#12455 = EDGE_CURVE('',#12448,#12456,#12458,.T.);
#12456 = VERTEX_POINT('',#12457);
#12457 = CARTESIAN_POINT('',(38.802796,-52.100264,1.585));
#12458 = LINE('',#12459,#12460);
#12459 = CARTESIAN_POINT('',(38.856094,-51.894437,1.585));
#12460 = VECTOR('',#12461,1.);
#12461 = DIRECTION('',(-0.250677645339,-0.968070616292,0.));
#12462 = ORIENTED_EDGE('',*,*,#12463,.T.);
#12463 = EDGE_CURVE('',#12456,#12464,#12466,.T.);
#12464 = VERTEX_POINT('',#12465);
#12465 = CARTESIAN_POINT('',(38.745846,-52.209244,1.585));
#12466 = LINE('',#12467,#12468);
#12467 = CARTESIAN_POINT('',(38.802796,-52.100264,1.585));
#12468 = VECTOR('',#12469,1.);
#12469 = DIRECTION('',(-0.463146784148,-0.886281589752,0.));
#12470 = ORIENTED_EDGE('',*,*,#12471,.T.);
#12471 = EDGE_CURVE('',#12464,#12472,#12474,.T.);
#12472 = VERTEX_POINT('',#12473);
#12473 = CARTESIAN_POINT('',(38.629999,-52.322357,1.585));
#12474 = LINE('',#12475,#12476);
#12475 = CARTESIAN_POINT('',(38.745846,-52.209244,1.585));
#12476 = VECTOR('',#12477,1.);
#12477 = DIRECTION('',(-0.715499299798,-0.698613449619,0.));
#12478 = ORIENTED_EDGE('',*,*,#12479,.T.);
#12479 = EDGE_CURVE('',#12472,#12480,#12482,.T.);
#12480 = VERTEX_POINT('',#12481);
#12481 = CARTESIAN_POINT('',(38.457405,-52.379089,1.585));
#12482 = LINE('',#12483,#12484);
#12483 = CARTESIAN_POINT('',(38.629999,-52.322357,1.585));
#12484 = VECTOR('',#12485,1.);
#12485 = DIRECTION('',(-0.949994945594,-0.312265277202,0.));
#12486 = ORIENTED_EDGE('',*,*,#12487,.T.);
#12487 = EDGE_CURVE('',#12480,#12488,#12490,.T.);
#12488 = VERTEX_POINT('',#12489);
#12489 = CARTESIAN_POINT('',(38.197273,-52.378378,1.585));
#12490 = LINE('',#12491,#12492);
#12491 = CARTESIAN_POINT('',(38.457405,-52.379089,1.585));
#12492 = VECTOR('',#12493,1.);
#12493 = DIRECTION('',(-0.999996264754,2.733217536645E-03,0.));
#12494 = ORIENTED_EDGE('',*,*,#12495,.T.);
#12495 = EDGE_CURVE('',#12488,#12496,#12498,.T.);
#12496 = VERTEX_POINT('',#12497);
#12497 = CARTESIAN_POINT('',(38.136905,-52.304819,1.585));
#12498 = CIRCLE('',#12499,7.500074938985E-02);
#12499 = AXIS2_PLACEMENT_3D('',#12500,#12501,#12502);
#12500 = CARTESIAN_POINT('',(38.211905749388,-52.30481853389,1.585));
#12501 = DIRECTION('',(0.,0.,-1.));
#12502 = DIRECTION('',(-0.195101375752,-0.980783081614,-0.));
#12503 = ORIENTED_EDGE('',*,*,#12504,.T.);
#12504 = EDGE_CURVE('',#12496,#12397,#12505,.T.);
#12505 = LINE('',#12506,#12507);
#12506 = CARTESIAN_POINT('',(38.136905,-52.304819,1.585));
#12507 = VECTOR('',#12508,1.);
#12508 = DIRECTION('',(1.420217918158E-03,0.99999899149,0.));
#12509 = FACE_BOUND('',#12510,.F.);
#12510 = EDGE_LOOP('',(#12511,#12521,#12529,#12537,#12545,#12553,#12561,
    #12570,#12578,#12586));
#12511 = ORIENTED_EDGE('',*,*,#12512,.T.);
#12512 = EDGE_CURVE('',#12513,#12515,#12517,.T.);
#12513 = VERTEX_POINT('',#12514);
#12514 = CARTESIAN_POINT('',(38.552343,-51.41799,1.585));
#12515 = VERTEX_POINT('',#12516);
#12516 = CARTESIAN_POINT('',(38.43783,-51.379819,1.585));
#12517 = LINE('',#12518,#12519);
#12518 = CARTESIAN_POINT('',(38.552343,-51.41799,1.585));
#12519 = VECTOR('',#12520,1.);
#12520 = DIRECTION('',(-0.948683298051,0.316227766017,0.));
#12521 = ORIENTED_EDGE('',*,*,#12522,.T.);
#12522 = EDGE_CURVE('',#12515,#12523,#12525,.T.);
#12523 = VERTEX_POINT('',#12524);
#12524 = CARTESIAN_POINT('',(38.286905,-51.379819,1.585));
#12525 = LINE('',#12526,#12527);
#12526 = CARTESIAN_POINT('',(38.43783,-51.379819,1.585));
#12527 = VECTOR('',#12528,1.);
#12528 = DIRECTION('',(-1.,0.,0.));
#12529 = ORIENTED_EDGE('',*,*,#12530,.T.);
#12530 = EDGE_CURVE('',#12523,#12531,#12533,.T.);
#12531 = VERTEX_POINT('',#12532);
#12532 = CARTESIAN_POINT('',(38.286905,-52.229819,1.585));
#12533 = LINE('',#12534,#12535);
#12534 = CARTESIAN_POINT('',(38.286905,-51.379819,1.585));
#12535 = VECTOR('',#12536,1.);
#12536 = DIRECTION('',(0.,-1.,0.));
#12537 = ORIENTED_EDGE('',*,*,#12538,.T.);
#12538 = EDGE_CURVE('',#12531,#12539,#12541,.T.);
#12539 = VERTEX_POINT('',#12540);
#12540 = CARTESIAN_POINT('',(38.43783,-52.229819,1.585));
#12541 = LINE('',#12542,#12543);
#12542 = CARTESIAN_POINT('',(38.286905,-52.229819,1.585));
#12543 = VECTOR('',#12544,1.);
#12544 = DIRECTION('',(1.,0.,0.));
#12545 = ORIENTED_EDGE('',*,*,#12546,.T.);
#12546 = EDGE_CURVE('',#12539,#12547,#12549,.T.);
#12547 = VERTEX_POINT('',#12548);
#12548 = CARTESIAN_POINT('',(38.552343,-52.191647,1.585));
#12549 = LINE('',#12550,#12551);
#12550 = CARTESIAN_POINT('',(38.43783,-52.229819,1.585));
#12551 = VECTOR('',#12552,1.);
#12552 = DIRECTION('',(0.948680812677,0.31623522204,0.));
#12553 = ORIENTED_EDGE('',*,*,#12554,.T.);
#12554 = EDGE_CURVE('',#12547,#12555,#12557,.T.);
#12555 = VERTEX_POINT('',#12556);
#12556 = CARTESIAN_POINT('',(38.626455,-52.117534,1.585));
#12557 = LINE('',#12558,#12559);
#12558 = CARTESIAN_POINT('',(38.552343,-52.191647,1.585));
#12559 = VECTOR('',#12560,1.);
#12560 = DIRECTION('',(0.707102010674,0.707111551667,0.));
#12561 = ORIENTED_EDGE('',*,*,#12562,.T.);
#12562 = EDGE_CURVE('',#12555,#12563,#12565,.T.);
#12563 = VERTEX_POINT('',#12564);
#12564 = CARTESIAN_POINT('',(38.708333,-51.742624,1.585));
#12565 = CIRCLE('',#12566,0.611719141131);
#12566 = AXIS2_PLACEMENT_3D('',#12567,#12568,#12569);
#12567 = CARTESIAN_POINT('',(38.099920962242,-51.80614643649,1.585));
#12568 = DIRECTION('',(0.,0.,1.));
#12569 = DIRECTION('',(0.860744747637,-0.509036815383,0.));
#12570 = ORIENTED_EDGE('',*,*,#12571,.T.);
#12571 = EDGE_CURVE('',#12563,#12572,#12574,.T.);
#12572 = VERTEX_POINT('',#12573);
#12573 = CARTESIAN_POINT('',(38.664949,-51.56909,1.585));
#12574 = LINE('',#12575,#12576);
#12575 = CARTESIAN_POINT('',(38.708333,-51.742624,1.585));
#12576 = VECTOR('',#12577,1.);
#12577 = DIRECTION('',(-0.242538255859,0.970141842436,0.));
#12578 = ORIENTED_EDGE('',*,*,#12579,.T.);
#12579 = EDGE_CURVE('',#12572,#12580,#12582,.T.);
#12580 = VERTEX_POINT('',#12581);
#12581 = CARTESIAN_POINT('',(38.626456,-51.492103,1.585));
#12582 = LINE('',#12583,#12584);
#12583 = CARTESIAN_POINT('',(38.664949,-51.56909,1.585));
#12584 = VECTOR('',#12585,1.);
#12585 = DIRECTION('',(-0.447208948322,0.894429514574,0.));
#12586 = ORIENTED_EDGE('',*,*,#12587,.T.);
#12587 = EDGE_CURVE('',#12580,#12513,#12588,.T.);
#12588 = LINE('',#12589,#12590);
#12589 = CARTESIAN_POINT('',(38.626456,-51.492103,1.585));
#12590 = VECTOR('',#12591,1.);
#12591 = DIRECTION('',(-0.707106781187,0.707106781187,0.));
#12592 = PLANE('',#12593);
#12593 = AXIS2_PLACEMENT_3D('',#12594,#12595,#12596);
#12594 = CARTESIAN_POINT('',(0.,0.,1.585));
#12595 = DIRECTION('',(0.,0.,1.));
#12596 = DIRECTION('',(1.,0.,-0.));
#12597 = SHELL_BASED_SURFACE_MODEL('',(#12598));
#12598 = OPEN_SHELL('',(#12599));
#12599 = ADVANCED_FACE('',(#12600),#12719,.T.);
#12600 = FACE_BOUND('',#12601,.F.);
#12601 = EDGE_LOOP('',(#12602,#12613,#12621,#12630,#12638,#12646,#12654,
    #12663,#12671,#12679,#12687,#12696,#12704,#12713));
#12602 = ORIENTED_EDGE('',*,*,#12603,.T.);
#12603 = EDGE_CURVE('',#12604,#12606,#12608,.T.);
#12604 = VERTEX_POINT('',#12605);
#12605 = CARTESIAN_POINT('',(46.021679,-50.440187,1.585));
#12606 = VERTEX_POINT('',#12607);
#12607 = CARTESIAN_POINT('',(46.095238,-50.379819,1.585));
#12608 = CIRCLE('',#12609,7.500074938986E-02);
#12609 = AXIS2_PLACEMENT_3D('',#12610,#12611,#12612);
#12610 = CARTESIAN_POINT('',(46.09523846611,-50.45481974938,1.585));
#12611 = DIRECTION('',(0.,0.,-1.));
#12612 = DIRECTION('',(-0.980783081614,0.195101375752,0.));
#12613 = ORIENTED_EDGE('',*,*,#12614,.T.);
#12614 = EDGE_CURVE('',#12606,#12615,#12617,.T.);
#12615 = VERTEX_POINT('',#12616);
#12616 = CARTESIAN_POINT('',(46.58606,-50.38126,1.585));
#12617 = LINE('',#12618,#12619);
#12618 = CARTESIAN_POINT('',(46.095238,-50.379819,1.585));
#12619 = VECTOR('',#12620,1.);
#12620 = DIRECTION('',(0.999995690299,-2.935878566407E-03,0.));
#12621 = ORIENTED_EDGE('',*,*,#12622,.T.);
#12622 = EDGE_CURVE('',#12615,#12623,#12625,.T.);
#12623 = VERTEX_POINT('',#12624);
#12624 = CARTESIAN_POINT('',(46.571428,-50.529819,1.585));
#12625 = CIRCLE('',#12626,7.500006711464E-02);
#12626 = AXIS2_PLACEMENT_3D('',#12627,#12628,#12629);
#12627 = CARTESIAN_POINT('',(46.571428067115,-50.45481893288,1.585));
#12628 = DIRECTION('',(0.,0.,-1.));
#12629 = DIRECTION('',(0.195092263891,0.980784894138,0.));
#12630 = ORIENTED_EDGE('',*,*,#12631,.T.);
#12631 = EDGE_CURVE('',#12623,#12632,#12634,.T.);
#12632 = VERTEX_POINT('',#12633);
#12633 = CARTESIAN_POINT('',(46.170238,-50.529819,1.585));
#12634 = LINE('',#12635,#12636);
#12635 = CARTESIAN_POINT('',(46.571428,-50.529819,1.585));
#12636 = VECTOR('',#12637,1.);
#12637 = DIRECTION('',(-1.,0.,0.));
#12638 = ORIENTED_EDGE('',*,*,#12639,.T.);
#12639 = EDGE_CURVE('',#12632,#12640,#12642,.T.);
#12640 = VERTEX_POINT('',#12641);
#12641 = CARTESIAN_POINT('',(46.170238,-50.856009,1.585));
#12642 = LINE('',#12643,#12644);
#12643 = CARTESIAN_POINT('',(46.170238,-50.529819,1.585));
#12644 = VECTOR('',#12645,1.);
#12645 = DIRECTION('',(0.,-1.,0.));
#12646 = ORIENTED_EDGE('',*,*,#12647,.T.);
#12647 = EDGE_CURVE('',#12640,#12648,#12650,.T.);
#12648 = VERTEX_POINT('',#12649);
#12649 = CARTESIAN_POINT('',(46.443203,-50.85745,1.585));
#12650 = LINE('',#12651,#12652);
#12651 = CARTESIAN_POINT('',(46.170238,-50.856009,1.585));
#12652 = VECTOR('',#12653,1.);
#12653 = DIRECTION('',(0.999986066027,-5.278991523254E-03,0.));
#12654 = ORIENTED_EDGE('',*,*,#12655,.T.);
#12655 = EDGE_CURVE('',#12648,#12656,#12658,.T.);
#12656 = VERTEX_POINT('',#12657);
#12657 = CARTESIAN_POINT('',(46.428571,-51.006009,1.585));
#12658 = CIRCLE('',#12659,7.500006711463E-02);
#12659 = AXIS2_PLACEMENT_3D('',#12660,#12661,#12662);
#12660 = CARTESIAN_POINT('',(46.428571067115,-50.93100893288,1.585));
#12661 = DIRECTION('',(0.,0.,-1.));
#12662 = DIRECTION('',(0.195092263891,0.980784894138,0.));
#12663 = ORIENTED_EDGE('',*,*,#12664,.T.);
#12664 = EDGE_CURVE('',#12656,#12665,#12667,.T.);
#12665 = VERTEX_POINT('',#12666);
#12666 = CARTESIAN_POINT('',(46.170238,-51.006009,1.585));
#12667 = LINE('',#12668,#12669);
#12668 = CARTESIAN_POINT('',(46.428571,-51.006009,1.585));
#12669 = VECTOR('',#12670,1.);
#12670 = DIRECTION('',(-1.,0.,0.));
#12671 = ORIENTED_EDGE('',*,*,#12672,.T.);
#12672 = EDGE_CURVE('',#12665,#12673,#12675,.T.);
#12673 = VERTEX_POINT('',#12674);
#12674 = CARTESIAN_POINT('',(46.170238,-51.379819,1.585));
#12675 = LINE('',#12676,#12677);
#12676 = CARTESIAN_POINT('',(46.170238,-51.006009,1.585));
#12677 = VECTOR('',#12678,1.);
#12678 = DIRECTION('',(0.,-1.,0.));
#12679 = ORIENTED_EDGE('',*,*,#12680,.T.);
#12680 = EDGE_CURVE('',#12673,#12681,#12683,.T.);
#12681 = VERTEX_POINT('',#12682);
#12682 = CARTESIAN_POINT('',(46.58606,-51.38126,1.585));
#12683 = LINE('',#12684,#12685);
#12684 = CARTESIAN_POINT('',(46.170238,-51.379819,1.585));
#12685 = VECTOR('',#12686,1.);
#12686 = DIRECTION('',(0.999993995468,-3.465404301528E-03,0.));
#12687 = ORIENTED_EDGE('',*,*,#12688,.T.);
#12688 = EDGE_CURVE('',#12681,#12689,#12691,.T.);
#12689 = VERTEX_POINT('',#12690);
#12690 = CARTESIAN_POINT('',(46.571428,-51.529819,1.585));
#12691 = CIRCLE('',#12692,7.500006711464E-02);
#12692 = AXIS2_PLACEMENT_3D('',#12693,#12694,#12695);
#12693 = CARTESIAN_POINT('',(46.571428067115,-51.45481893288,1.585));
#12694 = DIRECTION('',(0.,0.,-1.));
#12695 = DIRECTION('',(0.195092263891,0.980784894138,0.));
#12696 = ORIENTED_EDGE('',*,*,#12697,.T.);
#12697 = EDGE_CURVE('',#12689,#12698,#12700,.T.);
#12698 = VERTEX_POINT('',#12699);
#12699 = CARTESIAN_POINT('',(46.080606,-51.528378,1.585));
#12700 = LINE('',#12701,#12702);
#12701 = CARTESIAN_POINT('',(46.571428,-51.529819,1.585));
#12702 = VECTOR('',#12703,1.);
#12703 = DIRECTION('',(-0.999995690299,2.935878566421E-03,0.));
#12704 = ORIENTED_EDGE('',*,*,#12705,.T.);
#12705 = EDGE_CURVE('',#12698,#12706,#12708,.T.);
#12706 = VERTEX_POINT('',#12707);
#12707 = CARTESIAN_POINT('',(46.020238,-51.454819,1.585));
#12708 = CIRCLE('',#12709,7.500074938984E-02);
#12709 = AXIS2_PLACEMENT_3D('',#12710,#12711,#12712);
#12710 = CARTESIAN_POINT('',(46.095238749388,-51.45481853389,1.585));
#12711 = DIRECTION('',(0.,0.,-1.));
#12712 = DIRECTION('',(-0.195101375752,-0.980783081614,-0.));
#12713 = ORIENTED_EDGE('',*,*,#12714,.T.);
#12714 = EDGE_CURVE('',#12706,#12604,#12715,.T.);
#12715 = LINE('',#12716,#12717);
#12716 = CARTESIAN_POINT('',(46.020238,-51.454819,1.585));
#12717 = VECTOR('',#12718,1.);
#12718 = DIRECTION('',(1.420217918158E-03,0.99999899149,0.));
#12719 = PLANE('',#12720);
#12720 = AXIS2_PLACEMENT_3D('',#12721,#12722,#12723);
#12721 = CARTESIAN_POINT('',(0.,0.,1.585));
#12722 = DIRECTION('',(0.,0.,1.));
#12723 = DIRECTION('',(1.,0.,-0.));
#12724 = SHELL_BASED_SURFACE_MODEL('',(#12725));
#12725 = OPEN_SHELL('',(#12726));
#12726 = ADVANCED_FACE('',(#12727,#13028,#13062),#13114,.T.);
#12727 = FACE_BOUND('',#12728,.F.);
#12728 = EDGE_LOOP('',(#12729,#12740,#12748,#12756,#12764,#12772,#12780,
    #12788,#12797,#12805,#12814,#12822,#12831,#12839,#12847,#12856,
    #12864,#12872,#12880,#12889,#12897,#12905,#12914,#12922,#12930,
    #12939,#12947,#12956,#12964,#12972,#12980,#12989,#12997,#13005,
    #13013,#13022));
#12729 = ORIENTED_EDGE('',*,*,#12730,.T.);
#12730 = EDGE_CURVE('',#12731,#12733,#12735,.T.);
#12731 = VERTEX_POINT('',#12732);
#12732 = CARTESIAN_POINT('',(44.842225,-49.286831,1.585));
#12733 = VERTEX_POINT('',#12734);
#12734 = CARTESIAN_POINT('',(45.35162,-49.296161,1.585));
#12735 = CIRCLE('',#12736,0.450326844012);
#12736 = AXIS2_PLACEMENT_3D('',#12737,#12738,#12739);
#12737 = CARTESIAN_POINT('',(45.090122030105,-49.66278489199,1.585));
#12738 = DIRECTION('',(0.,0.,-1.));
#12739 = DIRECTION('',(-0.550482462684,0.834846727416,0.));
#12740 = ORIENTED_EDGE('',*,*,#12741,.T.);
#12741 = EDGE_CURVE('',#12733,#12742,#12744,.T.);
#12742 = VERTEX_POINT('',#12743);
#12743 = CARTESIAN_POINT('',(45.415073,-49.361691,1.585));
#12744 = LINE('',#12745,#12746);
#12745 = CARTESIAN_POINT('',(45.35162,-49.296161,1.585));
#12746 = VECTOR('',#12747,1.);
#12747 = DIRECTION('',(0.695630129574,-0.718400113328,0.));
#12748 = ORIENTED_EDGE('',*,*,#12749,.T.);
#12749 = EDGE_CURVE('',#12742,#12750,#12752,.T.);
#12750 = VERTEX_POINT('',#12751);
#12751 = CARTESIAN_POINT('',(45.473134,-49.482138,1.585));
#12752 = LINE('',#12753,#12754);
#12753 = CARTESIAN_POINT('',(45.415073,-49.361691,1.585));
#12754 = VECTOR('',#12755,1.);
#12755 = DIRECTION('',(0.434228424707,-0.900802794832,0.));
#12756 = ORIENTED_EDGE('',*,*,#12757,.T.);
#12757 = EDGE_CURVE('',#12750,#12758,#12760,.T.);
#12758 = VERTEX_POINT('',#12759);
#12759 = CARTESIAN_POINT('',(45.472375,-49.60847,1.585));
#12760 = LINE('',#12761,#12762);
#12761 = CARTESIAN_POINT('',(45.473134,-49.482138,1.585));
#12762 = VECTOR('',#12763,1.);
#12763 = DIRECTION('',(-6.007870547546E-03,-0.999981952583,0.));
#12764 = ORIENTED_EDGE('',*,*,#12765,.T.);
#12765 = EDGE_CURVE('',#12758,#12766,#12768,.T.);
#12766 = VERTEX_POINT('',#12767);
#12767 = CARTESIAN_POINT('',(45.414317,-49.776533,1.585));
#12768 = LINE('',#12769,#12770);
#12769 = CARTESIAN_POINT('',(45.472375,-49.60847,1.585));
#12770 = VECTOR('',#12771,1.);
#12771 = DIRECTION('',(-0.326519613327,-0.945190426376,0.));
#12772 = ORIENTED_EDGE('',*,*,#12773,.T.);
#12773 = EDGE_CURVE('',#12766,#12774,#12776,.T.);
#12774 = VERTEX_POINT('',#12775);
#12775 = CARTESIAN_POINT('',(44.961594,-50.231294,1.585));
#12776 = LINE('',#12777,#12778);
#12777 = CARTESIAN_POINT('',(45.414317,-49.776533,1.585));
#12778 = VECTOR('',#12779,1.);
#12779 = DIRECTION('',(-0.705517003129,-0.708692992978,0.));
#12780 = ORIENTED_EDGE('',*,*,#12781,.T.);
#12781 = EDGE_CURVE('',#12774,#12782,#12784,.T.);
#12782 = VERTEX_POINT('',#12783);
#12783 = CARTESIAN_POINT('',(45.414207,-50.232735,1.585));
#12784 = LINE('',#12785,#12786);
#12785 = CARTESIAN_POINT('',(44.961594,-50.231294,1.585));
#12786 = VECTOR('',#12787,1.);
#12787 = DIRECTION('',(0.999994931953,-3.183719197072E-03,0.));
#12788 = ORIENTED_EDGE('',*,*,#12789,.T.);
#12789 = EDGE_CURVE('',#12782,#12790,#12792,.T.);
#12790 = VERTEX_POINT('',#12791);
#12791 = CARTESIAN_POINT('',(45.414289,-50.379819,1.585));
#12792 = CIRCLE('',#12793,7.498976963808E-02);
#12793 = AXIS2_PLACEMENT_3D('',#12794,#12795,#12796);
#12794 = CARTESIAN_POINT('',(45.399583824655,-50.30628517534,1.585));
#12795 = DIRECTION('',(0.,0.,-1.));
#12796 = DIRECTION('',(0.195002270511,0.980802790828,0.));
#12797 = ORIENTED_EDGE('',*,*,#12798,.T.);
#12798 = EDGE_CURVE('',#12790,#12799,#12801,.T.);
#12799 = VERTEX_POINT('',#12800);
#12800 = CARTESIAN_POINT('',(45.495999,-50.382482,1.585));
#12801 = LINE('',#12802,#12803);
#12802 = CARTESIAN_POINT('',(45.414289,-50.379819,1.585));
#12803 = VECTOR('',#12804,1.);
#12804 = DIRECTION('',(0.99946934029,-3.25735754889E-02,0.));
#12805 = ORIENTED_EDGE('',*,*,#12806,.T.);
#12806 = EDGE_CURVE('',#12799,#12807,#12809,.T.);
#12807 = VERTEX_POINT('',#12808);
#12808 = CARTESIAN_POINT('',(45.740225,-50.630663,1.585));
#12809 = CIRCLE('',#12810,0.348625649748);
#12810 = AXIS2_PLACEMENT_3D('',#12811,#12812,#12813);
#12811 = CARTESIAN_POINT('',(45.402827045865,-50.71842668387,1.585));
#12812 = DIRECTION('',(0.,0.,-1.));
#12813 = DIRECTION('',(0.267255017531,0.96362583797,0.));
#12814 = ORIENTED_EDGE('',*,*,#12815,.T.);
#12815 = EDGE_CURVE('',#12807,#12816,#12818,.T.);
#12816 = VERTEX_POINT('',#12817);
#12817 = CARTESIAN_POINT('',(45.739003,-50.807962,1.585));
#12818 = LINE('',#12819,#12820);
#12819 = CARTESIAN_POINT('',(45.740225,-50.630663,1.585));
#12820 = VECTOR('',#12821,1.);
#12821 = DIRECTION('',(-6.892148157172E-03,-0.999976248865,0.));
#12822 = ORIENTED_EDGE('',*,*,#12823,.T.);
#12823 = EDGE_CURVE('',#12816,#12824,#12826,.T.);
#12824 = VERTEX_POINT('',#12825);
#12825 = CARTESIAN_POINT('',(45.490822,-51.052187,1.585));
#12826 = CIRCLE('',#12827,0.348632345849);
#12827 = AXIS2_PLACEMENT_3D('',#12828,#12829,#12830);
#12828 = CARTESIAN_POINT('',(45.403053194037,-50.7147834593,1.585));
#12829 = DIRECTION('',(0.,0.,-1.));
#12830 = DIRECTION('',(0.963622021775,-0.267268776985,0.));
#12831 = ORIENTED_EDGE('',*,*,#12832,.T.);
#12832 = EDGE_CURVE('',#12824,#12833,#12835,.T.);
#12833 = VERTEX_POINT('',#12834);
#12834 = CARTESIAN_POINT('',(45.477305,-51.053518,1.585));
#12835 = LINE('',#12836,#12837);
#12836 = CARTESIAN_POINT('',(45.490822,-51.052187,1.585));
#12837 = VECTOR('',#12838,1.);
#12838 = DIRECTION('',(-0.995186940545,-9.799465989929E-02,0.));
#12839 = ORIENTED_EDGE('',*,*,#12840,.T.);
#12840 = EDGE_CURVE('',#12833,#12841,#12843,.T.);
#12841 = VERTEX_POINT('',#12842);
#12842 = CARTESIAN_POINT('',(45.735319,-51.424623,1.585));
#12843 = LINE('',#12844,#12845);
#12844 = CARTESIAN_POINT('',(45.477305,-51.053518,1.585));
#12845 = VECTOR('',#12846,1.);
#12846 = DIRECTION('',(0.570846789809,-0.821056601316,0.));
#12847 = ORIENTED_EDGE('',*,*,#12848,.T.);
#12848 = EDGE_CURVE('',#12841,#12849,#12851,.T.);
#12849 = VERTEX_POINT('',#12850);
#12850 = CARTESIAN_POINT('',(45.605224,-51.497829,1.585));
#12851 = CIRCLE('',#12852,7.500005951702E-02);
#12852 = AXIS2_PLACEMENT_3D('',#12853,#12854,#12855);
#12853 = CARTESIAN_POINT('',(45.666666062942,-51.45481874739,1.585));
#12854 = DIRECTION('',(0.,0.,-1.));
#12855 = DIRECTION('',(0.915371767708,0.402609645791,0.));
#12856 = ORIENTED_EDGE('',*,*,#12857,.T.);
#12857 = EDGE_CURVE('',#12849,#12858,#12860,.T.);
#12858 = VERTEX_POINT('',#12859);
#12859 = CARTESIAN_POINT('',(45.494744,-51.34,1.585));
#12860 = LINE('',#12861,#12862);
#12861 = CARTESIAN_POINT('',(45.605224,-51.497829,1.585));
#12862 = VECTOR('',#12863,1.);
#12863 = DIRECTION('',(-0.573461299269,0.819232652084,0.));
#12864 = ORIENTED_EDGE('',*,*,#12865,.T.);
#12865 = EDGE_CURVE('',#12858,#12866,#12868,.T.);
#12866 = VERTEX_POINT('',#12867);
#12867 = CARTESIAN_POINT('',(45.170238,-51.34,1.585));
#12868 = LINE('',#12869,#12870);
#12869 = CARTESIAN_POINT('',(45.494744,-51.34,1.585));
#12870 = VECTOR('',#12871,1.);
#12871 = DIRECTION('',(-1.,0.,0.));
#12872 = ORIENTED_EDGE('',*,*,#12873,.T.);
#12873 = EDGE_CURVE('',#12866,#12874,#12876,.T.);
#12874 = VERTEX_POINT('',#12875);
#12875 = CARTESIAN_POINT('',(45.168797,-51.469451,1.585));
#12876 = LINE('',#12877,#12878);
#12877 = CARTESIAN_POINT('',(45.170238,-51.34,1.585));
#12878 = VECTOR('',#12879,1.);
#12879 = DIRECTION('',(-1.113093548079E-02,-0.999938049219,0.));
#12880 = ORIENTED_EDGE('',*,*,#12881,.T.);
#12881 = EDGE_CURVE('',#12874,#12882,#12884,.T.);
#12882 = VERTEX_POINT('',#12883);
#12883 = CARTESIAN_POINT('',(45.020238,-51.454819,1.585));
#12884 = CIRCLE('',#12885,7.500006711464E-02);
#12885 = AXIS2_PLACEMENT_3D('',#12886,#12887,#12888);
#12886 = CARTESIAN_POINT('',(45.095238067115,-51.45481906711,1.585));
#12887 = DIRECTION('',(-0.,0.,-1.));
#12888 = DIRECTION('',(0.980784894138,-0.195092263891,-0.));
#12889 = ORIENTED_EDGE('',*,*,#12890,.T.);
#12890 = EDGE_CURVE('',#12882,#12891,#12893,.T.);
#12891 = VERTEX_POINT('',#12892);
#12892 = CARTESIAN_POINT('',(45.020238,-51.34,1.585));
#12893 = LINE('',#12894,#12895);
#12894 = CARTESIAN_POINT('',(45.020238,-51.454819,1.585));
#12895 = VECTOR('',#12896,1.);
#12896 = DIRECTION('',(0.,1.,0.));
#12897 = ORIENTED_EDGE('',*,*,#12898,.T.);
#12898 = EDGE_CURVE('',#12891,#12899,#12901,.T.);
#12899 = VERTEX_POINT('',#12900);
#12900 = CARTESIAN_POINT('',(43.512,-51.34,1.585));
#12901 = LINE('',#12902,#12903);
#12902 = CARTESIAN_POINT('',(45.020238,-51.34,1.585));
#12903 = VECTOR('',#12904,1.);
#12904 = DIRECTION('',(-1.,0.,0.));
#12905 = ORIENTED_EDGE('',*,*,#12906,.T.);
#12906 = EDGE_CURVE('',#12899,#12907,#12909,.T.);
#12907 = VERTEX_POINT('',#12908);
#12908 = CARTESIAN_POINT('',(43.512,-51.22,1.585));
#12909 = CIRCLE('',#12910,6.000000000043E-02);
#12910 = AXIS2_PLACEMENT_3D('',#12911,#12912,#12913);
#12911 = CARTESIAN_POINT('',(43.511999774412,-51.28,1.585));
#12912 = DIRECTION('',(0.,0.,-1.));
#12913 = DIRECTION('',(3.759794016836E-06,-0.999999999993,0.));
#12914 = ORIENTED_EDGE('',*,*,#12915,.T.);
#12915 = EDGE_CURVE('',#12907,#12916,#12918,.T.);
#12916 = VERTEX_POINT('',#12917);
#12917 = CARTESIAN_POINT('',(45.020238,-51.22,1.585));
#12918 = LINE('',#12919,#12920);
#12919 = CARTESIAN_POINT('',(43.512,-51.22,1.585));
#12920 = VECTOR('',#12921,1.);
#12921 = DIRECTION('',(1.,0.,0.));
#12922 = ORIENTED_EDGE('',*,*,#12923,.T.);
#12923 = EDGE_CURVE('',#12916,#12924,#12926,.T.);
#12924 = VERTEX_POINT('',#12925);
#12925 = CARTESIAN_POINT('',(45.021679,-50.440187,1.585));
#12926 = LINE('',#12927,#12928);
#12927 = CARTESIAN_POINT('',(45.020238,-51.22,1.585));
#12928 = VECTOR('',#12929,1.);
#12929 = DIRECTION('',(1.847875759632E-03,0.999998292676,0.));
#12930 = ORIENTED_EDGE('',*,*,#12931,.T.);
#12931 = EDGE_CURVE('',#12924,#12932,#12934,.T.);
#12932 = VERTEX_POINT('',#12933);
#12933 = CARTESIAN_POINT('',(45.080524,-50.381294,1.585));
#12934 = CIRCLE('',#12935,7.496128926146E-02);
#12935 = AXIS2_PLACEMENT_3D('',#12936,#12937,#12938);
#12936 = CARTESIAN_POINT('',(45.095201295259,-50.45480435227,1.585));
#12937 = DIRECTION('',(0.,0.,-1.));
#12938 = DIRECTION('',(-0.980803505166,0.194998677572,0.));
#12939 = ORIENTED_EDGE('',*,*,#12940,.T.);
#12940 = EDGE_CURVE('',#12932,#12941,#12943,.T.);
#12941 = VERTEX_POINT('',#12942);
#12942 = CARTESIAN_POINT('',(44.765896,-50.379853,1.585));
#12943 = LINE('',#12944,#12945);
#12944 = CARTESIAN_POINT('',(45.080524,-50.381294,1.585));
#12945 = VECTOR('',#12946,1.);
#12946 = DIRECTION('',(-0.99998951191,4.579963915044E-03,0.));
#12947 = ORIENTED_EDGE('',*,*,#12948,.T.);
#12948 = EDGE_CURVE('',#12941,#12949,#12951,.T.);
#12949 = VERTEX_POINT('',#12950);
#12950 = CARTESIAN_POINT('',(44.727495,-50.253261,1.585));
#12951 = CIRCLE('',#12952,7.500021013109E-02);
#12952 = AXIS2_PLACEMENT_3D('',#12953,#12954,#12955);
#12953 = CARTESIAN_POINT('',(44.780528316704,-50.30629399764,1.585));
#12954 = DIRECTION('',(0.,0.,-1.));
#12955 = DIRECTION('',(-0.195097009436,-0.980783950169,-0.));
#12956 = ORIENTED_EDGE('',*,*,#12957,.T.);
#12957 = EDGE_CURVE('',#12949,#12958,#12960,.T.);
#12958 = VERTEX_POINT('',#12959);
#12959 = CARTESIAN_POINT('',(45.286403,-49.694351,1.585));
#12960 = LINE('',#12961,#12962);
#12961 = CARTESIAN_POINT('',(44.727495,-50.253261,1.585));
#12962 = VECTOR('',#12963,1.);
#12963 = DIRECTION('',(0.70710551603,0.707108046341,0.));
#12964 = ORIENTED_EDGE('',*,*,#12965,.T.);
#12965 = EDGE_CURVE('',#12958,#12966,#12968,.T.);
#12966 = VERTEX_POINT('',#12967);
#12967 = CARTESIAN_POINT('',(45.324575,-49.579838,1.585));
#12968 = LINE('',#12969,#12970);
#12969 = CARTESIAN_POINT('',(45.286403,-49.694351,1.585));
#12970 = VECTOR('',#12971,1.);
#12971 = DIRECTION('',(0.31623522204,0.948680812677,0.));
#12972 = ORIENTED_EDGE('',*,*,#12973,.T.);
#12973 = EDGE_CURVE('',#12966,#12974,#12976,.T.);
#12974 = VERTEX_POINT('',#12975);
#12975 = CARTESIAN_POINT('',(45.324575,-49.514475,1.585));
#12976 = LINE('',#12977,#12978);
#12977 = CARTESIAN_POINT('',(45.324575,-49.579838,1.585));
#12978 = VECTOR('',#12979,1.);
#12979 = DIRECTION('',(0.,1.,0.));
#12980 = ORIENTED_EDGE('',*,*,#12981,.T.);
#12981 = EDGE_CURVE('',#12974,#12982,#12984,.T.);
#12982 = VERTEX_POINT('',#12983);
#12983 = CARTESIAN_POINT('',(45.191394,-49.381294,1.585));
#12984 = CIRCLE('',#12985,0.18686440374);
#12985 = AXIS2_PLACEMENT_3D('',#12986,#12987,#12988);
#12986 = CARTESIAN_POINT('',(45.143858,-49.562011,1.585));
#12987 = DIRECTION('',(0.,0.,1.));
#12988 = DIRECTION('',(0.967102328658,0.254387668538,-0.));
#12989 = ORIENTED_EDGE('',*,*,#12990,.T.);
#12990 = EDGE_CURVE('',#12982,#12991,#12993,.T.);
#12991 = VERTEX_POINT('',#12992);
#12992 = CARTESIAN_POINT('',(44.988709,-49.381294,1.585));
#12993 = LINE('',#12994,#12995);
#12994 = CARTESIAN_POINT('',(45.191394,-49.381294,1.585));
#12995 = VECTOR('',#12996,1.);
#12996 = DIRECTION('',(-1.,0.,0.));
#12997 = ORIENTED_EDGE('',*,*,#12998,.T.);
#12998 = EDGE_CURVE('',#12991,#12999,#13001,.T.);
#12999 = VERTEX_POINT('',#13000);
#13000 = CARTESIAN_POINT('',(44.920193,-49.415552,1.585));
#13001 = LINE('',#13002,#13003);
#13002 = CARTESIAN_POINT('',(44.988709,-49.381294,1.585));
#13003 = VECTOR('',#13004,1.);
#13004 = DIRECTION('',(-0.894427191,-0.4472135955,0.));
#13005 = ORIENTED_EDGE('',*,*,#13006,.T.);
#13006 = EDGE_CURVE('',#12999,#13007,#13009,.T.);
#13007 = VERTEX_POINT('',#13008);
#13008 = CARTESIAN_POINT('',(44.869815,-49.463892,1.585));
#13009 = LINE('',#13010,#13011);
#13010 = CARTESIAN_POINT('',(44.920193,-49.415552,1.585));
#13011 = VECTOR('',#13012,1.);
#13012 = DIRECTION('',(-0.721551016594,-0.69236127163,0.));
#13013 = ORIENTED_EDGE('',*,*,#13014,.T.);
#13014 = EDGE_CURVE('',#13007,#13015,#13017,.T.);
#13015 = VERTEX_POINT('',#13016);
#13016 = CARTESIAN_POINT('',(44.775114,-49.348499,1.585));
#13017 = CIRCLE('',#13018,7.499996838527E-02);
#13018 = AXIS2_PLACEMENT_3D('',#13019,#13020,#13021);
#13019 = CARTESIAN_POINT('',(44.828147,-49.40153197246,1.585));
#13020 = DIRECTION('',(0.,0.,-1.));
#13021 = DIRECTION('',(0.555573567524,-0.831467384248,0.));
#13022 = ORIENTED_EDGE('',*,*,#13023,.T.);
#13023 = EDGE_CURVE('',#13015,#12731,#13024,.T.);
#13024 = LINE('',#13025,#13026);
#13025 = CARTESIAN_POINT('',(44.775114,-49.348499,1.585));
#13026 = VECTOR('',#13027,1.);
#13027 = DIRECTION('',(0.736336089652,0.676615964248,0.));
#13028 = FACE_BOUND('',#13029,.F.);
#13029 = EDGE_LOOP('',(#13030,#13040,#13048,#13056));
#13030 = ORIENTED_EDGE('',*,*,#13031,.T.);
#13031 = EDGE_CURVE('',#13032,#13034,#13036,.T.);
#13032 = VERTEX_POINT('',#13033);
#13033 = CARTESIAN_POINT('',(45.410744,-51.22,1.585));
#13034 = VERTEX_POINT('',#13035);
#13035 = CARTESIAN_POINT('',(45.294284,-51.053628,1.585));
#13036 = LINE('',#13037,#13038);
#13037 = CARTESIAN_POINT('',(45.410744,-51.22,1.585));
#13038 = VECTOR('',#13039,1.);
#13039 = DIRECTION('',(-0.573461022456,0.819232845853,0.));
#13040 = ORIENTED_EDGE('',*,*,#13041,.T.);
#13041 = EDGE_CURVE('',#13034,#13042,#13044,.T.);
#13042 = VERTEX_POINT('',#13043);
#13043 = CARTESIAN_POINT('',(45.170238,-51.053628,1.585));
#13044 = LINE('',#13045,#13046);
#13045 = CARTESIAN_POINT('',(45.294284,-51.053628,1.585));
#13046 = VECTOR('',#13047,1.);
#13047 = DIRECTION('',(-1.,0.,0.));
#13048 = ORIENTED_EDGE('',*,*,#13049,.T.);
#13049 = EDGE_CURVE('',#13042,#13050,#13052,.T.);
#13050 = VERTEX_POINT('',#13051);
#13051 = CARTESIAN_POINT('',(45.170238,-51.22,1.585));
#13052 = LINE('',#13053,#13054);
#13053 = CARTESIAN_POINT('',(45.170238,-51.053628,1.585));
#13054 = VECTOR('',#13055,1.);
#13055 = DIRECTION('',(0.,-1.,0.));
#13056 = ORIENTED_EDGE('',*,*,#13057,.T.);
#13057 = EDGE_CURVE('',#13050,#13032,#13058,.T.);
#13058 = LINE('',#13059,#13060);
#13059 = CARTESIAN_POINT('',(45.170238,-51.22,1.585));
#13060 = VECTOR('',#13061,1.);
#13061 = DIRECTION('',(1.,0.,0.));
#13062 = FACE_BOUND('',#13063,.F.);
#13063 = EDGE_LOOP('',(#13064,#13075,#13083,#13091,#13099,#13108));
#13064 = ORIENTED_EDGE('',*,*,#13065,.T.);
#13065 = EDGE_CURVE('',#13066,#13068,#13070,.T.);
#13066 = VERTEX_POINT('',#13067);
#13067 = CARTESIAN_POINT('',(45.591666,-50.663,1.585));
#13068 = VERTEX_POINT('',#13069);
#13069 = CARTESIAN_POINT('',(45.458485,-50.529819,1.585));
#13070 = CIRCLE('',#13071,0.18686440374);
#13071 = AXIS2_PLACEMENT_3D('',#13072,#13073,#13074);
#13072 = CARTESIAN_POINT('',(45.410949,-50.710536,1.585));
#13073 = DIRECTION('',(0.,0.,1.));
#13074 = DIRECTION('',(0.967102328658,0.254387668538,-0.));
#13075 = ORIENTED_EDGE('',*,*,#13076,.T.);
#13076 = EDGE_CURVE('',#13068,#13077,#13079,.T.);
#13077 = VERTEX_POINT('',#13078);
#13078 = CARTESIAN_POINT('',(45.170238,-50.529819,1.585));
#13079 = LINE('',#13080,#13081);
#13080 = CARTESIAN_POINT('',(45.458485,-50.529819,1.585));
#13081 = VECTOR('',#13082,1.);
#13082 = DIRECTION('',(-1.,0.,0.));
#13083 = ORIENTED_EDGE('',*,*,#13084,.T.);
#13084 = EDGE_CURVE('',#13077,#13085,#13087,.T.);
#13085 = VERTEX_POINT('',#13086);
#13086 = CARTESIAN_POINT('',(45.170238,-50.903628,1.585));
#13087 = LINE('',#13088,#13089);
#13088 = CARTESIAN_POINT('',(45.170238,-50.529819,1.585));
#13089 = VECTOR('',#13090,1.);
#13090 = DIRECTION('',(0.,-1.,0.));
#13091 = ORIENTED_EDGE('',*,*,#13092,.T.);
#13092 = EDGE_CURVE('',#13085,#13093,#13095,.T.);
#13093 = VERTEX_POINT('',#13094);
#13094 = CARTESIAN_POINT('',(45.458485,-50.903628,1.585));
#13095 = LINE('',#13096,#13097);
#13096 = CARTESIAN_POINT('',(45.170238,-50.903628,1.585));
#13097 = VECTOR('',#13098,1.);
#13098 = DIRECTION('',(1.,0.,0.));
#13099 = ORIENTED_EDGE('',*,*,#13100,.T.);
#13100 = EDGE_CURVE('',#13093,#13101,#13103,.T.);
#13101 = VERTEX_POINT('',#13102);
#13102 = CARTESIAN_POINT('',(45.591666,-50.770447,1.585));
#13103 = CIRCLE('',#13104,0.18686440374);
#13104 = AXIS2_PLACEMENT_3D('',#13105,#13106,#13107);
#13105 = CARTESIAN_POINT('',(45.410949,-50.722911,1.585));
#13106 = DIRECTION('',(0.,0.,1.));
#13107 = DIRECTION('',(0.254387668537,-0.967102328658,0.));
#13108 = ORIENTED_EDGE('',*,*,#13109,.T.);
#13109 = EDGE_CURVE('',#13101,#13066,#13110,.T.);
#13110 = LINE('',#13111,#13112);
#13111 = CARTESIAN_POINT('',(45.591666,-50.770447,1.585));
#13112 = VECTOR('',#13113,1.);
#13113 = DIRECTION('',(0.,1.,0.));
#13114 = PLANE('',#13115);
#13115 = AXIS2_PLACEMENT_3D('',#13116,#13117,#13118);
#13116 = CARTESIAN_POINT('',(0.,0.,1.585));
#13117 = DIRECTION('',(0.,0.,1.));
#13118 = DIRECTION('',(1.,0.,-0.));
#13119 = SHELL_BASED_SURFACE_MODEL('',(#13120));
#13120 = OPEN_SHELL('',(#13121));
#13121 = ADVANCED_FACE('',(#13122),#13216,.T.);
#13122 = FACE_BOUND('',#13123,.F.);
#13123 = EDGE_LOOP('',(#13124,#13135,#13143,#13152,#13160,#13168,#13176,
    #13185,#13193,#13201,#13210));
#13124 = ORIENTED_EDGE('',*,*,#13125,.T.);
#13125 = EDGE_CURVE('',#13126,#13128,#13130,.T.);
#13126 = VERTEX_POINT('',#13127);
#13127 = CARTESIAN_POINT('',(46.926441,-50.440187,1.585));
#13128 = VERTEX_POINT('',#13129);
#13129 = CARTESIAN_POINT('',(47.,-50.379819,1.585));
#13130 = CIRCLE('',#13131,7.500074938988E-02);
#13131 = AXIS2_PLACEMENT_3D('',#13132,#13133,#13134);
#13132 = CARTESIAN_POINT('',(47.00000046611,-50.45481974938,1.585));
#13133 = DIRECTION('',(0.,0.,-1.));
#13134 = DIRECTION('',(-0.980783081614,0.195101375752,0.));
#13135 = ORIENTED_EDGE('',*,*,#13136,.T.);
#13136 = EDGE_CURVE('',#13128,#13137,#13139,.T.);
#13137 = VERTEX_POINT('',#13138);
#13138 = CARTESIAN_POINT('',(47.490822,-50.38126,1.585));
#13139 = LINE('',#13140,#13141);
#13140 = CARTESIAN_POINT('',(47.,-50.379819,1.585));
#13141 = VECTOR('',#13142,1.);
#13142 = DIRECTION('',(0.999995690299,-2.935878566407E-03,0.));
#13143 = ORIENTED_EDGE('',*,*,#13144,.T.);
#13144 = EDGE_CURVE('',#13137,#13145,#13147,.T.);
#13145 = VERTEX_POINT('',#13146);
#13146 = CARTESIAN_POINT('',(47.47619,-50.529819,1.585));
#13147 = CIRCLE('',#13148,7.500006711464E-02);
#13148 = AXIS2_PLACEMENT_3D('',#13149,#13150,#13151);
#13149 = CARTESIAN_POINT('',(47.476190067115,-50.45481893288,1.585));
#13150 = DIRECTION('',(0.,0.,-1.));
#13151 = DIRECTION('',(0.195092263891,0.980784894138,0.));
#13152 = ORIENTED_EDGE('',*,*,#13153,.T.);
#13153 = EDGE_CURVE('',#13145,#13154,#13156,.T.);
#13154 = VERTEX_POINT('',#13155);
#13155 = CARTESIAN_POINT('',(47.075,-50.529819,1.585));
#13156 = LINE('',#13157,#13158);
#13157 = CARTESIAN_POINT('',(47.47619,-50.529819,1.585));
#13158 = VECTOR('',#13159,1.);
#13159 = DIRECTION('',(-1.,0.,0.));
#13160 = ORIENTED_EDGE('',*,*,#13161,.T.);
#13161 = EDGE_CURVE('',#13154,#13162,#13164,.T.);
#13162 = VERTEX_POINT('',#13163);
#13163 = CARTESIAN_POINT('',(47.075,-50.856009,1.585));
#13164 = LINE('',#13165,#13166);
#13165 = CARTESIAN_POINT('',(47.075,-50.529819,1.585));
#13166 = VECTOR('',#13167,1.);
#13167 = DIRECTION('',(0.,-1.,0.));
#13168 = ORIENTED_EDGE('',*,*,#13169,.T.);
#13169 = EDGE_CURVE('',#13162,#13170,#13172,.T.);
#13170 = VERTEX_POINT('',#13171);
#13171 = CARTESIAN_POINT('',(47.347965,-50.85745,1.585));
#13172 = LINE('',#13173,#13174);
#13173 = CARTESIAN_POINT('',(47.075,-50.856009,1.585));
#13174 = VECTOR('',#13175,1.);
#13175 = DIRECTION('',(0.999986066027,-5.278991523254E-03,0.));
#13176 = ORIENTED_EDGE('',*,*,#13177,.T.);
#13177 = EDGE_CURVE('',#13170,#13178,#13180,.T.);
#13178 = VERTEX_POINT('',#13179);
#13179 = CARTESIAN_POINT('',(47.333333,-51.006009,1.585));
#13180 = CIRCLE('',#13181,7.500006711464E-02);
#13181 = AXIS2_PLACEMENT_3D('',#13182,#13183,#13184);
#13182 = CARTESIAN_POINT('',(47.333333067115,-50.93100893288,1.585));
#13183 = DIRECTION('',(0.,0.,-1.));
#13184 = DIRECTION('',(0.195092263891,0.980784894138,0.));
#13185 = ORIENTED_EDGE('',*,*,#13186,.T.);
#13186 = EDGE_CURVE('',#13178,#13187,#13189,.T.);
#13187 = VERTEX_POINT('',#13188);
#13188 = CARTESIAN_POINT('',(47.075,-51.006009,1.585));
#13189 = LINE('',#13190,#13191);
#13190 = CARTESIAN_POINT('',(47.333333,-51.006009,1.585));
#13191 = VECTOR('',#13192,1.);
#13192 = DIRECTION('',(-1.,0.,0.));
#13193 = ORIENTED_EDGE('',*,*,#13194,.T.);
#13194 = EDGE_CURVE('',#13187,#13195,#13197,.T.);
#13195 = VERTEX_POINT('',#13196);
#13196 = CARTESIAN_POINT('',(47.073559,-51.469451,1.585));
#13197 = LINE('',#13198,#13199);
#13198 = CARTESIAN_POINT('',(47.075,-51.006009,1.585));
#13199 = VECTOR('',#13200,1.);
#13200 = DIRECTION('',(-3.109327670448E-03,-0.999995166029,0.));
#13201 = ORIENTED_EDGE('',*,*,#13202,.T.);
#13202 = EDGE_CURVE('',#13195,#13203,#13205,.T.);
#13203 = VERTEX_POINT('',#13204);
#13204 = CARTESIAN_POINT('',(46.925,-51.454819,1.585));
#13205 = CIRCLE('',#13206,7.500006711464E-02);
#13206 = AXIS2_PLACEMENT_3D('',#13207,#13208,#13209);
#13207 = CARTESIAN_POINT('',(47.000000067115,-51.45481906711,1.585));
#13208 = DIRECTION('',(-0.,0.,-1.));
#13209 = DIRECTION('',(0.980784894138,-0.195092263891,-0.));
#13210 = ORIENTED_EDGE('',*,*,#13211,.T.);
#13211 = EDGE_CURVE('',#13203,#13126,#13212,.T.);
#13212 = LINE('',#13213,#13214);
#13213 = CARTESIAN_POINT('',(46.925,-51.454819,1.585));
#13214 = VECTOR('',#13215,1.);
#13215 = DIRECTION('',(1.420217918158E-03,0.99999899149,0.));
#13216 = PLANE('',#13217);
#13217 = AXIS2_PLACEMENT_3D('',#13218,#13219,#13220);
#13218 = CARTESIAN_POINT('',(0.,0.,1.585));
#13219 = DIRECTION('',(0.,0.,1.));
#13220 = DIRECTION('',(1.,0.,-0.));
#13221 = SHELL_BASED_SURFACE_MODEL('',(#13222));
#13222 = OPEN_SHELL('',(#13223));
#13223 = ADVANCED_FACE('',(#13224),#13260,.T.);
#13224 = FACE_BOUND('',#13225,.F.);
#13225 = EDGE_LOOP('',(#13226,#13237,#13245,#13254));
#13226 = ORIENTED_EDGE('',*,*,#13227,.T.);
#13227 = EDGE_CURVE('',#13228,#13230,#13232,.T.);
#13228 = VERTEX_POINT('',#13229);
#13229 = CARTESIAN_POINT('',(37.85,-51.01,1.585));
#13230 = VERTEX_POINT('',#13231);
#13231 = CARTESIAN_POINT('',(37.85,-50.89,1.585));
#13232 = CIRCLE('',#13233,6.000000000042E-02);
#13233 = AXIS2_PLACEMENT_3D('',#13234,#13235,#13236);
#13234 = CARTESIAN_POINT('',(37.849999774412,-50.95,1.585));
#13235 = DIRECTION('',(0.,0.,-1.));
#13236 = DIRECTION('',(3.759794253684E-06,-0.999999999993,0.));
#13237 = ORIENTED_EDGE('',*,*,#13238,.T.);
#13238 = EDGE_CURVE('',#13230,#13239,#13241,.T.);
#13239 = VERTEX_POINT('',#13240);
#13240 = CARTESIAN_POINT('',(40.05,-50.89,1.585));
#13241 = LINE('',#13242,#13243);
#13242 = CARTESIAN_POINT('',(37.85,-50.89,1.585));
#13243 = VECTOR('',#13244,1.);
#13244 = DIRECTION('',(1.,0.,0.));
#13245 = ORIENTED_EDGE('',*,*,#13246,.T.);
#13246 = EDGE_CURVE('',#13239,#13247,#13249,.T.);
#13247 = VERTEX_POINT('',#13248);
#13248 = CARTESIAN_POINT('',(40.05,-51.01,1.585));
#13249 = CIRCLE('',#13250,6.000000000042E-02);
#13250 = AXIS2_PLACEMENT_3D('',#13251,#13252,#13253);
#13251 = CARTESIAN_POINT('',(40.050000225588,-50.95,1.585));
#13252 = DIRECTION('',(0.,0.,-1.));
#13253 = DIRECTION('',(-3.759794016837E-06,0.999999999993,-0.));
#13254 = ORIENTED_EDGE('',*,*,#13255,.T.);
#13255 = EDGE_CURVE('',#13247,#13228,#13256,.T.);
#13256 = LINE('',#13257,#13258);
#13257 = CARTESIAN_POINT('',(40.05,-51.01,1.585));
#13258 = VECTOR('',#13259,1.);
#13259 = DIRECTION('',(-1.,0.,0.));
#13260 = PLANE('',#13261);
#13261 = AXIS2_PLACEMENT_3D('',#13262,#13263,#13264);
#13262 = CARTESIAN_POINT('',(0.,0.,1.585));
#13263 = DIRECTION('',(0.,0.,1.));
#13264 = DIRECTION('',(1.,0.,-0.));
#13265 = SHELL_BASED_SURFACE_MODEL('',(#13266));
#13266 = OPEN_SHELL('',(#13267));
#13267 = ADVANCED_FACE('',(#13268),#13411,.T.);
#13268 = FACE_BOUND('',#13269,.F.);
#13269 = EDGE_LOOP('',(#13270,#13281,#13289,#13297,#13306,#13314,#13322,
    #13331,#13339,#13347,#13356,#13364,#13372,#13381,#13389,#13397,
    #13405));
#13270 = ORIENTED_EDGE('',*,*,#13271,.T.);
#13271 = EDGE_CURVE('',#13272,#13274,#13276,.T.);
#13272 = VERTEX_POINT('',#13273);
#13273 = CARTESIAN_POINT('',(47.958332,-50.392459,1.585));
#13274 = VERTEX_POINT('',#13275);
#13275 = CARTESIAN_POINT('',(48.075,-50.454819,1.585));
#13276 = CIRCLE('',#13277,7.500000000003E-02);
#13277 = AXIS2_PLACEMENT_3D('',#13278,#13279,#13280);
#13278 = CARTESIAN_POINT('',(48.,-50.45481906555,1.585));
#13279 = DIRECTION('',(0.,0.,-1.));
#13280 = DIRECTION('',(-0.555573333333,0.831467540731,0.));
#13281 = ORIENTED_EDGE('',*,*,#13282,.T.);
#13282 = EDGE_CURVE('',#13274,#13283,#13285,.T.);
#13283 = VERTEX_POINT('',#13284);
#13284 = CARTESIAN_POINT('',(48.075,-50.582136,1.585));
#13285 = LINE('',#13286,#13287);
#13286 = CARTESIAN_POINT('',(48.075,-50.454819,1.585));
#13287 = VECTOR('',#13288,1.);
#13288 = DIRECTION('',(0.,-1.,0.));
#13289 = ORIENTED_EDGE('',*,*,#13290,.T.);
#13290 = EDGE_CURVE('',#13283,#13291,#13293,.T.);
#13291 = VERTEX_POINT('',#13292);
#13292 = CARTESIAN_POINT('',(48.224361,-50.523944,1.585));
#13293 = LINE('',#13294,#13295);
#13294 = CARTESIAN_POINT('',(48.075,-50.582136,1.585));
#13295 = VECTOR('',#13296,1.);
#13296 = DIRECTION('',(0.931778652638,0.363026917029,0.));
#13297 = ORIENTED_EDGE('',*,*,#13298,.T.);
#13298 = EDGE_CURVE('',#13291,#13299,#13301,.T.);
#13299 = VERTEX_POINT('',#13300);
#13300 = CARTESIAN_POINT('',(48.265949,-50.667312,1.585));
#13301 = CIRCLE('',#13302,7.500019954607E-02);
#13302 = AXIS2_PLACEMENT_3D('',#13303,#13304,#13305);
#13303 = CARTESIAN_POINT('',(48.238094613397,-50.59767606761,1.585));
#13304 = DIRECTION('',(0.,0.,-1.));
#13305 = DIRECTION('',(-0.183114358093,0.98309161926,-0.));
#13306 = ORIENTED_EDGE('',*,*,#13307,.T.);
#13307 = EDGE_CURVE('',#13299,#13308,#13310,.T.);
#13308 = VERTEX_POINT('',#13309);
#13309 = CARTESIAN_POINT('',(48.118717,-50.726204,1.585));
#13310 = LINE('',#13311,#13312);
#13311 = CARTESIAN_POINT('',(48.265949,-50.667312,1.585));
#13312 = VECTOR('',#13313,1.);
#13313 = DIRECTION('',(-0.928478430524,-0.371386327228,0.));
#13314 = ORIENTED_EDGE('',*,*,#13315,.T.);
#13315 = EDGE_CURVE('',#13308,#13316,#13318,.T.);
#13316 = VERTEX_POINT('',#13317);
#13317 = CARTESIAN_POINT('',(48.210483,-50.85096,1.585));
#13318 = LINE('',#13319,#13320);
#13319 = CARTESIAN_POINT('',(48.118717,-50.726204,1.585));
#13320 = VECTOR('',#13321,1.);
#13321 = DIRECTION('',(0.592531458131,-0.805547311538,0.));
#13322 = ORIENTED_EDGE('',*,*,#13323,.T.);
#13323 = EDGE_CURVE('',#13316,#13324,#13326,.T.);
#13324 = VERTEX_POINT('',#13325);
#13325 = CARTESIAN_POINT('',(48.082857,-50.92839,1.585));
#13326 = CIRCLE('',#13327,7.499990981038E-02);
#13327 = AXIS2_PLACEMENT_3D('',#13328,#13329,#13330);
#13328 = CARTESIAN_POINT('',(48.142857083123,-50.88339026114,1.585));
#13329 = DIRECTION('',(0.,0.,-1.));
#13330 = DIRECTION('',(0.901679975994,0.432404001937,0.));
#13331 = ORIENTED_EDGE('',*,*,#13332,.T.);
#13332 = EDGE_CURVE('',#13324,#13333,#13335,.T.);
#13333 = VERTEX_POINT('',#13334);
#13334 = CARTESIAN_POINT('',(48.,-50.817914,1.585));
#13335 = LINE('',#13336,#13337);
#13336 = CARTESIAN_POINT('',(48.082857,-50.92839,1.585));
#13337 = VECTOR('',#13338,1.);
#13338 = DIRECTION('',(-0.6,0.8,0.));
#13339 = ORIENTED_EDGE('',*,*,#13340,.T.);
#13340 = EDGE_CURVE('',#13333,#13341,#13343,.T.);
#13341 = VERTEX_POINT('',#13342);
#13342 = CARTESIAN_POINT('',(47.907211,-50.939231,1.585));
#13343 = LINE('',#13344,#13345);
#13344 = CARTESIAN_POINT('',(48.,-50.817914,1.585));
#13345 = VECTOR('',#13346,1.);
#13346 = DIRECTION('',(-0.607521068012,-0.794303564087,0.));
#13347 = ORIENTED_EDGE('',*,*,#13348,.T.);
#13348 = EDGE_CURVE('',#13341,#13349,#13351,.T.);
#13349 = VERTEX_POINT('',#13350);
#13350 = CARTESIAN_POINT('',(47.797143,-50.83839,1.585));
#13351 = CIRCLE('',#13352,7.500009840546E-02);
#13352 = AXIS2_PLACEMENT_3D('',#13353,#13354,#13355);
#13353 = CARTESIAN_POINT('',(47.857143229071,-50.88338985858,1.585));
#13354 = DIRECTION('',(-0.,0.,-1.));
#13355 = DIRECTION('',(0.667569403158,-0.744547575355,-0.));
#13356 = ORIENTED_EDGE('',*,*,#13357,.T.);
#13357 = EDGE_CURVE('',#13349,#13358,#13360,.T.);
#13358 = VERTEX_POINT('',#13359);
#13359 = CARTESIAN_POINT('',(47.881282,-50.726204,1.585));
#13360 = LINE('',#13361,#13362);
#13361 = CARTESIAN_POINT('',(47.797143,-50.83839,1.585));
#13362 = VECTOR('',#13363,1.);
#13363 = DIRECTION('',(0.599997718068,0.800001711444,0.));
#13364 = ORIENTED_EDGE('',*,*,#13365,.T.);
#13365 = EDGE_CURVE('',#13358,#13366,#13368,.T.);
#13366 = VERTEX_POINT('',#13367);
#13367 = CARTESIAN_POINT('',(47.721,-50.66054,1.585));
#13368 = LINE('',#13369,#13370);
#13369 = CARTESIAN_POINT('',(47.881282,-50.726204,1.585));
#13370 = VECTOR('',#13371,1.);
#13371 = DIRECTION('',(-0.925356473517,0.379098136266,0.));
#13372 = ORIENTED_EDGE('',*,*,#13373,.T.);
#13373 = EDGE_CURVE('',#13366,#13374,#13376,.T.);
#13374 = VERTEX_POINT('',#13375);
#13375 = CARTESIAN_POINT('',(47.789759,-50.52804,1.585));
#13376 = CIRCLE('',#13377,7.500042919338E-02);
#13377 = AXIS2_PLACEMENT_3D('',#13378,#13379,#13380);
#13378 = CARTESIAN_POINT('',(47.761905155346,-50.59767639649,1.585));
#13379 = DIRECTION('',(0.,0.,-1.));
#13380 = DIRECTION('',(-0.545398950198,-0.838176583497,-0.));
#13381 = ORIENTED_EDGE('',*,*,#13382,.T.);
#13382 = EDGE_CURVE('',#13374,#13383,#13385,.T.);
#13383 = VERTEX_POINT('',#13384);
#13384 = CARTESIAN_POINT('',(47.925,-50.582136,1.585));
#13385 = LINE('',#13386,#13387);
#13386 = CARTESIAN_POINT('',(47.789759,-50.52804,1.585));
#13387 = VECTOR('',#13388,1.);
#13388 = DIRECTION('',(0.928477637828,-0.371388308989,0.));
#13389 = ORIENTED_EDGE('',*,*,#13390,.T.);
#13390 = EDGE_CURVE('',#13383,#13391,#13393,.T.);
#13391 = VERTEX_POINT('',#13392);
#13392 = CARTESIAN_POINT('',(47.926441,-50.440187,1.585));
#13393 = LINE('',#13394,#13395);
#13394 = CARTESIAN_POINT('',(47.925,-50.582136,1.585));
#13395 = VECTOR('',#13396,1.);
#13396 = DIRECTION('',(1.015101026142E-02,0.999948477168,0.));
#13397 = ORIENTED_EDGE('',*,*,#13398,.T.);
#13398 = EDGE_CURVE('',#13391,#13399,#13401,.T.);
#13399 = VERTEX_POINT('',#13400);
#13400 = CARTESIAN_POINT('',(47.93764,-50.413151,1.585));
#13401 = LINE('',#13402,#13403);
#13402 = CARTESIAN_POINT('',(47.926441,-50.440187,1.585));
#13403 = VECTOR('',#13404,1.);
#13404 = DIRECTION('',(0.38269282806,0.923875640631,0.));
#13405 = ORIENTED_EDGE('',*,*,#13406,.T.);
#13406 = EDGE_CURVE('',#13399,#13272,#13407,.T.);
#13407 = LINE('',#13408,#13409);
#13408 = CARTESIAN_POINT('',(47.93764,-50.413151,1.585));
#13409 = VECTOR('',#13410,1.);
#13410 = DIRECTION('',(0.707106781187,0.707106781187,0.));
#13411 = PLANE('',#13412);
#13412 = AXIS2_PLACEMENT_3D('',#13413,#13414,#13415);
#13413 = CARTESIAN_POINT('',(0.,0.,1.585));
#13414 = DIRECTION('',(0.,0.,1.));
#13415 = DIRECTION('',(1.,0.,-0.));
#13416 = SHELL_BASED_SURFACE_MODEL('',(#13417));
#13417 = OPEN_SHELL('',(#13418));
#13418 = ADVANCED_FACE('',(#13419),#13562,.T.);
#13419 = FACE_BOUND('',#13420,.F.);
#13420 = EDGE_LOOP('',(#13421,#13432,#13440,#13448,#13457,#13465,#13473,
    #13482,#13490,#13498,#13507,#13515,#13523,#13532,#13540,#13548,
    #13556));
#13421 = ORIENTED_EDGE('',*,*,#13422,.T.);
#13422 = EDGE_CURVE('',#13423,#13425,#13427,.T.);
#13423 = VERTEX_POINT('',#13424);
#13424 = CARTESIAN_POINT('',(48.720237,-50.392459,1.585));
#13425 = VERTEX_POINT('',#13426);
#13426 = CARTESIAN_POINT('',(48.836905,-50.454819,1.585));
#13427 = CIRCLE('',#13428,7.500000000003E-02);
#13428 = AXIS2_PLACEMENT_3D('',#13429,#13430,#13431);
#13429 = CARTESIAN_POINT('',(48.761905,-50.45481906555,1.585));
#13430 = DIRECTION('',(0.,0.,-1.));
#13431 = DIRECTION('',(-0.555573333333,0.831467540731,0.));
#13432 = ORIENTED_EDGE('',*,*,#13433,.T.);
#13433 = EDGE_CURVE('',#13425,#13434,#13436,.T.);
#13434 = VERTEX_POINT('',#13435);
#13435 = CARTESIAN_POINT('',(48.836905,-50.582136,1.585));
#13436 = LINE('',#13437,#13438);
#13437 = CARTESIAN_POINT('',(48.836905,-50.454819,1.585));
#13438 = VECTOR('',#13439,1.);
#13439 = DIRECTION('',(0.,-1.,0.));
#13440 = ORIENTED_EDGE('',*,*,#13441,.T.);
#13441 = EDGE_CURVE('',#13434,#13442,#13444,.T.);
#13442 = VERTEX_POINT('',#13443);
#13443 = CARTESIAN_POINT('',(48.986266,-50.523944,1.585));
#13444 = LINE('',#13445,#13446);
#13445 = CARTESIAN_POINT('',(48.836905,-50.582136,1.585));
#13446 = VECTOR('',#13447,1.);
#13447 = DIRECTION('',(0.931778652638,0.363026917029,0.));
#13448 = ORIENTED_EDGE('',*,*,#13449,.T.);
#13449 = EDGE_CURVE('',#13442,#13450,#13452,.T.);
#13450 = VERTEX_POINT('',#13451);
#13451 = CARTESIAN_POINT('',(49.027854,-50.667312,1.585));
#13452 = CIRCLE('',#13453,7.500019954607E-02);
#13453 = AXIS2_PLACEMENT_3D('',#13454,#13455,#13456);
#13454 = CARTESIAN_POINT('',(48.999999613397,-50.59767606761,1.585));
#13455 = DIRECTION('',(0.,0.,-1.));
#13456 = DIRECTION('',(-0.183114358093,0.98309161926,-0.));
#13457 = ORIENTED_EDGE('',*,*,#13458,.T.);
#13458 = EDGE_CURVE('',#13450,#13459,#13461,.T.);
#13459 = VERTEX_POINT('',#13460);
#13460 = CARTESIAN_POINT('',(48.880622,-50.726204,1.585));
#13461 = LINE('',#13462,#13463);
#13462 = CARTESIAN_POINT('',(49.027854,-50.667312,1.585));
#13463 = VECTOR('',#13464,1.);
#13464 = DIRECTION('',(-0.928478430524,-0.371386327228,0.));
#13465 = ORIENTED_EDGE('',*,*,#13466,.T.);
#13466 = EDGE_CURVE('',#13459,#13467,#13469,.T.);
#13467 = VERTEX_POINT('',#13468);
#13468 = CARTESIAN_POINT('',(48.972388,-50.85096,1.585));
#13469 = LINE('',#13470,#13471);
#13470 = CARTESIAN_POINT('',(48.880622,-50.726204,1.585));
#13471 = VECTOR('',#13472,1.);
#13472 = DIRECTION('',(0.592531458131,-0.805547311538,0.));
#13473 = ORIENTED_EDGE('',*,*,#13474,.T.);
#13474 = EDGE_CURVE('',#13467,#13475,#13477,.T.);
#13475 = VERTEX_POINT('',#13476);
#13476 = CARTESIAN_POINT('',(48.844762,-50.92839,1.585));
#13477 = CIRCLE('',#13478,7.499990981038E-02);
#13478 = AXIS2_PLACEMENT_3D('',#13479,#13480,#13481);
#13479 = CARTESIAN_POINT('',(48.904762083123,-50.88339026114,1.585));
#13480 = DIRECTION('',(0.,0.,-1.));
#13481 = DIRECTION('',(0.901679975994,0.432404001937,0.));
#13482 = ORIENTED_EDGE('',*,*,#13483,.T.);
#13483 = EDGE_CURVE('',#13475,#13484,#13486,.T.);
#13484 = VERTEX_POINT('',#13485);
#13485 = CARTESIAN_POINT('',(48.761905,-50.817914,1.585));
#13486 = LINE('',#13487,#13488);
#13487 = CARTESIAN_POINT('',(48.844762,-50.92839,1.585));
#13488 = VECTOR('',#13489,1.);
#13489 = DIRECTION('',(-0.6,0.8,0.));
#13490 = ORIENTED_EDGE('',*,*,#13491,.T.);
#13491 = EDGE_CURVE('',#13484,#13492,#13494,.T.);
#13492 = VERTEX_POINT('',#13493);
#13493 = CARTESIAN_POINT('',(48.669116,-50.939231,1.585));
#13494 = LINE('',#13495,#13496);
#13495 = CARTESIAN_POINT('',(48.761905,-50.817914,1.585));
#13496 = VECTOR('',#13497,1.);
#13497 = DIRECTION('',(-0.607521068012,-0.794303564087,0.));
#13498 = ORIENTED_EDGE('',*,*,#13499,.T.);
#13499 = EDGE_CURVE('',#13492,#13500,#13502,.T.);
#13500 = VERTEX_POINT('',#13501);
#13501 = CARTESIAN_POINT('',(48.559048,-50.83839,1.585));
#13502 = CIRCLE('',#13503,7.500009840546E-02);
#13503 = AXIS2_PLACEMENT_3D('',#13504,#13505,#13506);
#13504 = CARTESIAN_POINT('',(48.619048229071,-50.88338985858,1.585));
#13505 = DIRECTION('',(-0.,0.,-1.));
#13506 = DIRECTION('',(0.667569403158,-0.744547575355,-0.));
#13507 = ORIENTED_EDGE('',*,*,#13508,.T.);
#13508 = EDGE_CURVE('',#13500,#13509,#13511,.T.);
#13509 = VERTEX_POINT('',#13510);
#13510 = CARTESIAN_POINT('',(48.643187,-50.726204,1.585));
#13511 = LINE('',#13512,#13513);
#13512 = CARTESIAN_POINT('',(48.559048,-50.83839,1.585));
#13513 = VECTOR('',#13514,1.);
#13514 = DIRECTION('',(0.599997718068,0.800001711444,0.));
#13515 = ORIENTED_EDGE('',*,*,#13516,.T.);
#13516 = EDGE_CURVE('',#13509,#13517,#13519,.T.);
#13517 = VERTEX_POINT('',#13518);
#13518 = CARTESIAN_POINT('',(48.482905,-50.66054,1.585));
#13519 = LINE('',#13520,#13521);
#13520 = CARTESIAN_POINT('',(48.643187,-50.726204,1.585));
#13521 = VECTOR('',#13522,1.);
#13522 = DIRECTION('',(-0.925356473517,0.379098136266,0.));
#13523 = ORIENTED_EDGE('',*,*,#13524,.T.);
#13524 = EDGE_CURVE('',#13517,#13525,#13527,.T.);
#13525 = VERTEX_POINT('',#13526);
#13526 = CARTESIAN_POINT('',(48.551664,-50.52804,1.585));
#13527 = CIRCLE('',#13528,7.500042919338E-02);
#13528 = AXIS2_PLACEMENT_3D('',#13529,#13530,#13531);
#13529 = CARTESIAN_POINT('',(48.523810155346,-50.59767639649,1.585));
#13530 = DIRECTION('',(0.,0.,-1.));
#13531 = DIRECTION('',(-0.545398950198,-0.838176583497,-0.));
#13532 = ORIENTED_EDGE('',*,*,#13533,.T.);
#13533 = EDGE_CURVE('',#13525,#13534,#13536,.T.);
#13534 = VERTEX_POINT('',#13535);
#13535 = CARTESIAN_POINT('',(48.686905,-50.582136,1.585));
#13536 = LINE('',#13537,#13538);
#13537 = CARTESIAN_POINT('',(48.551664,-50.52804,1.585));
#13538 = VECTOR('',#13539,1.);
#13539 = DIRECTION('',(0.928477637828,-0.371388308989,0.));
#13540 = ORIENTED_EDGE('',*,*,#13541,.T.);
#13541 = EDGE_CURVE('',#13534,#13542,#13544,.T.);
#13542 = VERTEX_POINT('',#13543);
#13543 = CARTESIAN_POINT('',(48.688346,-50.440187,1.585));
#13544 = LINE('',#13545,#13546);
#13545 = CARTESIAN_POINT('',(48.686905,-50.582136,1.585));
#13546 = VECTOR('',#13547,1.);
#13547 = DIRECTION('',(1.015101026142E-02,0.999948477168,0.));
#13548 = ORIENTED_EDGE('',*,*,#13549,.T.);
#13549 = EDGE_CURVE('',#13542,#13550,#13552,.T.);
#13550 = VERTEX_POINT('',#13551);
#13551 = CARTESIAN_POINT('',(48.699545,-50.413151,1.585));
#13552 = LINE('',#13553,#13554);
#13553 = CARTESIAN_POINT('',(48.688346,-50.440187,1.585));
#13554 = VECTOR('',#13555,1.);
#13555 = DIRECTION('',(0.38269282806,0.923875640631,0.));
#13556 = ORIENTED_EDGE('',*,*,#13557,.T.);
#13557 = EDGE_CURVE('',#13550,#13423,#13558,.T.);
#13558 = LINE('',#13559,#13560);
#13559 = CARTESIAN_POINT('',(48.699545,-50.413151,1.585));
#13560 = VECTOR('',#13561,1.);
#13561 = DIRECTION('',(0.707106781187,0.707106781187,0.));
#13562 = PLANE('',#13563);
#13563 = AXIS2_PLACEMENT_3D('',#13564,#13565,#13566);
#13564 = CARTESIAN_POINT('',(0.,0.,1.585));
#13565 = DIRECTION('',(0.,0.,1.));
#13566 = DIRECTION('',(1.,0.,-0.));
#13567 = SHELL_BASED_SURFACE_MODEL('',(#13568));
#13568 = OPEN_SHELL('',(#13569));
#13569 = ADVANCED_FACE('',(#13570),#13656,.T.);
#13570 = FACE_BOUND('',#13571,.F.);
#13571 = EDGE_LOOP('',(#13572,#13583,#13591,#13600,#13608,#13617,#13625,
    #13634,#13642,#13650));
#13572 = ORIENTED_EDGE('',*,*,#13573,.T.);
#13573 = EDGE_CURVE('',#13574,#13576,#13578,.T.);
#13574 = VERTEX_POINT('',#13575);
#13575 = CARTESIAN_POINT('',(34.616825,-49.472459,1.585));
#13576 = VERTEX_POINT('',#13577);
#13577 = CARTESIAN_POINT('',(34.733493,-49.534819,1.585));
#13578 = CIRCLE('',#13579,7.500000000003E-02);
#13579 = AXIS2_PLACEMENT_3D('',#13580,#13581,#13582);
#13580 = CARTESIAN_POINT('',(34.658493,-49.53481906555,1.585));
#13581 = DIRECTION('',(0.,0.,-1.));
#13582 = DIRECTION('',(-0.555573333333,0.831467540731,0.));
#13583 = ORIENTED_EDGE('',*,*,#13584,.T.);
#13584 = EDGE_CURVE('',#13576,#13585,#13587,.T.);
#13585 = VERTEX_POINT('',#13586);
#13586 = CARTESIAN_POINT('',(34.731293,-50.265566,1.585));
#13587 = LINE('',#13588,#13589);
#13588 = CARTESIAN_POINT('',(34.733493,-49.534819,1.585));
#13589 = VECTOR('',#13590,1.);
#13590 = DIRECTION('',(-3.010604258201E-03,-0.999995468121,0.));
#13591 = ORIENTED_EDGE('',*,*,#13592,.T.);
#13592 = EDGE_CURVE('',#13585,#13593,#13595,.T.);
#13593 = VERTEX_POINT('',#13594);
#13594 = CARTESIAN_POINT('',(34.380184,-50.609089,1.585));
#13595 = CIRCLE('',#13596,0.38184101318);
#13596 = AXIS2_PLACEMENT_3D('',#13597,#13598,#13599);
#13597 = CARTESIAN_POINT('',(34.351270500324,-50.22834424444,1.585));
#13598 = DIRECTION('',(0.,0.,-1.));
#13599 = DIRECTION('',(0.995237511316,-9.747972132589E-02,0.));
#13600 = ORIENTED_EDGE('',*,*,#13601,.T.);
#13601 = EDGE_CURVE('',#13593,#13602,#13604,.T.);
#13602 = VERTEX_POINT('',#13603);
#13603 = CARTESIAN_POINT('',(34.262909,-50.608378,1.585));
#13604 = LINE('',#13605,#13606);
#13605 = CARTESIAN_POINT('',(34.380184,-50.609089,1.585));
#13606 = VECTOR('',#13607,1.);
#13607 = DIRECTION('',(-0.999981622503,6.062561787213E-03,0.));
#13608 = ORIENTED_EDGE('',*,*,#13609,.T.);
#13609 = EDGE_CURVE('',#13602,#13610,#13612,.T.);
#13610 = VERTEX_POINT('',#13611);
#13611 = CARTESIAN_POINT('',(34.277541,-50.459819,1.585));
#13612 = CIRCLE('',#13613,7.500006711464E-02);
#13613 = AXIS2_PLACEMENT_3D('',#13614,#13615,#13616);
#13614 = CARTESIAN_POINT('',(34.277540932885,-50.53481906711,1.585));
#13615 = DIRECTION('',(0.,0.,-1.));
#13616 = DIRECTION('',(-0.195092263891,-0.980784894138,-0.));
#13617 = ORIENTED_EDGE('',*,*,#13618,.T.);
#13618 = EDGE_CURVE('',#13610,#13619,#13621,.T.);
#13619 = VERTEX_POINT('',#13620);
#13620 = CARTESIAN_POINT('',(34.360609,-50.459819,1.585));
#13621 = LINE('',#13622,#13623);
#13622 = CARTESIAN_POINT('',(34.277541,-50.459819,1.585));
#13623 = VECTOR('',#13624,1.);
#13624 = DIRECTION('',(1.,0.,0.));
#13625 = ORIENTED_EDGE('',*,*,#13626,.T.);
#13626 = EDGE_CURVE('',#13619,#13627,#13629,.T.);
#13627 = VERTEX_POINT('',#13628);
#13628 = CARTESIAN_POINT('',(34.583493,-50.236934,1.585));
#13629 = CIRCLE('',#13630,0.239437351684);
#13630 = AXIS2_PLACEMENT_3D('',#13631,#13632,#13633);
#13631 = CARTESIAN_POINT('',(34.344591906584,-50.22091797844,1.585));
#13632 = DIRECTION('',(0.,0.,1.));
#13633 = DIRECTION('',(6.689471506016E-02,-0.997760039838,0.));
#13634 = ORIENTED_EDGE('',*,*,#13635,.T.);
#13635 = EDGE_CURVE('',#13627,#13636,#13638,.T.);
#13636 = VERTEX_POINT('',#13637);
#13637 = CARTESIAN_POINT('',(34.584934,-49.520187,1.585));
#13638 = LINE('',#13639,#13640);
#13639 = CARTESIAN_POINT('',(34.583493,-50.236934,1.585));
#13640 = VECTOR('',#13641,1.);
#13641 = DIRECTION('',(2.010468251347E-03,0.999997979007,0.));
#13642 = ORIENTED_EDGE('',*,*,#13643,.T.);
#13643 = EDGE_CURVE('',#13636,#13644,#13646,.T.);
#13644 = VERTEX_POINT('',#13645);
#13645 = CARTESIAN_POINT('',(34.596133,-49.493151,1.585));
#13646 = LINE('',#13647,#13648);
#13647 = CARTESIAN_POINT('',(34.584934,-49.520187,1.585));
#13648 = VECTOR('',#13649,1.);
#13649 = DIRECTION('',(0.38269282806,0.923875640631,0.));
#13650 = ORIENTED_EDGE('',*,*,#13651,.T.);
#13651 = EDGE_CURVE('',#13644,#13574,#13652,.T.);
#13652 = LINE('',#13653,#13654);
#13653 = CARTESIAN_POINT('',(34.596133,-49.493151,1.585));
#13654 = VECTOR('',#13655,1.);
#13655 = DIRECTION('',(0.707106781187,0.707106781187,0.));
#13656 = PLANE('',#13657);
#13657 = AXIS2_PLACEMENT_3D('',#13658,#13659,#13660);
#13658 = CARTESIAN_POINT('',(0.,0.,1.585));
#13659 = DIRECTION('',(0.,0.,1.));
#13660 = DIRECTION('',(1.,0.,-0.));
#13661 = SHELL_BASED_SURFACE_MODEL('',(#13662));
#13662 = OPEN_SHELL('',(#13663));
#13663 = ADVANCED_FACE('',(#13664),#13850,.T.);
#13664 = FACE_BOUND('',#13665,.F.);
#13665 = EDGE_LOOP('',(#13666,#13677,#13685,#13694,#13702,#13710,#13719,
    #13727,#13736,#13744,#13752,#13760,#13769,#13777,#13786,#13794,
    #13803,#13811,#13819,#13827,#13836,#13844));
#13666 = ORIENTED_EDGE('',*,*,#13667,.T.);
#13667 = EDGE_CURVE('',#13668,#13670,#13672,.T.);
#13668 = VERTEX_POINT('',#13669);
#13669 = CARTESIAN_POINT('',(35.024814,-49.608378,1.585));
#13670 = VERTEX_POINT('',#13671);
#13671 = CARTESIAN_POINT('',(35.039446,-49.459819,1.585));
#13672 = CIRCLE('',#13673,7.500006711464E-02);
#13673 = AXIS2_PLACEMENT_3D('',#13674,#13675,#13676);
#13674 = CARTESIAN_POINT('',(35.039445932885,-49.53481906711,1.585));
#13675 = DIRECTION('',(0.,0.,-1.));
#13676 = DIRECTION('',(-0.195092263891,-0.980784894138,-0.));
#13677 = ORIENTED_EDGE('',*,*,#13678,.T.);
#13678 = EDGE_CURVE('',#13670,#13679,#13681,.T.);
#13679 = VERTEX_POINT('',#13680);
#13680 = CARTESIAN_POINT('',(35.666231,-49.460581,1.585));
#13681 = LINE('',#13682,#13683);
#13682 = CARTESIAN_POINT('',(35.039446,-49.459819,1.585));
#13683 = VECTOR('',#13684,1.);
#13684 = DIRECTION('',(0.999999261004,-1.215726982744E-03,0.));
#13685 = ORIENTED_EDGE('',*,*,#13686,.T.);
#13686 = EDGE_CURVE('',#13679,#13687,#13689,.T.);
#13687 = VERTEX_POINT('',#13688);
#13688 = CARTESIAN_POINT('',(35.732052,-49.549451,1.585));
#13689 = CIRCLE('',#13690,7.447391611625E-02);
#13690 = AXIS2_PLACEMENT_3D('',#13691,#13692,#13693);
#13691 = CARTESIAN_POINT('',(35.659051926644,-49.5347080874,1.585));
#13692 = DIRECTION('',(0.,0.,-1.));
#13693 = DIRECTION('',(9.639715124795E-02,0.995342950561,0.));
#13694 = ORIENTED_EDGE('',*,*,#13695,.T.);
#13695 = EDGE_CURVE('',#13687,#13696,#13698,.T.);
#13696 = VERTEX_POINT('',#13697);
#13697 = CARTESIAN_POINT('',(35.714936,-49.584207,1.585));
#13698 = LINE('',#13699,#13700);
#13699 = CARTESIAN_POINT('',(35.732052,-49.549451,1.585));
#13700 = VECTOR('',#13701,1.);
#13701 = DIRECTION('',(-0.441795255027,-0.897115908139,0.));
#13702 = ORIENTED_EDGE('',*,*,#13703,.T.);
#13703 = EDGE_CURVE('',#13696,#13704,#13706,.T.);
#13704 = VERTEX_POINT('',#13705);
#13705 = CARTESIAN_POINT('',(35.48804,-49.843516,1.585));
#13706 = LINE('',#13707,#13708);
#13707 = CARTESIAN_POINT('',(35.714936,-49.584207,1.585));
#13708 = VECTOR('',#13709,1.);
#13709 = DIRECTION('',(-0.658505635208,-0.752575795784,0.));
#13710 = ORIENTED_EDGE('',*,*,#13711,.T.);
#13711 = EDGE_CURVE('',#13704,#13712,#13714,.T.);
#13712 = VERTEX_POINT('',#13713);
#13713 = CARTESIAN_POINT('',(35.732052,-50.091615,1.585));
#13714 = CIRCLE('',#13715,0.348520834816);
#13715 = AXIS2_PLACEMENT_3D('',#13716,#13717,#13718);
#13716 = CARTESIAN_POINT('',(35.3947466174,-50.17931819931,1.585));
#13717 = DIRECTION('',(0.,0.,-1.));
#13718 = DIRECTION('',(0.267683803321,0.963506814423,0.));
#13719 = ORIENTED_EDGE('',*,*,#13720,.T.);
#13720 = EDGE_CURVE('',#13712,#13721,#13723,.T.);
#13721 = VERTEX_POINT('',#13722);
#13722 = CARTESIAN_POINT('',(35.73083,-50.364152,1.585));
#13723 = LINE('',#13724,#13725);
#13724 = CARTESIAN_POINT('',(35.732052,-50.091615,1.585));
#13725 = VECTOR('',#13726,1.);
#13726 = DIRECTION('',(-4.483749789542E-03,-0.999989947943,0.));
#13727 = ORIENTED_EDGE('',*,*,#13728,.T.);
#13728 = EDGE_CURVE('',#13721,#13729,#13731,.T.);
#13729 = VERTEX_POINT('',#13730);
#13730 = CARTESIAN_POINT('',(35.482649,-50.608378,1.585));
#13731 = CIRCLE('',#13732,0.348635327447);
#13732 = AXIS2_PLACEMENT_3D('',#13733,#13734,#13735);
#13733 = CARTESIAN_POINT('',(35.394877481291,-50.27097208415,1.585));
#13734 = DIRECTION('',(0.,0.,-1.));
#13735 = DIRECTION('',(0.963621561732,-0.267270435638,0.));
#13736 = ORIENTED_EDGE('',*,*,#13737,.T.);
#13737 = EDGE_CURVE('',#13729,#13738,#13740,.T.);
#13738 = VERTEX_POINT('',#13739);
#13739 = CARTESIAN_POINT('',(35.162493,-50.607156,1.585));
#13740 = LINE('',#13741,#13742);
#13741 = CARTESIAN_POINT('',(35.482649,-50.608378,1.585));
#13742 = VECTOR('',#13743,1.);
#13743 = DIRECTION('',(-0.999992715758,3.816861463332E-03,0.));
#13744 = ORIENTED_EDGE('',*,*,#13745,.T.);
#13745 = EDGE_CURVE('',#13738,#13746,#13748,.T.);
#13746 = VERTEX_POINT('',#13747);
#13747 = CARTESIAN_POINT('',(35.03978,-50.54495,1.585));
#13748 = LINE('',#13749,#13750);
#13749 = CARTESIAN_POINT('',(35.162493,-50.607156,1.585));
#13750 = VECTOR('',#13751,1.);
#13751 = DIRECTION('',(-0.891943702445,0.452146471477,0.));
#13752 = ORIENTED_EDGE('',*,*,#13753,.T.);
#13753 = EDGE_CURVE('',#13746,#13754,#13756,.T.);
#13754 = VERTEX_POINT('',#13755);
#13755 = CARTESIAN_POINT('',(34.977085,-50.481247,1.585));
#13756 = LINE('',#13757,#13758);
#13757 = CARTESIAN_POINT('',(35.03978,-50.54495,1.585));
#13758 = VECTOR('',#13759,1.);
#13759 = DIRECTION('',(-0.701445434384,0.712723159846,0.));
#13760 = ORIENTED_EDGE('',*,*,#13761,.T.);
#13761 = EDGE_CURVE('',#13754,#13762,#13764,.T.);
#13762 = VERTEX_POINT('',#13763);
#13763 = CARTESIAN_POINT('',(35.09248,-50.386548,1.585));
#13764 = CIRCLE('',#13765,7.50001266804E-02);
#13765 = AXIS2_PLACEMENT_3D('',#13766,#13767,#13768);
#13766 = CARTESIAN_POINT('',(35.039446051994,-50.43958024831,1.585));
#13767 = DIRECTION('',(0.,0.,-1.));
#13768 = DIRECTION('',(-0.831479288827,-0.555555750804,-0.));
#13769 = ORIENTED_EDGE('',*,*,#13770,.T.);
#13770 = EDGE_CURVE('',#13762,#13771,#13773,.T.);
#13771 = VERTEX_POINT('',#13772);
#13772 = CARTESIAN_POINT('',(35.131492,-50.425561,1.585));
#13773 = LINE('',#13774,#13775);
#13774 = CARTESIAN_POINT('',(35.09248,-50.386548,1.585));
#13775 = VECTOR('',#13776,1.);
#13776 = DIRECTION('',(0.707097718562,-0.707115843695,0.));
#13777 = ORIENTED_EDGE('',*,*,#13778,.T.);
#13778 = EDGE_CURVE('',#13771,#13779,#13781,.T.);
#13779 = VERTEX_POINT('',#13780);
#13780 = CARTESIAN_POINT('',(35.518827,-50.425561,1.585));
#13781 = CIRCLE('',#13782,0.358502380266);
#13782 = AXIS2_PLACEMENT_3D('',#13783,#13784,#13785);
#13783 = CARTESIAN_POINT('',(35.3251595,-50.123871,1.585));
#13784 = DIRECTION('',(0.,0.,1.));
#13785 = DIRECTION('',(-0.540212591773,-0.841528582812,0.));
#13786 = ORIENTED_EDGE('',*,*,#13787,.T.);
#13787 = EDGE_CURVE('',#13779,#13788,#13790,.T.);
#13788 = VERTEX_POINT('',#13789);
#13789 = CARTESIAN_POINT('',(35.549234,-50.395153,1.585));
#13790 = LINE('',#13791,#13792);
#13791 = CARTESIAN_POINT('',(35.518827,-50.425561,1.585));
#13792 = VECTOR('',#13793,1.);
#13793 = DIRECTION('',(0.707095153914,0.707118408268,0.));
#13794 = ORIENTED_EDGE('',*,*,#13795,.T.);
#13795 = EDGE_CURVE('',#13788,#13796,#13798,.T.);
#13796 = VERTEX_POINT('',#13797);
#13797 = CARTESIAN_POINT('',(35.549235,-50.055436,1.585));
#13798 = CIRCLE('',#13799,0.305616146029);
#13799 = AXIS2_PLACEMENT_3D('',#13800,#13801,#13802);
#13800 = CARTESIAN_POINT('',(35.295168920492,-50.22529375212,1.585));
#13801 = DIRECTION('',(0.,-0.,1.));
#13802 = DIRECTION('',(0.831320867071,-0.555792781505,-0.));
#13803 = ORIENTED_EDGE('',*,*,#13804,.T.);
#13804 = EDGE_CURVE('',#13796,#13805,#13807,.T.);
#13805 = VERTEX_POINT('',#13806);
#13806 = CARTESIAN_POINT('',(35.518828,-50.025029,1.585));
#13807 = LINE('',#13808,#13809);
#13808 = CARTESIAN_POINT('',(35.549235,-50.055436,1.585));
#13809 = VECTOR('',#13810,1.);
#13810 = DIRECTION('',(-0.707106781187,0.707106781186,0.));
#13811 = ORIENTED_EDGE('',*,*,#13812,.T.);
#13812 = EDGE_CURVE('',#13805,#13813,#13815,.T.);
#13813 = VERTEX_POINT('',#13814);
#13814 = CARTESIAN_POINT('',(35.450312,-49.990771,1.585));
#13815 = LINE('',#13816,#13817);
#13816 = CARTESIAN_POINT('',(35.518828,-50.025029,1.585));
#13817 = VECTOR('',#13818,1.);
#13818 = DIRECTION('',(-0.894427191,0.4472135955,0.));
#13819 = ORIENTED_EDGE('',*,*,#13820,.T.);
#13820 = EDGE_CURVE('',#13813,#13821,#13823,.T.);
#13821 = VERTEX_POINT('',#13822);
#13822 = CARTESIAN_POINT('',(35.310528,-49.98933,1.585));
#13823 = LINE('',#13824,#13825);
#13824 = CARTESIAN_POINT('',(35.450312,-49.990771,1.585));
#13825 = VECTOR('',#13826,1.);
#13826 = DIRECTION('',(-0.999946868947,1.030821437469E-02,0.));
#13827 = ORIENTED_EDGE('',*,*,#13828,.T.);
#13828 = EDGE_CURVE('',#13821,#13829,#13831,.T.);
#13829 = VERTEX_POINT('',#13830);
#13830 = CARTESIAN_POINT('',(35.268717,-49.866383,1.585));
#13831 = CIRCLE('',#13832,7.500015628755E-02);
#13832 = AXIS2_PLACEMENT_3D('',#13833,#13834,#13835);
#13833 = CARTESIAN_POINT('',(35.325160284325,-49.9157710461,1.585));
#13834 = DIRECTION('',(0.,0.,-1.));
#13835 = DIRECTION('',(-0.195096717785,-0.980784008184,-0.));
#13836 = ORIENTED_EDGE('',*,*,#13837,.T.);
#13837 = EDGE_CURVE('',#13829,#13838,#13840,.T.);
#13838 = VERTEX_POINT('',#13839);
#13839 = CARTESIAN_POINT('',(35.493211,-49.609819,1.585));
#13840 = LINE('',#13841,#13842);
#13841 = CARTESIAN_POINT('',(35.268717,-49.866383,1.585));
#13842 = VECTOR('',#13843,1.);
#13843 = DIRECTION('',(0.658505438534,0.752575967874,0.));
#13844 = ORIENTED_EDGE('',*,*,#13845,.T.);
#13845 = EDGE_CURVE('',#13838,#13668,#13846,.T.);
#13846 = LINE('',#13847,#13848);
#13847 = CARTESIAN_POINT('',(35.493211,-49.609819,1.585));
#13848 = VECTOR('',#13849,1.);
#13849 = DIRECTION('',(-0.999995267761,3.076435546862E-03,0.));
#13850 = PLANE('',#13851);
#13851 = AXIS2_PLACEMENT_3D('',#13852,#13853,#13854);
#13852 = CARTESIAN_POINT('',(0.,0.,1.585));
#13853 = DIRECTION('',(0.,0.,1.));
#13854 = DIRECTION('',(1.,0.,-0.));
#13855 = SHELL_BASED_SURFACE_MODEL('',(#13856));
#13856 = OPEN_SHELL('',(#13857));
#13857 = ADVANCED_FACE('',(#13858),#13894,.T.);
#13858 = FACE_BOUND('',#13859,.F.);
#13859 = EDGE_LOOP('',(#13860,#13871,#13879,#13888));
#13860 = ORIENTED_EDGE('',*,*,#13861,.T.);
#13861 = EDGE_CURVE('',#13862,#13864,#13866,.T.);
#13862 = VERTEX_POINT('',#13863);
#13863 = CARTESIAN_POINT('',(31.762,-50.45,1.585));
#13864 = VERTEX_POINT('',#13865);
#13865 = CARTESIAN_POINT('',(31.762,-50.33,1.585));
#13866 = CIRCLE('',#13867,6.000000000043E-02);
#13867 = AXIS2_PLACEMENT_3D('',#13868,#13869,#13870);
#13868 = CARTESIAN_POINT('',(31.761999774412,-50.39,1.585));
#13869 = DIRECTION('',(0.,0.,-1.));
#13870 = DIRECTION('',(3.759794076048E-06,-0.999999999993,0.));
#13871 = ORIENTED_EDGE('',*,*,#13872,.T.);
#13872 = EDGE_CURVE('',#13864,#13873,#13875,.T.);
#13873 = VERTEX_POINT('',#13874);
#13874 = CARTESIAN_POINT('',(33.762,-50.33,1.585));
#13875 = LINE('',#13876,#13877);
#13876 = CARTESIAN_POINT('',(31.762,-50.33,1.585));
#13877 = VECTOR('',#13878,1.);
#13878 = DIRECTION('',(1.,0.,0.));
#13879 = ORIENTED_EDGE('',*,*,#13880,.T.);
#13880 = EDGE_CURVE('',#13873,#13881,#13883,.T.);
#13881 = VERTEX_POINT('',#13882);
#13882 = CARTESIAN_POINT('',(33.762,-50.45,1.585));
#13883 = CIRCLE('',#13884,6.000000000043E-02);
#13884 = AXIS2_PLACEMENT_3D('',#13885,#13886,#13887);
#13885 = CARTESIAN_POINT('',(33.762000225588,-50.39,1.585));
#13886 = DIRECTION('',(0.,0.,-1.));
#13887 = DIRECTION('',(-3.759794016836E-06,0.999999999993,-0.));
#13888 = ORIENTED_EDGE('',*,*,#13889,.T.);
#13889 = EDGE_CURVE('',#13881,#13862,#13890,.T.);
#13890 = LINE('',#13891,#13892);
#13891 = CARTESIAN_POINT('',(33.762,-50.45,1.585));
#13892 = VECTOR('',#13893,1.);
#13893 = DIRECTION('',(-1.,0.,0.));
#13894 = PLANE('',#13895);
#13895 = AXIS2_PLACEMENT_3D('',#13896,#13897,#13898);
#13896 = CARTESIAN_POINT('',(0.,0.,1.585));
#13897 = DIRECTION('',(0.,0.,1.));
#13898 = DIRECTION('',(1.,0.,-0.));
#13899 = SHELL_BASED_SURFACE_MODEL('',(#13900));
#13900 = OPEN_SHELL('',(#13901));
#13901 = ADVANCED_FACE('',(#13902,#14013),#14065,.T.);
#13902 = FACE_BOUND('',#13903,.F.);
#13903 = EDGE_LOOP('',(#13904,#13915,#13923,#13932,#13940,#13949,#13957,
    #13965,#13974,#13982,#13990,#13998,#14007));
#13904 = ORIENTED_EDGE('',*,*,#13905,.T.);
#13905 = EDGE_CURVE('',#13906,#13908,#13910,.T.);
#13906 = VERTEX_POINT('',#13907);
#13907 = CARTESIAN_POINT('',(43.802207,-49.291662,1.585));
#13908 = VERTEX_POINT('',#13909);
#13909 = CARTESIAN_POINT('',(43.875766,-49.231294,1.585));
#13910 = CIRCLE('',#13911,7.500074938984E-02);
#13911 = AXIS2_PLACEMENT_3D('',#13912,#13913,#13914);
#13912 = CARTESIAN_POINT('',(43.87576646611,-49.30629474938,1.585));
#13913 = DIRECTION('',(0.,0.,-1.));
#13914 = DIRECTION('',(-0.980783081614,0.195101375752,0.));
#13915 = ORIENTED_EDGE('',*,*,#13916,.T.);
#13916 = EDGE_CURVE('',#13908,#13917,#13919,.T.);
#13917 = VERTEX_POINT('',#13918);
#13918 = CARTESIAN_POINT('',(44.27135,-49.232735,1.585));
#13919 = LINE('',#13920,#13921);
#13920 = CARTESIAN_POINT('',(43.875766,-49.231294,1.585));
#13921 = VECTOR('',#13922,1.);
#13922 = DIRECTION('',(0.999993365378,-3.64269141196E-03,0.));
#13923 = ORIENTED_EDGE('',*,*,#13924,.T.);
#13924 = EDGE_CURVE('',#13917,#13925,#13927,.T.);
#13925 = VERTEX_POINT('',#13926);
#13926 = CARTESIAN_POINT('',(44.520753,-49.482138,1.585));
#13927 = CIRCLE('',#13928,0.347870264855);
#13928 = AXIS2_PLACEMENT_3D('',#13929,#13930,#13931);
#13929 = CARTESIAN_POINT('',(44.184022265028,-49.56946573497,1.585));
#13930 = DIRECTION('',(0.,0.,-1.));
#13931 = DIRECTION('',(0.251035353678,0.967977918758,0.));
#13932 = ORIENTED_EDGE('',*,*,#13933,.T.);
#13933 = EDGE_CURVE('',#13925,#13934,#13936,.T.);
#13934 = VERTEX_POINT('',#13935);
#13935 = CARTESIAN_POINT('',(44.519531,-49.659437,1.585));
#13936 = LINE('',#13937,#13938);
#13937 = CARTESIAN_POINT('',(44.520753,-49.482138,1.585));
#13938 = VECTOR('',#13939,1.);
#13939 = DIRECTION('',(-6.892148157132E-03,-0.999976248865,0.));
#13940 = ORIENTED_EDGE('',*,*,#13941,.T.);
#13941 = EDGE_CURVE('',#13934,#13942,#13944,.T.);
#13942 = VERTEX_POINT('',#13943);
#13943 = CARTESIAN_POINT('',(44.27135,-49.903662,1.585));
#13944 = CIRCLE('',#13945,0.348632345848);
#13945 = AXIS2_PLACEMENT_3D('',#13946,#13947,#13948);
#13946 = CARTESIAN_POINT('',(44.183581194037,-49.5662584593,1.585));
#13947 = DIRECTION('',(0.,0.,-1.));
#13948 = DIRECTION('',(0.963622021775,-0.267268776985,0.));
#13949 = ORIENTED_EDGE('',*,*,#13950,.T.);
#13950 = EDGE_CURVE('',#13942,#13951,#13953,.T.);
#13951 = VERTEX_POINT('',#13952);
#13952 = CARTESIAN_POINT('',(44.257833,-49.904993,1.585));
#13953 = LINE('',#13954,#13955);
#13954 = CARTESIAN_POINT('',(44.27135,-49.903662,1.585));
#13955 = VECTOR('',#13956,1.);
#13956 = DIRECTION('',(-0.995186940545,-9.79946598998E-02,0.));
#13957 = ORIENTED_EDGE('',*,*,#13958,.T.);
#13958 = EDGE_CURVE('',#13951,#13959,#13961,.T.);
#13959 = VERTEX_POINT('',#13960);
#13960 = CARTESIAN_POINT('',(44.515847,-50.276098,1.585));
#13961 = LINE('',#13962,#13963);
#13962 = CARTESIAN_POINT('',(44.257833,-49.904993,1.585));
#13963 = VECTOR('',#13964,1.);
#13964 = DIRECTION('',(0.570846789809,-0.821056601316,0.));
#13965 = ORIENTED_EDGE('',*,*,#13966,.T.);
#13966 = EDGE_CURVE('',#13959,#13967,#13969,.T.);
#13967 = VERTEX_POINT('',#13968);
#13968 = CARTESIAN_POINT('',(44.385752,-50.349304,1.585));
#13969 = CIRCLE('',#13970,7.500005951702E-02);
#13970 = AXIS2_PLACEMENT_3D('',#13971,#13972,#13973);
#13971 = CARTESIAN_POINT('',(44.447194062942,-50.30629374739,1.585));
#13972 = DIRECTION('',(0.,0.,-1.));
#13973 = DIRECTION('',(0.915371767708,0.402609645791,0.));
#13974 = ORIENTED_EDGE('',*,*,#13975,.T.);
#13975 = EDGE_CURVE('',#13967,#13976,#13978,.T.);
#13976 = VERTEX_POINT('',#13977);
#13977 = CARTESIAN_POINT('',(44.074812,-49.905103,1.585));
#13978 = LINE('',#13979,#13980);
#13979 = CARTESIAN_POINT('',(44.385752,-50.349304,1.585));
#13980 = VECTOR('',#13981,1.);
#13981 = DIRECTION('',(-0.573461477921,0.819232527028,0.));
#13982 = ORIENTED_EDGE('',*,*,#13983,.T.);
#13983 = EDGE_CURVE('',#13976,#13984,#13986,.T.);
#13984 = VERTEX_POINT('',#13985);
#13985 = CARTESIAN_POINT('',(43.950766,-49.905103,1.585));
#13986 = LINE('',#13987,#13988);
#13987 = CARTESIAN_POINT('',(44.074812,-49.905103,1.585));
#13988 = VECTOR('',#13989,1.);
#13989 = DIRECTION('',(-1.,0.,0.));
#13990 = ORIENTED_EDGE('',*,*,#13991,.T.);
#13991 = EDGE_CURVE('',#13984,#13992,#13994,.T.);
#13992 = VERTEX_POINT('',#13993);
#13993 = CARTESIAN_POINT('',(43.949325,-50.320926,1.585));
#13994 = LINE('',#13995,#13996);
#13995 = CARTESIAN_POINT('',(43.950766,-49.905103,1.585));
#13996 = VECTOR('',#13997,1.);
#13997 = DIRECTION('',(-3.465395967783E-03,-0.999993995497,0.));
#13998 = ORIENTED_EDGE('',*,*,#13999,.T.);
#13999 = EDGE_CURVE('',#13992,#14000,#14002,.T.);
#14000 = VERTEX_POINT('',#14001);
#14001 = CARTESIAN_POINT('',(43.800766,-50.306294,1.585));
#14002 = CIRCLE('',#14003,7.500006711464E-02);
#14003 = AXIS2_PLACEMENT_3D('',#14004,#14005,#14006);
#14004 = CARTESIAN_POINT('',(43.875766067115,-50.30629406711,1.585));
#14005 = DIRECTION('',(-0.,0.,-1.));
#14006 = DIRECTION('',(0.980784894138,-0.195092263891,-0.));
#14007 = ORIENTED_EDGE('',*,*,#14008,.T.);
#14008 = EDGE_CURVE('',#14000,#13906,#14009,.T.);
#14009 = LINE('',#14010,#14011);
#14010 = CARTESIAN_POINT('',(43.800766,-50.306294,1.585));
#14011 = VECTOR('',#14012,1.);
#14012 = DIRECTION('',(1.420217918158E-03,0.99999899149,0.));
#14013 = FACE_BOUND('',#14014,.F.);
#14014 = EDGE_LOOP('',(#14015,#14026,#14034,#14042,#14050,#14059));
#14015 = ORIENTED_EDGE('',*,*,#14016,.T.);
#14016 = EDGE_CURVE('',#14017,#14019,#14021,.T.);
#14017 = VERTEX_POINT('',#14018);
#14018 = CARTESIAN_POINT('',(44.372194,-49.514475,1.585));
#14019 = VERTEX_POINT('',#14020);
#14020 = CARTESIAN_POINT('',(44.239013,-49.381294,1.585));
#14021 = CIRCLE('',#14022,0.18686440374);
#14022 = AXIS2_PLACEMENT_3D('',#14023,#14024,#14025);
#14023 = CARTESIAN_POINT('',(44.191477,-49.562011,1.585));
#14024 = DIRECTION('',(0.,0.,1.));
#14025 = DIRECTION('',(0.967102328658,0.254387668538,-0.));
#14026 = ORIENTED_EDGE('',*,*,#14027,.T.);
#14027 = EDGE_CURVE('',#14019,#14028,#14030,.T.);
#14028 = VERTEX_POINT('',#14029);
#14029 = CARTESIAN_POINT('',(43.950766,-49.381294,1.585));
#14030 = LINE('',#14031,#14032);
#14031 = CARTESIAN_POINT('',(44.239013,-49.381294,1.585));
#14032 = VECTOR('',#14033,1.);
#14033 = DIRECTION('',(-1.,0.,0.));
#14034 = ORIENTED_EDGE('',*,*,#14035,.T.);
#14035 = EDGE_CURVE('',#14028,#14036,#14038,.T.);
#14036 = VERTEX_POINT('',#14037);
#14037 = CARTESIAN_POINT('',(43.950766,-49.755103,1.585));
#14038 = LINE('',#14039,#14040);
#14039 = CARTESIAN_POINT('',(43.950766,-49.381294,1.585));
#14040 = VECTOR('',#14041,1.);
#14041 = DIRECTION('',(0.,-1.,0.));
#14042 = ORIENTED_EDGE('',*,*,#14043,.T.);
#14043 = EDGE_CURVE('',#14036,#14044,#14046,.T.);
#14044 = VERTEX_POINT('',#14045);
#14045 = CARTESIAN_POINT('',(44.239013,-49.755103,1.585));
#14046 = LINE('',#14047,#14048);
#14047 = CARTESIAN_POINT('',(43.950766,-49.755103,1.585));
#14048 = VECTOR('',#14049,1.);
#14049 = DIRECTION('',(1.,0.,0.));
#14050 = ORIENTED_EDGE('',*,*,#14051,.T.);
#14051 = EDGE_CURVE('',#14044,#14052,#14054,.T.);
#14052 = VERTEX_POINT('',#14053);
#14053 = CARTESIAN_POINT('',(44.372194,-49.621922,1.585));
#14054 = CIRCLE('',#14055,0.18686440374);
#14055 = AXIS2_PLACEMENT_3D('',#14056,#14057,#14058);
#14056 = CARTESIAN_POINT('',(44.191477,-49.574386,1.585));
#14057 = DIRECTION('',(0.,0.,1.));
#14058 = DIRECTION('',(0.254387668537,-0.967102328658,0.));
#14059 = ORIENTED_EDGE('',*,*,#14060,.T.);
#14060 = EDGE_CURVE('',#14052,#14017,#14061,.T.);
#14061 = LINE('',#14062,#14063);
#14062 = CARTESIAN_POINT('',(44.372194,-49.621922,1.585));
#14063 = VECTOR('',#14064,1.);
#14064 = DIRECTION('',(0.,1.,0.));
#14065 = PLANE('',#14066);
#14066 = AXIS2_PLACEMENT_3D('',#14067,#14068,#14069);
#14067 = CARTESIAN_POINT('',(0.,0.,1.585));
#14068 = DIRECTION('',(0.,0.,1.));
#14069 = DIRECTION('',(1.,0.,-0.));
#14070 = SHELL_BASED_SURFACE_MODEL('',(#14071));
#14071 = OPEN_SHELL('',(#14072));
#14072 = ADVANCED_FACE('',(#14073),#14173,.T.);
#14073 = FACE_BOUND('',#14074,.F.);
#14074 = EDGE_LOOP('',(#14075,#14085,#14093,#14102,#14110,#14118,#14126,
    #14134,#14142,#14151,#14159,#14167));
#14075 = ORIENTED_EDGE('',*,*,#14076,.T.);
#14076 = EDGE_CURVE('',#14077,#14079,#14081,.T.);
#14077 = VERTEX_POINT('',#14078);
#14078 = CARTESIAN_POINT('',(43.5909,-49.016042,1.585));
#14079 = VERTEX_POINT('',#14080);
#14080 = CARTESIAN_POINT('',(43.613861,-49.011475,1.585));
#14081 = LINE('',#14082,#14083);
#14082 = CARTESIAN_POINT('',(43.5909,-49.016042,1.585));
#14083 = VECTOR('',#14084,1.);
#14084 = DIRECTION('',(0.980787134598,0.195081000118,0.));
#14085 = ORIENTED_EDGE('',*,*,#14086,.T.);
#14086 = EDGE_CURVE('',#14079,#14087,#14089,.T.);
#14087 = VERTEX_POINT('',#14088);
#14088 = CARTESIAN_POINT('',(45.613861,-49.011475,1.585));
#14089 = LINE('',#14090,#14091);
#14090 = CARTESIAN_POINT('',(43.613861,-49.011475,1.585));
#14091 = VECTOR('',#14092,1.);
#14092 = DIRECTION('',(1.,0.,0.));
#14093 = ORIENTED_EDGE('',*,*,#14094,.T.);
#14094 = EDGE_CURVE('',#14087,#14095,#14097,.T.);
#14095 = VERTEX_POINT('',#14096);
#14096 = CARTESIAN_POINT('',(45.613861,-49.131475,1.585));
#14097 = CIRCLE('',#14098,6.000000000043E-02);
#14098 = AXIS2_PLACEMENT_3D('',#14099,#14100,#14101);
#14099 = CARTESIAN_POINT('',(45.613861225588,-49.071475,1.585));
#14100 = DIRECTION('',(0.,0.,-1.));
#14101 = DIRECTION('',(-3.759794016836E-06,0.999999999993,-0.));
#14102 = ORIENTED_EDGE('',*,*,#14103,.T.);
#14103 = EDGE_CURVE('',#14095,#14104,#14106,.T.);
#14104 = VERTEX_POINT('',#14105);
#14105 = CARTESIAN_POINT('',(45.567433,-49.131475,1.585));
#14106 = LINE('',#14107,#14108);
#14107 = CARTESIAN_POINT('',(45.613861,-49.131475,1.585));
#14108 = VECTOR('',#14109,1.);
#14109 = DIRECTION('',(-1.,0.,0.));
#14110 = ORIENTED_EDGE('',*,*,#14111,.T.);
#14111 = EDGE_CURVE('',#14104,#14112,#14114,.T.);
#14112 = VERTEX_POINT('',#14113);
#14113 = CARTESIAN_POINT('',(45.567433,-49.162961,1.585));
#14114 = LINE('',#14115,#14116);
#14115 = CARTESIAN_POINT('',(45.567433,-49.131475,1.585));
#14116 = VECTOR('',#14117,1.);
#14117 = DIRECTION('',(0.,-1.,0.));
#14118 = ORIENTED_EDGE('',*,*,#14119,.T.);
#14119 = EDGE_CURVE('',#14112,#14120,#14122,.T.);
#14120 = VERTEX_POINT('',#14121);
#14121 = CARTESIAN_POINT('',(45.534961,-49.195433,1.585));
#14122 = LINE('',#14123,#14124);
#14123 = CARTESIAN_POINT('',(45.567433,-49.162961,1.585));
#14124 = VECTOR('',#14125,1.);
#14125 = DIRECTION('',(-0.707106781187,-0.707106781187,0.));
#14126 = ORIENTED_EDGE('',*,*,#14127,.T.);
#14127 = EDGE_CURVE('',#14120,#14128,#14130,.T.);
#14128 = VERTEX_POINT('',#14129);
#14129 = CARTESIAN_POINT('',(45.512,-49.2,1.585));
#14130 = LINE('',#14131,#14132);
#14131 = CARTESIAN_POINT('',(45.534961,-49.195433,1.585));
#14132 = VECTOR('',#14133,1.);
#14133 = DIRECTION('',(-0.980787134598,-0.195081000118,0.));
#14134 = ORIENTED_EDGE('',*,*,#14135,.T.);
#14135 = EDGE_CURVE('',#14128,#14136,#14138,.T.);
#14136 = VERTEX_POINT('',#14137);
#14137 = CARTESIAN_POINT('',(43.512,-49.2,1.585));
#14138 = LINE('',#14139,#14140);
#14139 = CARTESIAN_POINT('',(45.512,-49.2,1.585));
#14140 = VECTOR('',#14141,1.);
#14141 = DIRECTION('',(-1.,0.,0.));
#14142 = ORIENTED_EDGE('',*,*,#14143,.T.);
#14143 = EDGE_CURVE('',#14136,#14144,#14146,.T.);
#14144 = VERTEX_POINT('',#14145);
#14145 = CARTESIAN_POINT('',(43.512,-49.08,1.585));
#14146 = CIRCLE('',#14147,6.000000000043E-02);
#14147 = AXIS2_PLACEMENT_3D('',#14148,#14149,#14150);
#14148 = CARTESIAN_POINT('',(43.511999774412,-49.14,1.585));
#14149 = DIRECTION('',(0.,0.,-1.));
#14150 = DIRECTION('',(3.759794016836E-06,-0.999999999993,0.));
#14151 = ORIENTED_EDGE('',*,*,#14152,.T.);
#14152 = EDGE_CURVE('',#14144,#14153,#14155,.T.);
#14153 = VERTEX_POINT('',#14154);
#14154 = CARTESIAN_POINT('',(43.558428,-49.08,1.585));
#14155 = LINE('',#14156,#14157);
#14156 = CARTESIAN_POINT('',(43.512,-49.08,1.585));
#14157 = VECTOR('',#14158,1.);
#14158 = DIRECTION('',(1.,0.,0.));
#14159 = ORIENTED_EDGE('',*,*,#14160,.T.);
#14160 = EDGE_CURVE('',#14153,#14161,#14163,.T.);
#14161 = VERTEX_POINT('',#14162);
#14162 = CARTESIAN_POINT('',(43.558428,-49.048514,1.585));
#14163 = LINE('',#14164,#14165);
#14164 = CARTESIAN_POINT('',(43.558428,-49.08,1.585));
#14165 = VECTOR('',#14166,1.);
#14166 = DIRECTION('',(0.,1.,0.));
#14167 = ORIENTED_EDGE('',*,*,#14168,.T.);
#14168 = EDGE_CURVE('',#14161,#14077,#14169,.T.);
#14169 = LINE('',#14170,#14171);
#14170 = CARTESIAN_POINT('',(43.558428,-49.048514,1.585));
#14171 = VECTOR('',#14172,1.);
#14172 = DIRECTION('',(0.707106781187,0.707106781187,0.));
#14173 = PLANE('',#14174);
#14174 = AXIS2_PLACEMENT_3D('',#14175,#14176,#14177);
#14175 = CARTESIAN_POINT('',(0.,0.,1.585));
#14176 = DIRECTION('',(0.,0.,1.));
#14177 = DIRECTION('',(1.,0.,-0.));
#14178 = SHELL_BASED_SURFACE_MODEL('',(#14179));
#14179 = OPEN_SHELL('',(#14180));
#14180 = ADVANCED_FACE('',(#14181),#14217,.T.);
#14181 = FACE_BOUND('',#14182,.F.);
#14182 = EDGE_LOOP('',(#14183,#14194,#14202,#14211));
#14183 = ORIENTED_EDGE('',*,*,#14184,.T.);
#14184 = EDGE_CURVE('',#14185,#14187,#14189,.T.);
#14185 = VERTEX_POINT('',#14186);
#14186 = CARTESIAN_POINT('',(37.85,-49.06,1.585));
#14187 = VERTEX_POINT('',#14188);
#14188 = CARTESIAN_POINT('',(37.85,-48.94,1.585));
#14189 = CIRCLE('',#14190,6.000000000043E-02);
#14190 = AXIS2_PLACEMENT_3D('',#14191,#14192,#14193);
#14191 = CARTESIAN_POINT('',(37.849999774412,-49.,1.585));
#14192 = DIRECTION('',(0.,0.,-1.));
#14193 = DIRECTION('',(3.75979413526E-06,-0.999999999993,0.));
#14194 = ORIENTED_EDGE('',*,*,#14195,.T.);
#14195 = EDGE_CURVE('',#14187,#14196,#14198,.T.);
#14196 = VERTEX_POINT('',#14197);
#14197 = CARTESIAN_POINT('',(40.05,-48.94,1.585));
#14198 = LINE('',#14199,#14200);
#14199 = CARTESIAN_POINT('',(37.85,-48.94,1.585));
#14200 = VECTOR('',#14201,1.);
#14201 = DIRECTION('',(1.,0.,0.));
#14202 = ORIENTED_EDGE('',*,*,#14203,.T.);
#14203 = EDGE_CURVE('',#14196,#14204,#14206,.T.);
#14204 = VERTEX_POINT('',#14205);
#14205 = CARTESIAN_POINT('',(40.05,-49.06,1.585));
#14206 = CIRCLE('',#14207,6.000000000043E-02);
#14207 = AXIS2_PLACEMENT_3D('',#14208,#14209,#14210);
#14208 = CARTESIAN_POINT('',(40.050000225588,-49.,1.585));
#14209 = DIRECTION('',(0.,0.,-1.));
#14210 = DIRECTION('',(-3.759794016836E-06,0.999999999993,-0.));
#14211 = ORIENTED_EDGE('',*,*,#14212,.T.);
#14212 = EDGE_CURVE('',#14204,#14185,#14213,.T.);
#14213 = LINE('',#14214,#14215);
#14214 = CARTESIAN_POINT('',(40.05,-49.06,1.585));
#14215 = VECTOR('',#14216,1.);
#14216 = DIRECTION('',(-1.,0.,0.));
#14217 = PLANE('',#14218);
#14218 = AXIS2_PLACEMENT_3D('',#14219,#14220,#14221);
#14219 = CARTESIAN_POINT('',(0.,0.,1.585));
#14220 = DIRECTION('',(0.,0.,1.));
#14221 = DIRECTION('',(1.,0.,-0.));
#14222 = SHELL_BASED_SURFACE_MODEL('',(#14223));
#14223 = OPEN_SHELL('',(#14224));
#14224 = ADVANCED_FACE('',(#14225),#14261,.T.);
#14225 = FACE_BOUND('',#14226,.F.);
#14226 = EDGE_LOOP('',(#14227,#14238,#14246,#14255));
#14227 = ORIENTED_EDGE('',*,*,#14228,.T.);
#14228 = EDGE_CURVE('',#14229,#14231,#14233,.T.);
#14229 = VERTEX_POINT('',#14230);
#14230 = CARTESIAN_POINT('',(32.512,-48.87,1.585));
#14231 = VERTEX_POINT('',#14232);
#14232 = CARTESIAN_POINT('',(32.512,-48.75,1.585));
#14233 = CIRCLE('',#14234,6.000000000042E-02);
#14234 = AXIS2_PLACEMENT_3D('',#14235,#14236,#14237);
#14235 = CARTESIAN_POINT('',(32.511999774412,-48.81,1.585));
#14236 = DIRECTION('',(0.,0.,-1.));
#14237 = DIRECTION('',(3.75979413526E-06,-0.999999999993,0.));
#14238 = ORIENTED_EDGE('',*,*,#14239,.T.);
#14239 = EDGE_CURVE('',#14231,#14240,#14242,.T.);
#14240 = VERTEX_POINT('',#14241);
#14241 = CARTESIAN_POINT('',(33.782,-48.75,1.585));
#14242 = LINE('',#14243,#14244);
#14243 = CARTESIAN_POINT('',(32.512,-48.75,1.585));
#14244 = VECTOR('',#14245,1.);
#14245 = DIRECTION('',(1.,0.,0.));
#14246 = ORIENTED_EDGE('',*,*,#14247,.T.);
#14247 = EDGE_CURVE('',#14240,#14248,#14250,.T.);
#14248 = VERTEX_POINT('',#14249);
#14249 = CARTESIAN_POINT('',(33.782,-48.87,1.585));
#14250 = CIRCLE('',#14251,6.000000000042E-02);
#14251 = AXIS2_PLACEMENT_3D('',#14252,#14253,#14254);
#14252 = CARTESIAN_POINT('',(33.782000225588,-48.81,1.585));
#14253 = DIRECTION('',(0.,0.,-1.));
#14254 = DIRECTION('',(-3.759794016837E-06,0.999999999993,-0.));
#14255 = ORIENTED_EDGE('',*,*,#14256,.T.);
#14256 = EDGE_CURVE('',#14248,#14229,#14257,.T.);
#14257 = LINE('',#14258,#14259);
#14258 = CARTESIAN_POINT('',(33.782,-48.87,1.585));
#14259 = VECTOR('',#14260,1.);
#14260 = DIRECTION('',(-1.,0.,0.));
#14261 = PLANE('',#14262);
#14262 = AXIS2_PLACEMENT_3D('',#14263,#14264,#14265);
#14263 = CARTESIAN_POINT('',(0.,0.,1.585));
#14264 = DIRECTION('',(0.,0.,1.));
#14265 = DIRECTION('',(1.,0.,-0.));
#14266 = SHELL_BASED_SURFACE_MODEL('',(#14267));
#14267 = OPEN_SHELL('',(#14268));
#14268 = ADVANCED_FACE('',(#14269),#14583,.T.);
#14269 = FACE_BOUND('',#14270,.F.);
#14270 = EDGE_LOOP('',(#14271,#14281,#14289,#14297,#14305,#14313,#14321,
    #14330,#14338,#14346,#14354,#14363,#14371,#14379,#14387,#14396,
    #14404,#14412,#14420,#14429,#14437,#14445,#14453,#14462,#14470,
    #14478,#14486,#14495,#14503,#14511,#14519,#14528,#14536,#14544,
    #14552,#14561,#14569,#14577));
#14271 = ORIENTED_EDGE('',*,*,#14272,.T.);
#14272 = EDGE_CURVE('',#14273,#14275,#14277,.T.);
#14273 = VERTEX_POINT('',#14274);
#14274 = CARTESIAN_POINT('',(28.757433,-48.832961,1.585));
#14275 = VERTEX_POINT('',#14276);
#14276 = CARTESIAN_POINT('',(28.75,-48.840394,1.585));
#14277 = LINE('',#14278,#14279);
#14278 = CARTESIAN_POINT('',(28.757433,-48.832961,1.585));
#14279 = VECTOR('',#14280,1.);
#14280 = DIRECTION('',(-0.707106781186,-0.707106781187,0.));
#14281 = ORIENTED_EDGE('',*,*,#14282,.T.);
#14282 = EDGE_CURVE('',#14275,#14283,#14285,.T.);
#14283 = VERTEX_POINT('',#14284);
#14284 = CARTESIAN_POINT('',(28.75,-38.619606,1.585));
#14285 = LINE('',#14286,#14287);
#14286 = CARTESIAN_POINT('',(28.75,-48.840394,1.585));
#14287 = VECTOR('',#14288,1.);
#14288 = DIRECTION('',(0.,1.,0.));
#14289 = ORIENTED_EDGE('',*,*,#14290,.T.);
#14290 = EDGE_CURVE('',#14283,#14291,#14293,.T.);
#14291 = VERTEX_POINT('',#14292);
#14292 = CARTESIAN_POINT('',(28.757433,-38.627039,1.585));
#14293 = LINE('',#14294,#14295);
#14294 = CARTESIAN_POINT('',(28.75,-38.619606,1.585));
#14295 = VECTOR('',#14296,1.);
#14296 = DIRECTION('',(0.707106781186,-0.707106781187,0.));
#14297 = ORIENTED_EDGE('',*,*,#14298,.T.);
#14298 = EDGE_CURVE('',#14291,#14299,#14301,.T.);
#14299 = VERTEX_POINT('',#14300);
#14300 = CARTESIAN_POINT('',(28.762,-38.65,1.585));
#14301 = LINE('',#14302,#14303);
#14302 = CARTESIAN_POINT('',(28.757433,-38.627039,1.585));
#14303 = VECTOR('',#14304,1.);
#14304 = DIRECTION('',(0.195081000118,-0.980787134598,0.));
#14305 = ORIENTED_EDGE('',*,*,#14306,.T.);
#14306 = EDGE_CURVE('',#14299,#14307,#14309,.T.);
#14307 = VERTEX_POINT('',#14308);
#14308 = CARTESIAN_POINT('',(28.762,-39.606,1.585));
#14309 = LINE('',#14310,#14311);
#14310 = CARTESIAN_POINT('',(28.762,-38.65,1.585));
#14311 = VECTOR('',#14312,1.);
#14312 = DIRECTION('',(0.,-1.,0.));
#14313 = ORIENTED_EDGE('',*,*,#14314,.T.);
#14314 = EDGE_CURVE('',#14307,#14315,#14317,.T.);
#14315 = VERTEX_POINT('',#14316);
#14316 = CARTESIAN_POINT('',(30.912,-39.606,1.585));
#14317 = LINE('',#14318,#14319);
#14318 = CARTESIAN_POINT('',(28.762,-39.606,1.585));
#14319 = VECTOR('',#14320,1.);
#14320 = DIRECTION('',(1.,0.,0.));
#14321 = ORIENTED_EDGE('',*,*,#14322,.T.);
#14322 = EDGE_CURVE('',#14315,#14323,#14325,.T.);
#14323 = VERTEX_POINT('',#14324);
#14324 = CARTESIAN_POINT('',(30.912,-39.726,1.585));
#14325 = CIRCLE('',#14326,6.000000000042E-02);
#14326 = AXIS2_PLACEMENT_3D('',#14327,#14328,#14329);
#14327 = CARTESIAN_POINT('',(30.912000225588,-39.666,1.585));
#14328 = DIRECTION('',(0.,0.,-1.));
#14329 = DIRECTION('',(-3.75979413526E-06,0.999999999993,-0.));
#14330 = ORIENTED_EDGE('',*,*,#14331,.T.);
#14331 = EDGE_CURVE('',#14323,#14332,#14334,.T.);
#14332 = VERTEX_POINT('',#14333);
#14333 = CARTESIAN_POINT('',(28.762,-39.726,1.585));
#14334 = LINE('',#14335,#14336);
#14335 = CARTESIAN_POINT('',(30.912,-39.726,1.585));
#14336 = VECTOR('',#14337,1.);
#14337 = DIRECTION('',(-1.,0.,0.));
#14338 = ORIENTED_EDGE('',*,*,#14339,.T.);
#14339 = EDGE_CURVE('',#14332,#14340,#14342,.T.);
#14340 = VERTEX_POINT('',#14341);
#14341 = CARTESIAN_POINT('',(28.762,-40.114,1.585));
#14342 = LINE('',#14343,#14344);
#14343 = CARTESIAN_POINT('',(28.762,-39.726,1.585));
#14344 = VECTOR('',#14345,1.);
#14345 = DIRECTION('',(0.,-1.,0.));
#14346 = ORIENTED_EDGE('',*,*,#14347,.T.);
#14347 = EDGE_CURVE('',#14340,#14348,#14350,.T.);
#14348 = VERTEX_POINT('',#14349);
#14349 = CARTESIAN_POINT('',(30.912,-40.114,1.585));
#14350 = LINE('',#14351,#14352);
#14351 = CARTESIAN_POINT('',(28.762,-40.114,1.585));
#14352 = VECTOR('',#14353,1.);
#14353 = DIRECTION('',(1.,0.,0.));
#14354 = ORIENTED_EDGE('',*,*,#14355,.T.);
#14355 = EDGE_CURVE('',#14348,#14356,#14358,.T.);
#14356 = VERTEX_POINT('',#14357);
#14357 = CARTESIAN_POINT('',(30.912,-40.234,1.585));
#14358 = CIRCLE('',#14359,6.000000000043E-02);
#14359 = AXIS2_PLACEMENT_3D('',#14360,#14361,#14362);
#14360 = CARTESIAN_POINT('',(30.912000225588,-40.174,1.585));
#14361 = DIRECTION('',(0.,0.,-1.));
#14362 = DIRECTION('',(-3.759794076048E-06,0.999999999993,-0.));
#14363 = ORIENTED_EDGE('',*,*,#14364,.T.);
#14364 = EDGE_CURVE('',#14356,#14365,#14367,.T.);
#14365 = VERTEX_POINT('',#14366);
#14366 = CARTESIAN_POINT('',(28.762,-40.234,1.585));
#14367 = LINE('',#14368,#14369);
#14368 = CARTESIAN_POINT('',(30.912,-40.234,1.585));
#14369 = VECTOR('',#14370,1.);
#14370 = DIRECTION('',(-1.,0.,0.));
#14371 = ORIENTED_EDGE('',*,*,#14372,.T.);
#14372 = EDGE_CURVE('',#14365,#14373,#14375,.T.);
#14373 = VERTEX_POINT('',#14374);
#14374 = CARTESIAN_POINT('',(28.762,-42.146,1.585));
#14375 = LINE('',#14376,#14377);
#14376 = CARTESIAN_POINT('',(28.762,-40.234,1.585));
#14377 = VECTOR('',#14378,1.);
#14378 = DIRECTION('',(0.,-1.,0.));
#14379 = ORIENTED_EDGE('',*,*,#14380,.T.);
#14380 = EDGE_CURVE('',#14373,#14381,#14383,.T.);
#14381 = VERTEX_POINT('',#14382);
#14382 = CARTESIAN_POINT('',(30.912,-42.146,1.585));
#14383 = LINE('',#14384,#14385);
#14384 = CARTESIAN_POINT('',(28.762,-42.146,1.585));
#14385 = VECTOR('',#14386,1.);
#14386 = DIRECTION('',(1.,0.,0.));
#14387 = ORIENTED_EDGE('',*,*,#14388,.T.);
#14388 = EDGE_CURVE('',#14381,#14389,#14391,.T.);
#14389 = VERTEX_POINT('',#14390);
#14390 = CARTESIAN_POINT('',(30.912,-42.266,1.585));
#14391 = CIRCLE('',#14392,6.000000000042E-02);
#14392 = AXIS2_PLACEMENT_3D('',#14393,#14394,#14395);
#14393 = CARTESIAN_POINT('',(30.912000225588,-42.206,1.585));
#14394 = DIRECTION('',(0.,0.,-1.));
#14395 = DIRECTION('',(-3.759794076048E-06,0.999999999993,-0.));
#14396 = ORIENTED_EDGE('',*,*,#14397,.T.);
#14397 = EDGE_CURVE('',#14389,#14398,#14400,.T.);
#14398 = VERTEX_POINT('',#14399);
#14399 = CARTESIAN_POINT('',(28.762,-42.266,1.585));
#14400 = LINE('',#14401,#14402);
#14401 = CARTESIAN_POINT('',(30.912,-42.266,1.585));
#14402 = VECTOR('',#14403,1.);
#14403 = DIRECTION('',(-1.,0.,0.));
#14404 = ORIENTED_EDGE('',*,*,#14405,.T.);
#14405 = EDGE_CURVE('',#14398,#14406,#14408,.T.);
#14406 = VERTEX_POINT('',#14407);
#14407 = CARTESIAN_POINT('',(28.762,-42.654,1.585));
#14408 = LINE('',#14409,#14410);
#14409 = CARTESIAN_POINT('',(28.762,-42.266,1.585));
#14410 = VECTOR('',#14411,1.);
#14411 = DIRECTION('',(0.,-1.,0.));
#14412 = ORIENTED_EDGE('',*,*,#14413,.T.);
#14413 = EDGE_CURVE('',#14406,#14414,#14416,.T.);
#14414 = VERTEX_POINT('',#14415);
#14415 = CARTESIAN_POINT('',(30.912,-42.654,1.585));
#14416 = LINE('',#14417,#14418);
#14417 = CARTESIAN_POINT('',(28.762,-42.654,1.585));
#14418 = VECTOR('',#14419,1.);
#14419 = DIRECTION('',(1.,0.,0.));
#14420 = ORIENTED_EDGE('',*,*,#14421,.T.);
#14421 = EDGE_CURVE('',#14414,#14422,#14424,.T.);
#14422 = VERTEX_POINT('',#14423);
#14423 = CARTESIAN_POINT('',(30.912,-42.774,1.585));
#14424 = CIRCLE('',#14425,6.000000000042E-02);
#14425 = AXIS2_PLACEMENT_3D('',#14426,#14427,#14428);
#14426 = CARTESIAN_POINT('',(30.912000225588,-42.714,1.585));
#14427 = DIRECTION('',(0.,0.,-1.));
#14428 = DIRECTION('',(-3.75979413526E-06,0.999999999993,-0.));
#14429 = ORIENTED_EDGE('',*,*,#14430,.T.);
#14430 = EDGE_CURVE('',#14422,#14431,#14433,.T.);
#14431 = VERTEX_POINT('',#14432);
#14432 = CARTESIAN_POINT('',(28.762,-42.774,1.585));
#14433 = LINE('',#14434,#14435);
#14434 = CARTESIAN_POINT('',(30.912,-42.774,1.585));
#14435 = VECTOR('',#14436,1.);
#14436 = DIRECTION('',(-1.,0.,0.));
#14437 = ORIENTED_EDGE('',*,*,#14438,.T.);
#14438 = EDGE_CURVE('',#14431,#14439,#14441,.T.);
#14439 = VERTEX_POINT('',#14440);
#14440 = CARTESIAN_POINT('',(28.762,-44.686,1.585));
#14441 = LINE('',#14442,#14443);
#14442 = CARTESIAN_POINT('',(28.762,-42.774,1.585));
#14443 = VECTOR('',#14444,1.);
#14444 = DIRECTION('',(0.,-1.,0.));
#14445 = ORIENTED_EDGE('',*,*,#14446,.T.);
#14446 = EDGE_CURVE('',#14439,#14447,#14449,.T.);
#14447 = VERTEX_POINT('',#14448);
#14448 = CARTESIAN_POINT('',(30.912,-44.686,1.585));
#14449 = LINE('',#14450,#14451);
#14450 = CARTESIAN_POINT('',(28.762,-44.686,1.585));
#14451 = VECTOR('',#14452,1.);
#14452 = DIRECTION('',(1.,0.,0.));
#14453 = ORIENTED_EDGE('',*,*,#14454,.T.);
#14454 = EDGE_CURVE('',#14447,#14455,#14457,.T.);
#14455 = VERTEX_POINT('',#14456);
#14456 = CARTESIAN_POINT('',(30.912,-44.806,1.585));
#14457 = CIRCLE('',#14458,6.000000000042E-02);
#14458 = AXIS2_PLACEMENT_3D('',#14459,#14460,#14461);
#14459 = CARTESIAN_POINT('',(30.912000225588,-44.746,1.585));
#14460 = DIRECTION('',(0.,0.,-1.));
#14461 = DIRECTION('',(-3.75979413526E-06,0.999999999993,-0.));
#14462 = ORIENTED_EDGE('',*,*,#14463,.T.);
#14463 = EDGE_CURVE('',#14455,#14464,#14466,.T.);
#14464 = VERTEX_POINT('',#14465);
#14465 = CARTESIAN_POINT('',(28.762,-44.806,1.585));
#14466 = LINE('',#14467,#14468);
#14467 = CARTESIAN_POINT('',(30.912,-44.806,1.585));
#14468 = VECTOR('',#14469,1.);
#14469 = DIRECTION('',(-1.,0.,0.));
#14470 = ORIENTED_EDGE('',*,*,#14471,.T.);
#14471 = EDGE_CURVE('',#14464,#14472,#14474,.T.);
#14472 = VERTEX_POINT('',#14473);
#14473 = CARTESIAN_POINT('',(28.762,-45.194,1.585));
#14474 = LINE('',#14475,#14476);
#14475 = CARTESIAN_POINT('',(28.762,-44.806,1.585));
#14476 = VECTOR('',#14477,1.);
#14477 = DIRECTION('',(0.,-1.,0.));
#14478 = ORIENTED_EDGE('',*,*,#14479,.T.);
#14479 = EDGE_CURVE('',#14472,#14480,#14482,.T.);
#14480 = VERTEX_POINT('',#14481);
#14481 = CARTESIAN_POINT('',(30.912,-45.194,1.585));
#14482 = LINE('',#14483,#14484);
#14483 = CARTESIAN_POINT('',(28.762,-45.194,1.585));
#14484 = VECTOR('',#14485,1.);
#14485 = DIRECTION('',(1.,0.,0.));
#14486 = ORIENTED_EDGE('',*,*,#14487,.T.);
#14487 = EDGE_CURVE('',#14480,#14488,#14490,.T.);
#14488 = VERTEX_POINT('',#14489);
#14489 = CARTESIAN_POINT('',(30.912,-45.314,1.585));
#14490 = CIRCLE('',#14491,6.000000000042E-02);
#14491 = AXIS2_PLACEMENT_3D('',#14492,#14493,#14494);
#14492 = CARTESIAN_POINT('',(30.912000225588,-45.254,1.585));
#14493 = DIRECTION('',(0.,0.,-1.));
#14494 = DIRECTION('',(-3.759794076048E-06,0.999999999993,-0.));
#14495 = ORIENTED_EDGE('',*,*,#14496,.T.);
#14496 = EDGE_CURVE('',#14488,#14497,#14499,.T.);
#14497 = VERTEX_POINT('',#14498);
#14498 = CARTESIAN_POINT('',(28.762,-45.314,1.585));
#14499 = LINE('',#14500,#14501);
#14500 = CARTESIAN_POINT('',(30.912,-45.314,1.585));
#14501 = VECTOR('',#14502,1.);
#14502 = DIRECTION('',(-1.,0.,0.));
#14503 = ORIENTED_EDGE('',*,*,#14504,.T.);
#14504 = EDGE_CURVE('',#14497,#14505,#14507,.T.);
#14505 = VERTEX_POINT('',#14506);
#14506 = CARTESIAN_POINT('',(28.762,-47.226,1.585));
#14507 = LINE('',#14508,#14509);
#14508 = CARTESIAN_POINT('',(28.762,-45.314,1.585));
#14509 = VECTOR('',#14510,1.);
#14510 = DIRECTION('',(0.,-1.,0.));
#14511 = ORIENTED_EDGE('',*,*,#14512,.T.);
#14512 = EDGE_CURVE('',#14505,#14513,#14515,.T.);
#14513 = VERTEX_POINT('',#14514);
#14514 = CARTESIAN_POINT('',(30.912,-47.226,1.585));
#14515 = LINE('',#14516,#14517);
#14516 = CARTESIAN_POINT('',(28.762,-47.226,1.585));
#14517 = VECTOR('',#14518,1.);
#14518 = DIRECTION('',(1.,0.,0.));
#14519 = ORIENTED_EDGE('',*,*,#14520,.T.);
#14520 = EDGE_CURVE('',#14513,#14521,#14523,.T.);
#14521 = VERTEX_POINT('',#14522);
#14522 = CARTESIAN_POINT('',(30.912,-47.346,1.585));
#14523 = CIRCLE('',#14524,6.000000000042E-02);
#14524 = AXIS2_PLACEMENT_3D('',#14525,#14526,#14527);
#14525 = CARTESIAN_POINT('',(30.912000225588,-47.286,1.585));
#14526 = DIRECTION('',(0.,0.,-1.));
#14527 = DIRECTION('',(-3.759794076048E-06,0.999999999993,-0.));
#14528 = ORIENTED_EDGE('',*,*,#14529,.T.);
#14529 = EDGE_CURVE('',#14521,#14530,#14532,.T.);
#14530 = VERTEX_POINT('',#14531);
#14531 = CARTESIAN_POINT('',(28.762,-47.346,1.585));
#14532 = LINE('',#14533,#14534);
#14533 = CARTESIAN_POINT('',(30.912,-47.346,1.585));
#14534 = VECTOR('',#14535,1.);
#14535 = DIRECTION('',(-1.,0.,0.));
#14536 = ORIENTED_EDGE('',*,*,#14537,.T.);
#14537 = EDGE_CURVE('',#14530,#14538,#14540,.T.);
#14538 = VERTEX_POINT('',#14539);
#14539 = CARTESIAN_POINT('',(28.762,-47.734,1.585));
#14540 = LINE('',#14541,#14542);
#14541 = CARTESIAN_POINT('',(28.762,-47.346,1.585));
#14542 = VECTOR('',#14543,1.);
#14543 = DIRECTION('',(0.,-1.,0.));
#14544 = ORIENTED_EDGE('',*,*,#14545,.T.);
#14545 = EDGE_CURVE('',#14538,#14546,#14548,.T.);
#14546 = VERTEX_POINT('',#14547);
#14547 = CARTESIAN_POINT('',(30.912,-47.734,1.585));
#14548 = LINE('',#14549,#14550);
#14549 = CARTESIAN_POINT('',(28.762,-47.734,1.585));
#14550 = VECTOR('',#14551,1.);
#14551 = DIRECTION('',(1.,0.,0.));
#14552 = ORIENTED_EDGE('',*,*,#14553,.T.);
#14553 = EDGE_CURVE('',#14546,#14554,#14556,.T.);
#14554 = VERTEX_POINT('',#14555);
#14555 = CARTESIAN_POINT('',(30.912,-47.854,1.585));
#14556 = CIRCLE('',#14557,6.000000000042E-02);
#14557 = AXIS2_PLACEMENT_3D('',#14558,#14559,#14560);
#14558 = CARTESIAN_POINT('',(30.912000225588,-47.794,1.585));
#14559 = DIRECTION('',(0.,0.,-1.));
#14560 = DIRECTION('',(-3.75979413526E-06,0.999999999993,-0.));
#14561 = ORIENTED_EDGE('',*,*,#14562,.T.);
#14562 = EDGE_CURVE('',#14554,#14563,#14565,.T.);
#14563 = VERTEX_POINT('',#14564);
#14564 = CARTESIAN_POINT('',(28.762,-47.854,1.585));
#14565 = LINE('',#14566,#14567);
#14566 = CARTESIAN_POINT('',(30.912,-47.854,1.585));
#14567 = VECTOR('',#14568,1.);
#14568 = DIRECTION('',(-1.,0.,0.));
#14569 = ORIENTED_EDGE('',*,*,#14570,.T.);
#14570 = EDGE_CURVE('',#14563,#14571,#14573,.T.);
#14571 = VERTEX_POINT('',#14572);
#14572 = CARTESIAN_POINT('',(28.762,-48.81,1.585));
#14573 = LINE('',#14574,#14575);
#14574 = CARTESIAN_POINT('',(28.762,-47.854,1.585));
#14575 = VECTOR('',#14576,1.);
#14576 = DIRECTION('',(0.,-1.,0.));
#14577 = ORIENTED_EDGE('',*,*,#14578,.T.);
#14578 = EDGE_CURVE('',#14571,#14273,#14579,.T.);
#14579 = LINE('',#14580,#14581);
#14580 = CARTESIAN_POINT('',(28.762,-48.81,1.585));
#14581 = VECTOR('',#14582,1.);
#14582 = DIRECTION('',(-0.195081000118,-0.980787134598,0.));
#14583 = PLANE('',#14584);
#14584 = AXIS2_PLACEMENT_3D('',#14585,#14586,#14587);
#14585 = CARTESIAN_POINT('',(0.,0.,1.585));
#14586 = DIRECTION('',(0.,0.,1.));
#14587 = DIRECTION('',(1.,0.,-0.));
#14588 = SHELL_BASED_SURFACE_MODEL('',(#14589));
#14589 = OPEN_SHELL('',(#14590));
#14590 = ADVANCED_FACE('',(#14591),#14626,.T.);
#14591 = FACE_BOUND('',#14592,.F.);
#14592 = EDGE_LOOP('',(#14593,#14604,#14612,#14620));
#14593 = ORIENTED_EDGE('',*,*,#14594,.T.);
#14594 = EDGE_CURVE('',#14595,#14597,#14599,.T.);
#14595 = VERTEX_POINT('',#14596);
#14596 = CARTESIAN_POINT('',(50.362,-48.274,1.585));
#14597 = VERTEX_POINT('',#14598);
#14598 = CARTESIAN_POINT('',(50.362,-48.154,1.585));
#14599 = CIRCLE('',#14600,6.000000000042E-02);
#14600 = AXIS2_PLACEMENT_3D('',#14601,#14602,#14603);
#14601 = CARTESIAN_POINT('',(50.361999774412,-48.214,1.585));
#14602 = DIRECTION('',(0.,0.,-1.));
#14603 = DIRECTION('',(3.75979413526E-06,-0.999999999993,0.));
#14604 = ORIENTED_EDGE('',*,*,#14605,.T.);
#14605 = EDGE_CURVE('',#14597,#14606,#14608,.T.);
#14606 = VERTEX_POINT('',#14607);
#14607 = CARTESIAN_POINT('',(51.75,-48.154,1.585));
#14608 = LINE('',#14609,#14610);
#14609 = CARTESIAN_POINT('',(50.362,-48.154,1.585));
#14610 = VECTOR('',#14611,1.);
#14611 = DIRECTION('',(1.,0.,0.));
#14612 = ORIENTED_EDGE('',*,*,#14613,.T.);
#14613 = EDGE_CURVE('',#14606,#14614,#14616,.T.);
#14614 = VERTEX_POINT('',#14615);
#14615 = CARTESIAN_POINT('',(51.75,-48.274,1.585));
#14616 = LINE('',#14617,#14618);
#14617 = CARTESIAN_POINT('',(51.75,-48.154,1.585));
#14618 = VECTOR('',#14619,1.);
#14619 = DIRECTION('',(0.,-1.,0.));
#14620 = ORIENTED_EDGE('',*,*,#14621,.T.);
#14621 = EDGE_CURVE('',#14614,#14595,#14622,.T.);
#14622 = LINE('',#14623,#14624);
#14623 = CARTESIAN_POINT('',(51.75,-48.274,1.585));
#14624 = VECTOR('',#14625,1.);
#14625 = DIRECTION('',(-1.,0.,0.));
#14626 = PLANE('',#14627);
#14627 = AXIS2_PLACEMENT_3D('',#14628,#14629,#14630);
#14628 = CARTESIAN_POINT('',(0.,0.,1.585));
#14629 = DIRECTION('',(0.,0.,1.));
#14630 = DIRECTION('',(1.,0.,-0.));
#14631 = SHELL_BASED_SURFACE_MODEL('',(#14632));
#14632 = OPEN_SHELL('',(#14633));
#14633 = ADVANCED_FACE('',(#14634),#14669,.T.);
#14634 = FACE_BOUND('',#14635,.F.);
#14635 = EDGE_LOOP('',(#14636,#14647,#14655,#14663));
#14636 = ORIENTED_EDGE('',*,*,#14637,.T.);
#14637 = EDGE_CURVE('',#14638,#14640,#14642,.T.);
#14638 = VERTEX_POINT('',#14639);
#14639 = CARTESIAN_POINT('',(50.362,-47.766,1.585));
#14640 = VERTEX_POINT('',#14641);
#14641 = CARTESIAN_POINT('',(50.362,-47.646,1.585));
#14642 = CIRCLE('',#14643,6.000000000042E-02);
#14643 = AXIS2_PLACEMENT_3D('',#14644,#14645,#14646);
#14644 = CARTESIAN_POINT('',(50.361999774412,-47.706,1.585));
#14645 = DIRECTION('',(0.,0.,-1.));
#14646 = DIRECTION('',(3.759794253684E-06,-0.999999999993,0.));
#14647 = ORIENTED_EDGE('',*,*,#14648,.T.);
#14648 = EDGE_CURVE('',#14640,#14649,#14651,.T.);
#14649 = VERTEX_POINT('',#14650);
#14650 = CARTESIAN_POINT('',(51.75,-47.646,1.585));
#14651 = LINE('',#14652,#14653);
#14652 = CARTESIAN_POINT('',(50.362,-47.646,1.585));
#14653 = VECTOR('',#14654,1.);
#14654 = DIRECTION('',(1.,0.,0.));
#14655 = ORIENTED_EDGE('',*,*,#14656,.T.);
#14656 = EDGE_CURVE('',#14649,#14657,#14659,.T.);
#14657 = VERTEX_POINT('',#14658);
#14658 = CARTESIAN_POINT('',(51.75,-47.766,1.585));
#14659 = LINE('',#14660,#14661);
#14660 = CARTESIAN_POINT('',(51.75,-47.646,1.585));
#14661 = VECTOR('',#14662,1.);
#14662 = DIRECTION('',(0.,-1.,0.));
#14663 = ORIENTED_EDGE('',*,*,#14664,.T.);
#14664 = EDGE_CURVE('',#14657,#14638,#14665,.T.);
#14665 = LINE('',#14666,#14667);
#14666 = CARTESIAN_POINT('',(51.75,-47.766,1.585));
#14667 = VECTOR('',#14668,1.);
#14668 = DIRECTION('',(-1.,0.,0.));
#14669 = PLANE('',#14670);
#14670 = AXIS2_PLACEMENT_3D('',#14671,#14672,#14673);
#14671 = CARTESIAN_POINT('',(0.,0.,1.585));
#14672 = DIRECTION('',(0.,0.,1.));
#14673 = DIRECTION('',(1.,0.,-0.));
#14674 = SHELL_BASED_SURFACE_MODEL('',(#14675));
#14675 = OPEN_SHELL('',(#14676));
#14676 = ADVANCED_FACE('',(#14677),#14713,.T.);
#14677 = FACE_BOUND('',#14678,.F.);
#14678 = EDGE_LOOP('',(#14679,#14690,#14698,#14707));
#14679 = ORIENTED_EDGE('',*,*,#14680,.T.);
#14680 = EDGE_CURVE('',#14681,#14683,#14685,.T.);
#14681 = VERTEX_POINT('',#14682);
#14682 = CARTESIAN_POINT('',(43.613861,-46.991475,1.585));
#14683 = VERTEX_POINT('',#14684);
#14684 = CARTESIAN_POINT('',(43.613861,-46.871475,1.585));
#14685 = CIRCLE('',#14686,6.000000000043E-02);
#14686 = AXIS2_PLACEMENT_3D('',#14687,#14688,#14689);
#14687 = CARTESIAN_POINT('',(43.613860774412,-46.931475,1.585));
#14688 = DIRECTION('',(0.,0.,-1.));
#14689 = DIRECTION('',(3.759794016836E-06,-0.999999999993,0.));
#14690 = ORIENTED_EDGE('',*,*,#14691,.T.);
#14691 = EDGE_CURVE('',#14683,#14692,#14694,.T.);
#14692 = VERTEX_POINT('',#14693);
#14693 = CARTESIAN_POINT('',(45.613861,-46.871475,1.585));
#14694 = LINE('',#14695,#14696);
#14695 = CARTESIAN_POINT('',(43.613861,-46.871475,1.585));
#14696 = VECTOR('',#14697,1.);
#14697 = DIRECTION('',(1.,0.,0.));
#14698 = ORIENTED_EDGE('',*,*,#14699,.T.);
#14699 = EDGE_CURVE('',#14692,#14700,#14702,.T.);
#14700 = VERTEX_POINT('',#14701);
#14701 = CARTESIAN_POINT('',(45.613861,-46.991475,1.585));
#14702 = CIRCLE('',#14703,6.000000000043E-02);
#14703 = AXIS2_PLACEMENT_3D('',#14704,#14705,#14706);
#14704 = CARTESIAN_POINT('',(45.613861225588,-46.931475,1.585));
#14705 = DIRECTION('',(0.,0.,-1.));
#14706 = DIRECTION('',(-3.759794016836E-06,0.999999999993,-0.));
#14707 = ORIENTED_EDGE('',*,*,#14708,.T.);
#14708 = EDGE_CURVE('',#14700,#14681,#14709,.T.);
#14709 = LINE('',#14710,#14711);
#14710 = CARTESIAN_POINT('',(45.613861,-46.991475,1.585));
#14711 = VECTOR('',#14712,1.);
#14712 = DIRECTION('',(-1.,0.,0.));
#14713 = PLANE('',#14714);
#14714 = AXIS2_PLACEMENT_3D('',#14715,#14716,#14717);
#14715 = CARTESIAN_POINT('',(0.,0.,1.585));
#14716 = DIRECTION('',(0.,0.,1.));
#14717 = DIRECTION('',(1.,0.,-0.));
#14718 = SHELL_BASED_SURFACE_MODEL('',(#14719));
#14719 = OPEN_SHELL('',(#14720));
#14720 = ADVANCED_FACE('',(#14721),#14815,.T.);
#14721 = FACE_BOUND('',#14722,.F.);
#14722 = EDGE_LOOP('',(#14723,#14734,#14742,#14750,#14758,#14767,#14775,
    #14784,#14792,#14801,#14809));
#14723 = ORIENTED_EDGE('',*,*,#14724,.T.);
#14724 = EDGE_CURVE('',#14725,#14727,#14729,.T.);
#14725 = VERTEX_POINT('',#14726);
#14726 = CARTESIAN_POINT('',(37.821567,-46.517039,1.585));
#14727 = VERTEX_POINT('',#14728);
#14728 = CARTESIAN_POINT('',(37.932433,-46.517039,1.585));
#14729 = CIRCLE('',#14730,6.000020841631E-02);
#14730 = AXIS2_PLACEMENT_3D('',#14731,#14732,#14733);
#14731 = CARTESIAN_POINT('',(37.877,-46.54,1.585));
#14732 = DIRECTION('',(0.,0.,-1.));
#14733 = DIRECTION('',(-0.923880124139,0.382682004047,0.));
#14734 = ORIENTED_EDGE('',*,*,#14735,.T.);
#14735 = EDGE_CURVE('',#14727,#14736,#14738,.T.);
#14736 = VERTEX_POINT('',#14737);
#14737 = CARTESIAN_POINT('',(37.937,-46.575,1.585));
#14738 = LINE('',#14739,#14740);
#14739 = CARTESIAN_POINT('',(37.932433,-46.517039,1.585));
#14740 = VECTOR('',#14741,1.);
#14741 = DIRECTION('',(7.85508953971E-02,-0.99691010469,0.));
#14742 = ORIENTED_EDGE('',*,*,#14743,.T.);
#14743 = EDGE_CURVE('',#14736,#14744,#14746,.T.);
#14744 = VERTEX_POINT('',#14745);
#14745 = CARTESIAN_POINT('',(41.937,-46.575,1.585));
#14746 = LINE('',#14747,#14748);
#14747 = CARTESIAN_POINT('',(37.937,-46.575,1.585));
#14748 = VECTOR('',#14749,1.);
#14749 = DIRECTION('',(1.,0.,0.));
#14750 = ORIENTED_EDGE('',*,*,#14751,.T.);
#14751 = EDGE_CURVE('',#14744,#14752,#14754,.T.);
#14752 = VERTEX_POINT('',#14753);
#14753 = CARTESIAN_POINT('',(41.941567,-46.517039,1.585));
#14754 = LINE('',#14755,#14756);
#14755 = CARTESIAN_POINT('',(41.937,-46.575,1.585));
#14756 = VECTOR('',#14757,1.);
#14757 = DIRECTION('',(7.855089539723E-02,0.99691010469,0.));
#14758 = ORIENTED_EDGE('',*,*,#14759,.T.);
#14759 = EDGE_CURVE('',#14752,#14760,#14762,.T.);
#14760 = VERTEX_POINT('',#14761);
#14761 = CARTESIAN_POINT('',(42.057,-46.54,1.585));
#14762 = CIRCLE('',#14763,6.000007318647E-02);
#14763 = AXIS2_PLACEMENT_3D('',#14764,#14765,#14766);
#14764 = CARTESIAN_POINT('',(41.996999926814,-46.53999982331,1.585));
#14765 = DIRECTION('',(0.,0.,-1.));
#14766 = DIRECTION('',(-0.923880986637,0.382679921777,0.));
#14767 = ORIENTED_EDGE('',*,*,#14768,.T.);
#14768 = EDGE_CURVE('',#14760,#14769,#14771,.T.);
#14769 = VERTEX_POINT('',#14770);
#14770 = CARTESIAN_POINT('',(42.057,-46.635,1.585));
#14771 = LINE('',#14772,#14773);
#14772 = CARTESIAN_POINT('',(42.057,-46.54,1.585));
#14773 = VECTOR('',#14774,1.);
#14774 = DIRECTION('',(0.,-1.,0.));
#14775 = ORIENTED_EDGE('',*,*,#14776,.T.);
#14776 = EDGE_CURVE('',#14769,#14777,#14779,.T.);
#14777 = VERTEX_POINT('',#14778);
#14778 = CARTESIAN_POINT('',(41.997,-46.695,1.585));
#14779 = CIRCLE('',#14780,5.99993201626E-02);
#14780 = AXIS2_PLACEMENT_3D('',#14781,#14782,#14783);
#14781 = CARTESIAN_POINT('',(41.997000679841,-46.63500067984,1.585));
#14782 = DIRECTION('',(0.,0.,-1.));
#14783 = DIRECTION('',(0.999999999936,1.133081588457E-05,0.));
#14784 = ORIENTED_EDGE('',*,*,#14785,.T.);
#14785 = EDGE_CURVE('',#14777,#14786,#14788,.T.);
#14786 = VERTEX_POINT('',#14787);
#14787 = CARTESIAN_POINT('',(37.877,-46.695,1.585));
#14788 = LINE('',#14789,#14790);
#14789 = CARTESIAN_POINT('',(41.997,-46.695,1.585));
#14790 = VECTOR('',#14791,1.);
#14791 = DIRECTION('',(-1.,0.,0.));
#14792 = ORIENTED_EDGE('',*,*,#14793,.T.);
#14793 = EDGE_CURVE('',#14786,#14794,#14796,.T.);
#14794 = VERTEX_POINT('',#14795);
#14795 = CARTESIAN_POINT('',(37.817,-46.635,1.585));
#14796 = CIRCLE('',#14797,5.99993201626E-02);
#14797 = AXIS2_PLACEMENT_3D('',#14798,#14799,#14800);
#14798 = CARTESIAN_POINT('',(37.876999320159,-46.63500067984,1.585));
#14799 = DIRECTION('',(0.,0.,-1.));
#14800 = DIRECTION('',(1.133081588457E-05,-0.999999999936,0.));
#14801 = ORIENTED_EDGE('',*,*,#14802,.T.);
#14802 = EDGE_CURVE('',#14794,#14803,#14805,.T.);
#14803 = VERTEX_POINT('',#14804);
#14804 = CARTESIAN_POINT('',(37.817,-46.54,1.585));
#14805 = LINE('',#14806,#14807);
#14806 = CARTESIAN_POINT('',(37.817,-46.635,1.585));
#14807 = VECTOR('',#14808,1.);
#14808 = DIRECTION('',(0.,1.,0.));
#14809 = ORIENTED_EDGE('',*,*,#14810,.T.);
#14810 = EDGE_CURVE('',#14803,#14725,#14811,.T.);
#14811 = LINE('',#14812,#14813);
#14812 = CARTESIAN_POINT('',(37.817,-46.54,1.585));
#14813 = VECTOR('',#14814,1.);
#14814 = DIRECTION('',(0.195081000118,0.980787134598,0.));
#14815 = PLANE('',#14816);
#14816 = AXIS2_PLACEMENT_3D('',#14817,#14818,#14819);
#14817 = CARTESIAN_POINT('',(0.,0.,1.585));
#14818 = DIRECTION('',(0.,0.,1.));
#14819 = DIRECTION('',(1.,0.,-0.));
#14820 = SHELL_BASED_SURFACE_MODEL('',(#14821));
#14821 = OPEN_SHELL('',(#14822));
#14822 = ADVANCED_FACE('',(#14823),#14957,.T.);
#14823 = FACE_BOUND('',#14824,.F.);
#14824 = EDGE_LOOP('',(#14825,#14835,#14843,#14852,#14860,#14868,#14877,
    #14885,#14894,#14902,#14910,#14918,#14926,#14935,#14943,#14951));
#14825 = ORIENTED_EDGE('',*,*,#14826,.T.);
#14826 = EDGE_CURVE('',#14827,#14829,#14831,.T.);
#14827 = VERTEX_POINT('',#14828);
#14828 = CARTESIAN_POINT('',(45.446912,-44.901841,1.585));
#14829 = VERTEX_POINT('',#14830);
#14830 = CARTESIAN_POINT('',(45.485368,-44.88126,1.585));
#14831 = LINE('',#14832,#14833);
#14832 = CARTESIAN_POINT('',(45.446912,-44.901841,1.585));
#14833 = VECTOR('',#14834,1.);
#14834 = DIRECTION('',(0.881674852639,0.471857451169,0.));
#14835 = ORIENTED_EDGE('',*,*,#14836,.T.);
#14836 = EDGE_CURVE('',#14829,#14837,#14839,.T.);
#14837 = VERTEX_POINT('',#14838);
#14838 = CARTESIAN_POINT('',(45.507205,-44.88126,1.585));
#14839 = LINE('',#14840,#14841);
#14840 = CARTESIAN_POINT('',(45.485368,-44.88126,1.585));
#14841 = VECTOR('',#14842,1.);
#14842 = DIRECTION('',(1.,0.,0.));
#14843 = ORIENTED_EDGE('',*,*,#14844,.T.);
#14844 = EDGE_CURVE('',#14837,#14845,#14847,.T.);
#14845 = VERTEX_POINT('',#14846);
#14846 = CARTESIAN_POINT('',(45.575,-44.954819,1.585));
#14847 = CIRCLE('',#14848,7.216898094229E-02);
#14848 = AXIS2_PLACEMENT_3D('',#14849,#14850,#14851);
#14849 = CARTESIAN_POINT('',(45.502847063893,-44.95329728342,1.585));
#14850 = DIRECTION('',(0.,0.,-1.));
#14851 = DIRECTION('',(6.038516895264E-02,0.998175150648,0.));
#14852 = ORIENTED_EDGE('',*,*,#14853,.T.);
#14853 = EDGE_CURVE('',#14845,#14854,#14856,.T.);
#14854 = VERTEX_POINT('',#14855);
#14855 = CARTESIAN_POINT('',(45.575,-45.879819,1.585));
#14856 = LINE('',#14857,#14858);
#14857 = CARTESIAN_POINT('',(45.575,-44.954819,1.585));
#14858 = VECTOR('',#14859,1.);
#14859 = DIRECTION('',(0.,-1.,0.));
#14860 = ORIENTED_EDGE('',*,*,#14861,.T.);
#14861 = EDGE_CURVE('',#14854,#14862,#14864,.T.);
#14862 = VERTEX_POINT('',#14863);
#14863 = CARTESIAN_POINT('',(45.800346,-45.88126,1.585));
#14864 = LINE('',#14865,#14866);
#14865 = CARTESIAN_POINT('',(45.575,-45.879819,1.585));
#14866 = VECTOR('',#14867,1.);
#14867 = DIRECTION('',(0.999979555102,-6.394480216655E-03,0.));
#14868 = ORIENTED_EDGE('',*,*,#14869,.T.);
#14869 = EDGE_CURVE('',#14862,#14870,#14872,.T.);
#14870 = VERTEX_POINT('',#14871);
#14871 = CARTESIAN_POINT('',(45.785714,-46.029819,1.585));
#14872 = CIRCLE('',#14873,7.500006711464E-02);
#14873 = AXIS2_PLACEMENT_3D('',#14874,#14875,#14876);
#14874 = CARTESIAN_POINT('',(45.785714067115,-45.95481893288,1.585));
#14875 = DIRECTION('',(0.,0.,-1.));
#14876 = DIRECTION('',(0.195092263891,0.980784894138,0.));
#14877 = ORIENTED_EDGE('',*,*,#14878,.T.);
#14878 = EDGE_CURVE('',#14870,#14879,#14881,.T.);
#14879 = VERTEX_POINT('',#14880);
#14880 = CARTESIAN_POINT('',(45.199654,-46.028378,1.585));
#14881 = LINE('',#14882,#14883);
#14882 = CARTESIAN_POINT('',(45.785714,-46.029819,1.585));
#14883 = VECTOR('',#14884,1.);
#14884 = DIRECTION('',(-0.999996977183,2.458785182623E-03,0.));
#14885 = ORIENTED_EDGE('',*,*,#14886,.T.);
#14886 = EDGE_CURVE('',#14879,#14887,#14889,.T.);
#14887 = VERTEX_POINT('',#14888);
#14888 = CARTESIAN_POINT('',(45.214286,-45.879819,1.585));
#14889 = CIRCLE('',#14890,7.500006711464E-02);
#14890 = AXIS2_PLACEMENT_3D('',#14891,#14892,#14893);
#14891 = CARTESIAN_POINT('',(45.214285932885,-45.95481906711,1.585));
#14892 = DIRECTION('',(0.,0.,-1.));
#14893 = DIRECTION('',(-0.195092263891,-0.980784894138,-0.));
#14894 = ORIENTED_EDGE('',*,*,#14895,.T.);
#14895 = EDGE_CURVE('',#14887,#14896,#14898,.T.);
#14896 = VERTEX_POINT('',#14897);
#14897 = CARTESIAN_POINT('',(45.425,-45.879819,1.585));
#14898 = LINE('',#14899,#14900);
#14899 = CARTESIAN_POINT('',(45.214286,-45.879819,1.585));
#14900 = VECTOR('',#14901,1.);
#14901 = DIRECTION('',(1.,0.,0.));
#14902 = ORIENTED_EDGE('',*,*,#14903,.T.);
#14903 = EDGE_CURVE('',#14896,#14904,#14906,.T.);
#14904 = VERTEX_POINT('',#14905);
#14905 = CARTESIAN_POINT('',(45.425,-45.183504,1.585));
#14906 = LINE('',#14907,#14908);
#14907 = CARTESIAN_POINT('',(45.425,-45.879819,1.585));
#14908 = VECTOR('',#14909,1.);
#14909 = DIRECTION('',(0.,1.,0.));
#14910 = ORIENTED_EDGE('',*,*,#14911,.T.);
#14911 = EDGE_CURVE('',#14904,#14912,#14914,.T.);
#14912 = VERTEX_POINT('',#14913);
#14913 = CARTESIAN_POINT('',(45.349364,-45.256031,1.585));
#14914 = LINE('',#14915,#14916);
#14915 = CARTESIAN_POINT('',(45.425,-45.183504,1.585));
#14916 = VECTOR('',#14917,1.);
#14917 = DIRECTION('',(-0.721785571396,-0.692116745156,0.));
#14918 = ORIENTED_EDGE('',*,*,#14919,.T.);
#14919 = EDGE_CURVE('',#14912,#14920,#14922,.T.);
#14920 = VERTEX_POINT('',#14921);
#14921 = CARTESIAN_POINT('',(45.234095,-45.31287,1.585));
#14922 = LINE('',#14923,#14924);
#14923 = CARTESIAN_POINT('',(45.349364,-45.256031,1.585));
#14924 = VECTOR('',#14925,1.);
#14925 = DIRECTION('',(-0.896889346494,-0.442255017094,0.));
#14926 = ORIENTED_EDGE('',*,*,#14927,.T.);
#14927 = EDGE_CURVE('',#14920,#14928,#14930,.T.);
#14928 = VERTEX_POINT('',#14929);
#14929 = CARTESIAN_POINT('',(45.180745,-45.173451,1.585));
#14930 = CIRCLE('',#14931,7.500005272361E-02);
#14931 = AXIS2_PLACEMENT_3D('',#14932,#14933,#14934);
#14932 = CARTESIAN_POINT('',(45.21428555676,-45.24053332972,1.585));
#14933 = DIRECTION('',(0.,0.,-1.));
#14934 = DIRECTION('',(0.264125724196,-0.964488259036,0.));
#14935 = ORIENTED_EDGE('',*,*,#14936,.T.);
#14936 = EDGE_CURVE('',#14928,#14937,#14939,.T.);
#14937 = VERTEX_POINT('',#14938);
#14938 = CARTESIAN_POINT('',(45.265097,-45.131275,1.585));
#14939 = LINE('',#14940,#14941);
#14940 = CARTESIAN_POINT('',(45.180745,-45.173451,1.585));
#14941 = VECTOR('',#14942,1.);
#14942 = DIRECTION('',(0.894427191,0.4472135955,0.));
#14943 = ORIENTED_EDGE('',*,*,#14944,.T.);
#14944 = EDGE_CURVE('',#14937,#14945,#14947,.T.);
#14945 = VERTEX_POINT('',#14946);
#14946 = CARTESIAN_POINT('',(45.346476,-45.049896,1.585));
#14947 = LINE('',#14948,#14949);
#14948 = CARTESIAN_POINT('',(45.265097,-45.131275,1.585));
#14949 = VECTOR('',#14950,1.);
#14950 = DIRECTION('',(0.707106781187,0.707106781187,0.));
#14951 = ORIENTED_EDGE('',*,*,#14952,.T.);
#14952 = EDGE_CURVE('',#14945,#14827,#14953,.T.);
#14953 = LINE('',#14954,#14955);
#14954 = CARTESIAN_POINT('',(45.346476,-45.049896,1.585));
#14955 = VECTOR('',#14956,1.);
#14956 = DIRECTION('',(0.561387006404,0.82755339951,0.));
#14957 = PLANE('',#14958);
#14958 = AXIS2_PLACEMENT_3D('',#14959,#14960,#14961);
#14959 = CARTESIAN_POINT('',(0.,0.,1.585));
#14960 = DIRECTION('',(0.,0.,1.));
#14961 = DIRECTION('',(1.,0.,-0.));
#14962 = SHELL_BASED_SURFACE_MODEL('',(#14963));
#14963 = OPEN_SHELL('',(#14964));
#14964 = ADVANCED_FACE('',(#14965,#15076),#15128,.T.);
#14965 = FACE_BOUND('',#14966,.F.);
#14966 = EDGE_LOOP('',(#14967,#14978,#14986,#14995,#15003,#15012,#15020,
    #15028,#15037,#15045,#15053,#15061,#15070));
#14967 = ORIENTED_EDGE('',*,*,#14968,.T.);
#14968 = EDGE_CURVE('',#14969,#14971,#14973,.T.);
#14969 = VERTEX_POINT('',#14970);
#14970 = CARTESIAN_POINT('',(44.188346,-44.940187,1.585));
#14971 = VERTEX_POINT('',#14972);
#14972 = CARTESIAN_POINT('',(44.261905,-44.879819,1.585));
#14973 = CIRCLE('',#14974,7.500074938985E-02);
#14974 = AXIS2_PLACEMENT_3D('',#14975,#14976,#14977);
#14975 = CARTESIAN_POINT('',(44.26190546611,-44.95481974938,1.585));
#14976 = DIRECTION('',(0.,0.,-1.));
#14977 = DIRECTION('',(-0.980783081614,0.195101375752,0.));
#14978 = ORIENTED_EDGE('',*,*,#14979,.T.);
#14979 = EDGE_CURVE('',#14971,#14980,#14982,.T.);
#14980 = VERTEX_POINT('',#14981);
#14981 = CARTESIAN_POINT('',(44.657489,-44.88126,1.585));
#14982 = LINE('',#14983,#14984);
#14983 = CARTESIAN_POINT('',(44.261905,-44.879819,1.585));
#14984 = VECTOR('',#14985,1.);
#14985 = DIRECTION('',(0.999993365378,-3.64269141196E-03,0.));
#14986 = ORIENTED_EDGE('',*,*,#14987,.T.);
#14987 = EDGE_CURVE('',#14980,#14988,#14990,.T.);
#14988 = VERTEX_POINT('',#14989);
#14989 = CARTESIAN_POINT('',(44.906892,-45.130663,1.585));
#14990 = CIRCLE('',#14991,0.347870264855);
#14991 = AXIS2_PLACEMENT_3D('',#14992,#14993,#14994);
#14992 = CARTESIAN_POINT('',(44.570161265028,-45.21799073497,1.585));
#14993 = DIRECTION('',(0.,0.,-1.));
#14994 = DIRECTION('',(0.251035353678,0.967977918758,0.));
#14995 = ORIENTED_EDGE('',*,*,#14996,.T.);
#14996 = EDGE_CURVE('',#14988,#14997,#14999,.T.);
#14997 = VERTEX_POINT('',#14998);
#14998 = CARTESIAN_POINT('',(44.90567,-45.307962,1.585));
#14999 = LINE('',#15000,#15001);
#15000 = CARTESIAN_POINT('',(44.906892,-45.130663,1.585));
#15001 = VECTOR('',#15002,1.);
#15002 = DIRECTION('',(-6.892148157132E-03,-0.999976248865,0.));
#15003 = ORIENTED_EDGE('',*,*,#15004,.T.);
#15004 = EDGE_CURVE('',#14997,#15005,#15007,.T.);
#15005 = VERTEX_POINT('',#15006);
#15006 = CARTESIAN_POINT('',(44.657489,-45.552187,1.585));
#15007 = CIRCLE('',#15008,0.348632345849);
#15008 = AXIS2_PLACEMENT_3D('',#15009,#15010,#15011);
#15009 = CARTESIAN_POINT('',(44.569720194037,-45.2147834593,1.585));
#15010 = DIRECTION('',(0.,0.,-1.));
#15011 = DIRECTION('',(0.963622021775,-0.267268776985,0.));
#15012 = ORIENTED_EDGE('',*,*,#15013,.T.);
#15013 = EDGE_CURVE('',#15005,#15014,#15016,.T.);
#15014 = VERTEX_POINT('',#15015);
#15015 = CARTESIAN_POINT('',(44.643972,-45.553518,1.585));
#15016 = LINE('',#15017,#15018);
#15017 = CARTESIAN_POINT('',(44.657489,-45.552187,1.585));
#15018 = VECTOR('',#15019,1.);
#15019 = DIRECTION('',(-0.995186940545,-9.799465989929E-02,0.));
#15020 = ORIENTED_EDGE('',*,*,#15021,.T.);
#15021 = EDGE_CURVE('',#15014,#15022,#15024,.T.);
#15022 = VERTEX_POINT('',#15023);
#15023 = CARTESIAN_POINT('',(44.901986,-45.924623,1.585));
#15024 = LINE('',#15025,#15026);
#15025 = CARTESIAN_POINT('',(44.643972,-45.553518,1.585));
#15026 = VECTOR('',#15027,1.);
#15027 = DIRECTION('',(0.570846789809,-0.821056601316,0.));
#15028 = ORIENTED_EDGE('',*,*,#15029,.T.);
#15029 = EDGE_CURVE('',#15022,#15030,#15032,.T.);
#15030 = VERTEX_POINT('',#15031);
#15031 = CARTESIAN_POINT('',(44.771891,-45.997829,1.585));
#15032 = CIRCLE('',#15033,7.500005951703E-02);
#15033 = AXIS2_PLACEMENT_3D('',#15034,#15035,#15036);
#15034 = CARTESIAN_POINT('',(44.833333062942,-45.95481874739,1.585));
#15035 = DIRECTION('',(0.,0.,-1.));
#15036 = DIRECTION('',(0.915371767708,0.402609645791,0.));
#15037 = ORIENTED_EDGE('',*,*,#15038,.T.);
#15038 = EDGE_CURVE('',#15030,#15039,#15041,.T.);
#15039 = VERTEX_POINT('',#15040);
#15040 = CARTESIAN_POINT('',(44.460951,-45.553628,1.585));
#15041 = LINE('',#15042,#15043);
#15042 = CARTESIAN_POINT('',(44.771891,-45.997829,1.585));
#15043 = VECTOR('',#15044,1.);
#15044 = DIRECTION('',(-0.573461477921,0.819232527028,0.));
#15045 = ORIENTED_EDGE('',*,*,#15046,.T.);
#15046 = EDGE_CURVE('',#15039,#15047,#15049,.T.);
#15047 = VERTEX_POINT('',#15048);
#15048 = CARTESIAN_POINT('',(44.336905,-45.553628,1.585));
#15049 = LINE('',#15050,#15051);
#15050 = CARTESIAN_POINT('',(44.460951,-45.553628,1.585));
#15051 = VECTOR('',#15052,1.);
#15052 = DIRECTION('',(-1.,0.,0.));
#15053 = ORIENTED_EDGE('',*,*,#15054,.T.);
#15054 = EDGE_CURVE('',#15047,#15055,#15057,.T.);
#15055 = VERTEX_POINT('',#15056);
#15056 = CARTESIAN_POINT('',(44.335464,-45.969451,1.585));
#15057 = LINE('',#15058,#15059);
#15058 = CARTESIAN_POINT('',(44.336905,-45.553628,1.585));
#15059 = VECTOR('',#15060,1.);
#15060 = DIRECTION('',(-3.465395967783E-03,-0.999993995497,0.));
#15061 = ORIENTED_EDGE('',*,*,#15062,.T.);
#15062 = EDGE_CURVE('',#15055,#15063,#15065,.T.);
#15063 = VERTEX_POINT('',#15064);
#15064 = CARTESIAN_POINT('',(44.186905,-45.954819,1.585));
#15065 = CIRCLE('',#15066,7.500006711464E-02);
#15066 = AXIS2_PLACEMENT_3D('',#15067,#15068,#15069);
#15067 = CARTESIAN_POINT('',(44.261905067115,-45.95481906711,1.585));
#15068 = DIRECTION('',(-0.,0.,-1.));
#15069 = DIRECTION('',(0.980784894138,-0.195092263891,-0.));
#15070 = ORIENTED_EDGE('',*,*,#15071,.T.);
#15071 = EDGE_CURVE('',#15063,#14969,#15072,.T.);
#15072 = LINE('',#15073,#15074);
#15073 = CARTESIAN_POINT('',(44.186905,-45.954819,1.585));
#15074 = VECTOR('',#15075,1.);
#15075 = DIRECTION('',(1.420217918158E-03,0.99999899149,0.));
#15076 = FACE_BOUND('',#15077,.F.);
#15077 = EDGE_LOOP('',(#15078,#15089,#15097,#15105,#15113,#15122));
#15078 = ORIENTED_EDGE('',*,*,#15079,.T.);
#15079 = EDGE_CURVE('',#15080,#15082,#15084,.T.);
#15080 = VERTEX_POINT('',#15081);
#15081 = CARTESIAN_POINT('',(44.758333,-45.163,1.585));
#15082 = VERTEX_POINT('',#15083);
#15083 = CARTESIAN_POINT('',(44.625152,-45.029819,1.585));
#15084 = CIRCLE('',#15085,0.18686440374);
#15085 = AXIS2_PLACEMENT_3D('',#15086,#15087,#15088);
#15086 = CARTESIAN_POINT('',(44.577616,-45.210536,1.585));
#15087 = DIRECTION('',(0.,0.,1.));
#15088 = DIRECTION('',(0.967102328658,0.254387668538,-0.));
#15089 = ORIENTED_EDGE('',*,*,#15090,.T.);
#15090 = EDGE_CURVE('',#15082,#15091,#15093,.T.);
#15091 = VERTEX_POINT('',#15092);
#15092 = CARTESIAN_POINT('',(44.336905,-45.029819,1.585));
#15093 = LINE('',#15094,#15095);
#15094 = CARTESIAN_POINT('',(44.625152,-45.029819,1.585));
#15095 = VECTOR('',#15096,1.);
#15096 = DIRECTION('',(-1.,0.,0.));
#15097 = ORIENTED_EDGE('',*,*,#15098,.T.);
#15098 = EDGE_CURVE('',#15091,#15099,#15101,.T.);
#15099 = VERTEX_POINT('',#15100);
#15100 = CARTESIAN_POINT('',(44.336905,-45.403628,1.585));
#15101 = LINE('',#15102,#15103);
#15102 = CARTESIAN_POINT('',(44.336905,-45.029819,1.585));
#15103 = VECTOR('',#15104,1.);
#15104 = DIRECTION('',(0.,-1.,0.));
#15105 = ORIENTED_EDGE('',*,*,#15106,.T.);
#15106 = EDGE_CURVE('',#15099,#15107,#15109,.T.);
#15107 = VERTEX_POINT('',#15108);
#15108 = CARTESIAN_POINT('',(44.625152,-45.403628,1.585));
#15109 = LINE('',#15110,#15111);
#15110 = CARTESIAN_POINT('',(44.336905,-45.403628,1.585));
#15111 = VECTOR('',#15112,1.);
#15112 = DIRECTION('',(1.,0.,0.));
#15113 = ORIENTED_EDGE('',*,*,#15114,.T.);
#15114 = EDGE_CURVE('',#15107,#15115,#15117,.T.);
#15115 = VERTEX_POINT('',#15116);
#15116 = CARTESIAN_POINT('',(44.758333,-45.270447,1.585));
#15117 = CIRCLE('',#15118,0.18686440374);
#15118 = AXIS2_PLACEMENT_3D('',#15119,#15120,#15121);
#15119 = CARTESIAN_POINT('',(44.577616,-45.222911,1.585));
#15120 = DIRECTION('',(0.,0.,1.));
#15121 = DIRECTION('',(0.254387668537,-0.967102328658,0.));
#15122 = ORIENTED_EDGE('',*,*,#15123,.T.);
#15123 = EDGE_CURVE('',#15115,#15080,#15124,.T.);
#15124 = LINE('',#15125,#15126);
#15125 = CARTESIAN_POINT('',(44.758333,-45.270447,1.585));
#15126 = VECTOR('',#15127,1.);
#15127 = DIRECTION('',(0.,1.,0.));
#15128 = PLANE('',#15129);
#15129 = AXIS2_PLACEMENT_3D('',#15130,#15131,#15132);
#15130 = CARTESIAN_POINT('',(0.,0.,1.585));
#15131 = DIRECTION('',(0.,0.,1.));
#15132 = DIRECTION('',(1.,0.,-0.));
#15133 = SHELL_BASED_SURFACE_MODEL('',(#15134));
#15134 = OPEN_SHELL('',(#15135));
#15135 = ADVANCED_FACE('',(#15136),#15171,.T.);
#15136 = FACE_BOUND('',#15137,.F.);
#15137 = EDGE_LOOP('',(#15138,#15149,#15157,#15165));
#15138 = ORIENTED_EDGE('',*,*,#15139,.T.);
#15139 = EDGE_CURVE('',#15140,#15142,#15144,.T.);
#15140 = VERTEX_POINT('',#15141);
#15141 = CARTESIAN_POINT('',(50.362,-45.734,1.585));
#15142 = VERTEX_POINT('',#15143);
#15143 = CARTESIAN_POINT('',(50.362,-45.614,1.585));
#15144 = CIRCLE('',#15145,6.000000000043E-02);
#15145 = AXIS2_PLACEMENT_3D('',#15146,#15147,#15148);
#15146 = CARTESIAN_POINT('',(50.361999774412,-45.674,1.585));
#15147 = DIRECTION('',(0.,0.,-1.));
#15148 = DIRECTION('',(3.759794135259E-06,-0.999999999993,0.));
#15149 = ORIENTED_EDGE('',*,*,#15150,.T.);
#15150 = EDGE_CURVE('',#15142,#15151,#15153,.T.);
#15151 = VERTEX_POINT('',#15152);
#15152 = CARTESIAN_POINT('',(51.75,-45.614,1.585));
#15153 = LINE('',#15154,#15155);
#15154 = CARTESIAN_POINT('',(50.362,-45.614,1.585));
#15155 = VECTOR('',#15156,1.);
#15156 = DIRECTION('',(1.,0.,0.));
#15157 = ORIENTED_EDGE('',*,*,#15158,.T.);
#15158 = EDGE_CURVE('',#15151,#15159,#15161,.T.);
#15159 = VERTEX_POINT('',#15160);
#15160 = CARTESIAN_POINT('',(51.75,-45.734,1.585));
#15161 = LINE('',#15162,#15163);
#15162 = CARTESIAN_POINT('',(51.75,-45.614,1.585));
#15163 = VECTOR('',#15164,1.);
#15164 = DIRECTION('',(0.,-1.,0.));
#15165 = ORIENTED_EDGE('',*,*,#15166,.T.);
#15166 = EDGE_CURVE('',#15159,#15140,#15167,.T.);
#15167 = LINE('',#15168,#15169);
#15168 = CARTESIAN_POINT('',(51.75,-45.734,1.585));
#15169 = VECTOR('',#15170,1.);
#15170 = DIRECTION('',(-1.,0.,0.));
#15171 = PLANE('',#15172);
#15172 = AXIS2_PLACEMENT_3D('',#15173,#15174,#15175);
#15173 = CARTESIAN_POINT('',(0.,0.,1.585));
#15174 = DIRECTION('',(0.,0.,1.));
#15175 = DIRECTION('',(1.,0.,-0.));
#15176 = SHELL_BASED_SURFACE_MODEL('',(#15177));
#15177 = OPEN_SHELL('',(#15178));
#15178 = ADVANCED_FACE('',(#15179),#15214,.T.);
#15179 = FACE_BOUND('',#15180,.F.);
#15180 = EDGE_LOOP('',(#15181,#15192,#15200,#15208));
#15181 = ORIENTED_EDGE('',*,*,#15182,.T.);
#15182 = EDGE_CURVE('',#15183,#15185,#15187,.T.);
#15183 = VERTEX_POINT('',#15184);
#15184 = CARTESIAN_POINT('',(50.362,-45.226,1.585));
#15185 = VERTEX_POINT('',#15186);
#15186 = CARTESIAN_POINT('',(50.362,-45.106,1.585));
#15187 = CIRCLE('',#15188,6.000000000042E-02);
#15188 = AXIS2_PLACEMENT_3D('',#15189,#15190,#15191);
#15189 = CARTESIAN_POINT('',(50.361999774412,-45.166,1.585));
#15190 = DIRECTION('',(0.,0.,-1.));
#15191 = DIRECTION('',(3.75979413526E-06,-0.999999999993,0.));
#15192 = ORIENTED_EDGE('',*,*,#15193,.T.);
#15193 = EDGE_CURVE('',#15185,#15194,#15196,.T.);
#15194 = VERTEX_POINT('',#15195);
#15195 = CARTESIAN_POINT('',(51.75,-45.106,1.585));
#15196 = LINE('',#15197,#15198);
#15197 = CARTESIAN_POINT('',(50.362,-45.106,1.585));
#15198 = VECTOR('',#15199,1.);
#15199 = DIRECTION('',(1.,0.,0.));
#15200 = ORIENTED_EDGE('',*,*,#15201,.T.);
#15201 = EDGE_CURVE('',#15194,#15202,#15204,.T.);
#15202 = VERTEX_POINT('',#15203);
#15203 = CARTESIAN_POINT('',(51.75,-45.226,1.585));
#15204 = LINE('',#15205,#15206);
#15205 = CARTESIAN_POINT('',(51.75,-45.106,1.585));
#15206 = VECTOR('',#15207,1.);
#15207 = DIRECTION('',(0.,-1.,0.));
#15208 = ORIENTED_EDGE('',*,*,#15209,.T.);
#15209 = EDGE_CURVE('',#15202,#15183,#15210,.T.);
#15210 = LINE('',#15211,#15212);
#15211 = CARTESIAN_POINT('',(51.75,-45.226,1.585));
#15212 = VECTOR('',#15213,1.);
#15213 = DIRECTION('',(-1.,0.,0.));
#15214 = PLANE('',#15215);
#15215 = AXIS2_PLACEMENT_3D('',#15216,#15217,#15218);
#15216 = CARTESIAN_POINT('',(0.,0.,1.585));
#15217 = DIRECTION('',(0.,0.,1.));
#15218 = DIRECTION('',(1.,0.,-0.));
#15219 = SHELL_BASED_SURFACE_MODEL('',(#15220));
#15220 = OPEN_SHELL('',(#15221));
#15221 = ADVANCED_FACE('',(#15222),#15257,.T.);
#15222 = FACE_BOUND('',#15223,.F.);
#15223 = EDGE_LOOP('',(#15224,#15235,#15243,#15251));
#15224 = ORIENTED_EDGE('',*,*,#15225,.T.);
#15225 = EDGE_CURVE('',#15226,#15228,#15230,.T.);
#15226 = VERTEX_POINT('',#15227);
#15227 = CARTESIAN_POINT('',(50.362,-43.194,1.585));
#15228 = VERTEX_POINT('',#15229);
#15229 = CARTESIAN_POINT('',(50.362,-43.074,1.585));
#15230 = CIRCLE('',#15231,6.000000000043E-02);
#15231 = AXIS2_PLACEMENT_3D('',#15232,#15233,#15234);
#15232 = CARTESIAN_POINT('',(50.361999774412,-43.134,1.585));
#15233 = DIRECTION('',(0.,0.,-1.));
#15234 = DIRECTION('',(3.75979413526E-06,-0.999999999993,0.));
#15235 = ORIENTED_EDGE('',*,*,#15236,.T.);
#15236 = EDGE_CURVE('',#15228,#15237,#15239,.T.);
#15237 = VERTEX_POINT('',#15238);
#15238 = CARTESIAN_POINT('',(51.75,-43.074,1.585));
#15239 = LINE('',#15240,#15241);
#15240 = CARTESIAN_POINT('',(50.362,-43.074,1.585));
#15241 = VECTOR('',#15242,1.);
#15242 = DIRECTION('',(1.,0.,0.));
#15243 = ORIENTED_EDGE('',*,*,#15244,.T.);
#15244 = EDGE_CURVE('',#15237,#15245,#15247,.T.);
#15245 = VERTEX_POINT('',#15246);
#15246 = CARTESIAN_POINT('',(51.75,-43.194,1.585));
#15247 = LINE('',#15248,#15249);
#15248 = CARTESIAN_POINT('',(51.75,-43.074,1.585));
#15249 = VECTOR('',#15250,1.);
#15250 = DIRECTION('',(0.,-1.,0.));
#15251 = ORIENTED_EDGE('',*,*,#15252,.T.);
#15252 = EDGE_CURVE('',#15245,#15226,#15253,.T.);
#15253 = LINE('',#15254,#15255);
#15254 = CARTESIAN_POINT('',(51.75,-43.194,1.585));
#15255 = VECTOR('',#15256,1.);
#15256 = DIRECTION('',(-1.,0.,0.));
#15257 = PLANE('',#15258);
#15258 = AXIS2_PLACEMENT_3D('',#15259,#15260,#15261);
#15259 = CARTESIAN_POINT('',(0.,0.,1.585));
#15260 = DIRECTION('',(0.,0.,1.));
#15261 = DIRECTION('',(1.,0.,-0.));
#15262 = SHELL_BASED_SURFACE_MODEL('',(#15263));
#15263 = OPEN_SHELL('',(#15264));
#15264 = ADVANCED_FACE('',(#15265),#15300,.T.);
#15265 = FACE_BOUND('',#15266,.F.);
#15266 = EDGE_LOOP('',(#15267,#15278,#15286,#15294));
#15267 = ORIENTED_EDGE('',*,*,#15268,.T.);
#15268 = EDGE_CURVE('',#15269,#15271,#15273,.T.);
#15269 = VERTEX_POINT('',#15270);
#15270 = CARTESIAN_POINT('',(50.362,-42.686,1.585));
#15271 = VERTEX_POINT('',#15272);
#15272 = CARTESIAN_POINT('',(50.362,-42.566,1.585));
#15273 = CIRCLE('',#15274,6.000000000042E-02);
#15274 = AXIS2_PLACEMENT_3D('',#15275,#15276,#15277);
#15275 = CARTESIAN_POINT('',(50.361999774412,-42.626,1.585));
#15276 = DIRECTION('',(0.,0.,-1.));
#15277 = DIRECTION('',(3.759794253684E-06,-0.999999999993,0.));
#15278 = ORIENTED_EDGE('',*,*,#15279,.T.);
#15279 = EDGE_CURVE('',#15271,#15280,#15282,.T.);
#15280 = VERTEX_POINT('',#15281);
#15281 = CARTESIAN_POINT('',(51.75,-42.566,1.585));
#15282 = LINE('',#15283,#15284);
#15283 = CARTESIAN_POINT('',(50.362,-42.566,1.585));
#15284 = VECTOR('',#15285,1.);
#15285 = DIRECTION('',(1.,0.,0.));
#15286 = ORIENTED_EDGE('',*,*,#15287,.T.);
#15287 = EDGE_CURVE('',#15280,#15288,#15290,.T.);
#15288 = VERTEX_POINT('',#15289);
#15289 = CARTESIAN_POINT('',(51.75,-42.686,1.585));
#15290 = LINE('',#15291,#15292);
#15291 = CARTESIAN_POINT('',(51.75,-42.566,1.585));
#15292 = VECTOR('',#15293,1.);
#15293 = DIRECTION('',(0.,-1.,0.));
#15294 = ORIENTED_EDGE('',*,*,#15295,.T.);
#15295 = EDGE_CURVE('',#15288,#15269,#15296,.T.);
#15296 = LINE('',#15297,#15298);
#15297 = CARTESIAN_POINT('',(51.75,-42.686,1.585));
#15298 = VECTOR('',#15299,1.);
#15299 = DIRECTION('',(-1.,0.,0.));
#15300 = PLANE('',#15301);
#15301 = AXIS2_PLACEMENT_3D('',#15302,#15303,#15304);
#15302 = CARTESIAN_POINT('',(0.,0.,1.585));
#15303 = DIRECTION('',(0.,0.,1.));
#15304 = DIRECTION('',(1.,0.,-0.));
#15305 = SHELL_BASED_SURFACE_MODEL('',(#15306));
#15306 = OPEN_SHELL('',(#15307));
#15307 = ADVANCED_FACE('',(#15308),#15394,.T.);
#15308 = FACE_BOUND('',#15309,.F.);
#15309 = EDGE_LOOP('',(#15310,#15321,#15329,#15338,#15346,#15355,#15363,
    #15371,#15379,#15388));
#15310 = ORIENTED_EDGE('',*,*,#15311,.T.);
#15311 = EDGE_CURVE('',#15312,#15314,#15316,.T.);
#15312 = VERTEX_POINT('',#15313);
#15313 = CARTESIAN_POINT('',(37.817,-41.515,1.585));
#15314 = VERTEX_POINT('',#15315);
#15315 = CARTESIAN_POINT('',(37.877,-41.455,1.585));
#15316 = CIRCLE('',#15317,5.99993201626E-02);
#15317 = AXIS2_PLACEMENT_3D('',#15318,#15319,#15320);
#15318 = CARTESIAN_POINT('',(37.876999320159,-41.51499932015,1.585));
#15319 = DIRECTION('',(0.,0.,-1.));
#15320 = DIRECTION('',(-0.999999999936,-1.1330816003E-05,-0.));
#15321 = ORIENTED_EDGE('',*,*,#15322,.T.);
#15322 = EDGE_CURVE('',#15314,#15323,#15325,.T.);
#15323 = VERTEX_POINT('',#15324);
#15324 = CARTESIAN_POINT('',(41.997,-41.455,1.585));
#15325 = LINE('',#15326,#15327);
#15326 = CARTESIAN_POINT('',(37.877,-41.455,1.585));
#15327 = VECTOR('',#15328,1.);
#15328 = DIRECTION('',(1.,0.,0.));
#15329 = ORIENTED_EDGE('',*,*,#15330,.T.);
#15330 = EDGE_CURVE('',#15323,#15331,#15333,.T.);
#15331 = VERTEX_POINT('',#15332);
#15332 = CARTESIAN_POINT('',(42.057,-41.515,1.585));
#15333 = CIRCLE('',#15334,5.99993201626E-02);
#15334 = AXIS2_PLACEMENT_3D('',#15335,#15336,#15337);
#15335 = CARTESIAN_POINT('',(41.997000679841,-41.51499932015,1.585));
#15336 = DIRECTION('',(0.,0.,-1.));
#15337 = DIRECTION('',(-1.1330816003E-05,0.999999999936,0.));
#15338 = ORIENTED_EDGE('',*,*,#15339,.T.);
#15339 = EDGE_CURVE('',#15331,#15340,#15342,.T.);
#15340 = VERTEX_POINT('',#15341);
#15341 = CARTESIAN_POINT('',(42.057,-41.61,1.585));
#15342 = LINE('',#15343,#15344);
#15343 = CARTESIAN_POINT('',(42.057,-41.515,1.585));
#15344 = VECTOR('',#15345,1.);
#15345 = DIRECTION('',(0.,-1.,0.));
#15346 = ORIENTED_EDGE('',*,*,#15347,.T.);
#15347 = EDGE_CURVE('',#15340,#15348,#15350,.T.);
#15348 = VERTEX_POINT('',#15349);
#15349 = CARTESIAN_POINT('',(41.941567,-41.632961,1.585));
#15350 = CIRCLE('',#15351,6.000007318648E-02);
#15351 = AXIS2_PLACEMENT_3D('',#15352,#15353,#15354);
#15352 = CARTESIAN_POINT('',(41.996999926814,-41.61000017668,1.585));
#15353 = DIRECTION('',(0.,0.,-1.));
#15354 = DIRECTION('',(0.999999999996,2.944769248434E-06,0.));
#15355 = ORIENTED_EDGE('',*,*,#15356,.T.);
#15356 = EDGE_CURVE('',#15348,#15357,#15359,.T.);
#15357 = VERTEX_POINT('',#15358);
#15358 = CARTESIAN_POINT('',(41.937,-41.575,1.585));
#15359 = LINE('',#15360,#15361);
#15360 = CARTESIAN_POINT('',(41.941567,-41.632961,1.585));
#15361 = VECTOR('',#15362,1.);
#15362 = DIRECTION('',(-7.855089539724E-02,0.99691010469,0.));
#15363 = ORIENTED_EDGE('',*,*,#15364,.T.);
#15364 = EDGE_CURVE('',#15357,#15365,#15367,.T.);
#15365 = VERTEX_POINT('',#15366);
#15366 = CARTESIAN_POINT('',(37.937,-41.575,1.585));
#15367 = LINE('',#15368,#15369);
#15368 = CARTESIAN_POINT('',(41.937,-41.575,1.585));
#15369 = VECTOR('',#15370,1.);
#15370 = DIRECTION('',(-1.,0.,0.));
#15371 = ORIENTED_EDGE('',*,*,#15372,.T.);
#15372 = EDGE_CURVE('',#15365,#15373,#15375,.T.);
#15373 = VERTEX_POINT('',#15374);
#15374 = CARTESIAN_POINT('',(37.932433,-41.632961,1.585));
#15375 = LINE('',#15376,#15377);
#15376 = CARTESIAN_POINT('',(37.937,-41.575,1.585));
#15377 = VECTOR('',#15378,1.);
#15378 = DIRECTION('',(-7.855089539711E-02,-0.99691010469,0.));
#15379 = ORIENTED_EDGE('',*,*,#15380,.T.);
#15380 = EDGE_CURVE('',#15373,#15381,#15383,.T.);
#15381 = VERTEX_POINT('',#15382);
#15382 = CARTESIAN_POINT('',(37.817,-41.61,1.585));
#15383 = CIRCLE('',#15384,6.000007318648E-02);
#15384 = AXIS2_PLACEMENT_3D('',#15385,#15386,#15387);
#15385 = CARTESIAN_POINT('',(37.877000073186,-41.61000017668,1.585));
#15386 = DIRECTION('',(-0.,0.,-1.));
#15387 = DIRECTION('',(0.923880986637,-0.382679921777,-0.));
#15388 = ORIENTED_EDGE('',*,*,#15389,.T.);
#15389 = EDGE_CURVE('',#15381,#15312,#15390,.T.);
#15390 = LINE('',#15391,#15392);
#15391 = CARTESIAN_POINT('',(37.817,-41.61,1.585));
#15392 = VECTOR('',#15393,1.);
#15393 = DIRECTION('',(0.,1.,0.));
#15394 = PLANE('',#15395);
#15395 = AXIS2_PLACEMENT_3D('',#15396,#15397,#15398);
#15396 = CARTESIAN_POINT('',(0.,0.,1.585));
#15397 = DIRECTION('',(0.,0.,1.));
#15398 = DIRECTION('',(1.,0.,-0.));
#15399 = SHELL_BASED_SURFACE_MODEL('',(#15400));
#15400 = OPEN_SHELL('',(#15401));
#15401 = ADVANCED_FACE('',(#15402),#15488,.T.);
#15402 = FACE_BOUND('',#15403,.F.);
#15403 = EDGE_LOOP('',(#15404,#15415,#15423,#15432,#15440,#15449,#15457,
    #15466,#15474,#15482));
#15404 = ORIENTED_EDGE('',*,*,#15405,.T.);
#15405 = EDGE_CURVE('',#15406,#15408,#15410,.T.);
#15406 = VERTEX_POINT('',#15407);
#15407 = CARTESIAN_POINT('',(45.907171,-37.192459,1.585));
#15408 = VERTEX_POINT('',#15409);
#15409 = CARTESIAN_POINT('',(46.023839,-37.254819,1.585));
#15410 = CIRCLE('',#15411,7.500000000003E-02);
#15411 = AXIS2_PLACEMENT_3D('',#15412,#15413,#15414);
#15412 = CARTESIAN_POINT('',(45.948839,-37.25481906555,1.585));
#15413 = DIRECTION('',(0.,0.,-1.));
#15414 = DIRECTION('',(-0.555573333333,0.831467540731,0.));
#15415 = ORIENTED_EDGE('',*,*,#15416,.T.);
#15416 = EDGE_CURVE('',#15408,#15417,#15419,.T.);
#15417 = VERTEX_POINT('',#15418);
#15418 = CARTESIAN_POINT('',(46.021639,-37.985566,1.585));
#15419 = LINE('',#15420,#15421);
#15420 = CARTESIAN_POINT('',(46.023839,-37.254819,1.585));
#15421 = VECTOR('',#15422,1.);
#15422 = DIRECTION('',(-3.010604258201E-03,-0.999995468121,0.));
#15423 = ORIENTED_EDGE('',*,*,#15424,.T.);
#15424 = EDGE_CURVE('',#15417,#15425,#15427,.T.);
#15425 = VERTEX_POINT('',#15426);
#15426 = CARTESIAN_POINT('',(45.67053,-38.329089,1.585));
#15427 = CIRCLE('',#15428,0.38184101318);
#15428 = AXIS2_PLACEMENT_3D('',#15429,#15430,#15431);
#15429 = CARTESIAN_POINT('',(45.641616500324,-37.94834424444,1.585));
#15430 = DIRECTION('',(0.,0.,-1.));
#15431 = DIRECTION('',(0.995237511316,-9.747972132591E-02,0.));
#15432 = ORIENTED_EDGE('',*,*,#15433,.T.);
#15433 = EDGE_CURVE('',#15425,#15434,#15436,.T.);
#15434 = VERTEX_POINT('',#15435);
#15435 = CARTESIAN_POINT('',(45.553255,-38.328378,1.585));
#15436 = LINE('',#15437,#15438);
#15437 = CARTESIAN_POINT('',(45.67053,-38.329089,1.585));
#15438 = VECTOR('',#15439,1.);
#15439 = DIRECTION('',(-0.999981622503,6.062561787274E-03,0.));
#15440 = ORIENTED_EDGE('',*,*,#15441,.T.);
#15441 = EDGE_CURVE('',#15434,#15442,#15444,.T.);
#15442 = VERTEX_POINT('',#15443);
#15443 = CARTESIAN_POINT('',(45.567887,-38.179819,1.585));
#15444 = CIRCLE('',#15445,7.500006711464E-02);
#15445 = AXIS2_PLACEMENT_3D('',#15446,#15447,#15448);
#15446 = CARTESIAN_POINT('',(45.567886932885,-38.25481906711,1.585));
#15447 = DIRECTION('',(0.,0.,-1.));
#15448 = DIRECTION('',(-0.195092263891,-0.980784894138,-0.));
#15449 = ORIENTED_EDGE('',*,*,#15450,.T.);
#15450 = EDGE_CURVE('',#15442,#15451,#15453,.T.);
#15451 = VERTEX_POINT('',#15452);
#15452 = CARTESIAN_POINT('',(45.650955,-38.179819,1.585));
#15453 = LINE('',#15454,#15455);
#15454 = CARTESIAN_POINT('',(45.567887,-38.179819,1.585));
#15455 = VECTOR('',#15456,1.);
#15456 = DIRECTION('',(1.,0.,0.));
#15457 = ORIENTED_EDGE('',*,*,#15458,.T.);
#15458 = EDGE_CURVE('',#15451,#15459,#15461,.T.);
#15459 = VERTEX_POINT('',#15460);
#15460 = CARTESIAN_POINT('',(45.873839,-37.956934,1.585));
#15461 = CIRCLE('',#15462,0.239437351684);
#15462 = AXIS2_PLACEMENT_3D('',#15463,#15464,#15465);
#15463 = CARTESIAN_POINT('',(45.634937906584,-37.94091797844,1.585));
#15464 = DIRECTION('',(0.,0.,1.));
#15465 = DIRECTION('',(6.689471506016E-02,-0.997760039838,0.));
#15466 = ORIENTED_EDGE('',*,*,#15467,.T.);
#15467 = EDGE_CURVE('',#15459,#15468,#15470,.T.);
#15468 = VERTEX_POINT('',#15469);
#15469 = CARTESIAN_POINT('',(45.87528,-37.240187,1.585));
#15470 = LINE('',#15471,#15472);
#15471 = CARTESIAN_POINT('',(45.873839,-37.956934,1.585));
#15472 = VECTOR('',#15473,1.);
#15473 = DIRECTION('',(2.010468251347E-03,0.999997979007,0.));
#15474 = ORIENTED_EDGE('',*,*,#15475,.T.);
#15475 = EDGE_CURVE('',#15468,#15476,#15478,.T.);
#15476 = VERTEX_POINT('',#15477);
#15477 = CARTESIAN_POINT('',(45.886479,-37.213151,1.585));
#15478 = LINE('',#15479,#15480);
#15479 = CARTESIAN_POINT('',(45.87528,-37.240187,1.585));
#15480 = VECTOR('',#15481,1.);
#15481 = DIRECTION('',(0.38269282806,0.923875640631,0.));
#15482 = ORIENTED_EDGE('',*,*,#15483,.T.);
#15483 = EDGE_CURVE('',#15476,#15406,#15484,.T.);
#15484 = LINE('',#15485,#15486);
#15485 = CARTESIAN_POINT('',(45.886479,-37.213151,1.585));
#15486 = VECTOR('',#15487,1.);
#15487 = DIRECTION('',(0.707106781186,0.707106781187,0.));
#15488 = PLANE('',#15489);
#15489 = AXIS2_PLACEMENT_3D('',#15490,#15491,#15492);
#15490 = CARTESIAN_POINT('',(0.,0.,1.585));
#15491 = DIRECTION('',(0.,0.,1.));
#15492 = DIRECTION('',(1.,0.,-0.));
#15493 = SHELL_BASED_SURFACE_MODEL('',(#15494));
#15494 = OPEN_SHELL('',(#15495));
#15495 = ADVANCED_FACE('',(#15496),#15507,.T.);
#15496 = FACE_BOUND('',#15497,.T.);
#15497 = EDGE_LOOP('',(#15498));
#15498 = ORIENTED_EDGE('',*,*,#15499,.T.);
#15499 = EDGE_CURVE('',#15500,#15500,#15502,.T.);
#15500 = VERTEX_POINT('',#15501);
#15501 = CARTESIAN_POINT('',(35.017,-36.115,1.585));
#15502 = CIRCLE('',#15503,0.245);
#15503 = AXIS2_PLACEMENT_3D('',#15504,#15505,#15506);
#15504 = CARTESIAN_POINT('',(34.772,-36.115,1.585));
#15505 = DIRECTION('',(0.,0.,1.));
#15506 = DIRECTION('',(1.,0.,-0.));
#15507 = PLANE('',#15508);
#15508 = AXIS2_PLACEMENT_3D('',#15509,#15510,#15511);
#15509 = CARTESIAN_POINT('',(0.,0.,1.585));
#15510 = DIRECTION('',(0.,0.,1.));
#15511 = DIRECTION('',(1.,0.,-0.));
#15512 = SHELL_BASED_SURFACE_MODEL('',(#15513));
#15513 = OPEN_SHELL('',(#15514));
#15514 = ADVANCED_FACE('',(#15515,#15641),#15980,.T.);
#15515 = FACE_BOUND('',#15516,.F.);
#15516 = EDGE_LOOP('',(#15517,#15528,#15536,#15545,#15553,#15562,#15570,
    #15578,#15586,#15594,#15602,#15610,#15618,#15626,#15635));
#15517 = ORIENTED_EDGE('',*,*,#15518,.T.);
#15518 = EDGE_CURVE('',#15519,#15521,#15523,.T.);
#15519 = VERTEX_POINT('',#15520);
#15520 = CARTESIAN_POINT('',(34.089402,-35.350614,1.585));
#15521 = VERTEX_POINT('',#15522);
#15522 = CARTESIAN_POINT('',(34.187614,-35.252402,1.585));
#15523 = CIRCLE('',#15524,0.124998078635);
#15524 = AXIS2_PLACEMENT_3D('',#15525,#15526,#15527);
#15525 = CARTESIAN_POINT('',(34.211998547659,-35.37499854765,1.585));
#15526 = DIRECTION('',(0.,0.,-1.));
#15527 = DIRECTION('',(-0.980787456878,0.19507937982,0.));
#15528 = ORIENTED_EDGE('',*,*,#15529,.T.);
#15529 = EDGE_CURVE('',#15521,#15530,#15532,.T.);
#15530 = VERTEX_POINT('',#15531);
#15531 = CARTESIAN_POINT('',(47.036386,-35.252402,1.585));
#15532 = LINE('',#15533,#15534);
#15533 = CARTESIAN_POINT('',(34.187614,-35.252402,1.585));
#15534 = VECTOR('',#15535,1.);
#15535 = DIRECTION('',(1.,0.,0.));
#15536 = ORIENTED_EDGE('',*,*,#15537,.T.);
#15537 = EDGE_CURVE('',#15530,#15538,#15540,.T.);
#15538 = VERTEX_POINT('',#15539);
#15539 = CARTESIAN_POINT('',(47.134598,-35.350614,1.585));
#15540 = CIRCLE('',#15541,0.124998078635);
#15541 = AXIS2_PLACEMENT_3D('',#15542,#15543,#15544);
#15542 = CARTESIAN_POINT('',(47.012001452341,-35.37499854765,1.585));
#15543 = DIRECTION('',(0.,0.,-1.));
#15544 = DIRECTION('',(0.19507937982,0.980787456878,0.));
#15545 = ORIENTED_EDGE('',*,*,#15546,.T.);
#15546 = EDGE_CURVE('',#15538,#15547,#15549,.T.);
#15547 = VERTEX_POINT('',#15548);
#15548 = CARTESIAN_POINT('',(47.134598,-41.199386,1.585));
#15549 = LINE('',#15550,#15551);
#15550 = CARTESIAN_POINT('',(47.134598,-35.350614,1.585));
#15551 = VECTOR('',#15552,1.);
#15552 = DIRECTION('',(0.,-1.,0.));
#15553 = ORIENTED_EDGE('',*,*,#15554,.T.);
#15554 = EDGE_CURVE('',#15547,#15555,#15557,.T.);
#15555 = VERTEX_POINT('',#15556);
#15556 = CARTESIAN_POINT('',(47.036386,-41.297598,1.585));
#15557 = CIRCLE('',#15558,0.124998078635);
#15558 = AXIS2_PLACEMENT_3D('',#15559,#15560,#15561);
#15559 = CARTESIAN_POINT('',(47.012001452341,-41.17500145234,1.585));
#15560 = DIRECTION('',(0.,0.,-1.));
#15561 = DIRECTION('',(0.980787456878,-0.19507937982,0.));
#15562 = ORIENTED_EDGE('',*,*,#15563,.T.);
#15563 = EDGE_CURVE('',#15555,#15564,#15566,.T.);
#15564 = VERTEX_POINT('',#15565);
#15565 = CARTESIAN_POINT('',(37.62887,-41.3,1.585));
#15566 = LINE('',#15567,#15568);
#15567 = CARTESIAN_POINT('',(47.036386,-41.297598,1.585));
#15568 = VECTOR('',#15569,1.);
#15569 = DIRECTION('',(-0.999999967404,-2.553277530116E-04,0.));
#15570 = ORIENTED_EDGE('',*,*,#15571,.T.);
#15571 = EDGE_CURVE('',#15564,#15572,#15574,.T.);
#15572 = VERTEX_POINT('',#15573);
#15573 = CARTESIAN_POINT('',(37.625524,-41.31029,1.585));
#15574 = LINE('',#15575,#15576);
#15575 = CARTESIAN_POINT('',(37.62887,-41.3,1.585));
#15576 = VECTOR('',#15577,1.);
#15577 = DIRECTION('',(-0.309232350106,-0.950986516018,0.));
#15578 = ORIENTED_EDGE('',*,*,#15579,.T.);
#15579 = EDGE_CURVE('',#15572,#15580,#15582,.T.);
#15580 = VERTEX_POINT('',#15581);
#15581 = CARTESIAN_POINT('',(37.385524,-41.64029,1.585));
#15582 = LINE('',#15583,#15584);
#15583 = CARTESIAN_POINT('',(37.625524,-41.31029,1.585));
#15584 = VECTOR('',#15585,1.);
#15585 = DIRECTION('',(-0.588171697675,-0.808736084303,0.));
#15586 = ORIENTED_EDGE('',*,*,#15587,.T.);
#15587 = EDGE_CURVE('',#15580,#15588,#15590,.T.);
#15588 = VERTEX_POINT('',#15589);
#15589 = CARTESIAN_POINT('',(37.346358,-41.664266,1.585));
#15590 = LINE('',#15591,#15592);
#15591 = CARTESIAN_POINT('',(37.385524,-41.64029,1.585));
#15592 = VECTOR('',#15593,1.);
#15593 = DIRECTION('',(-0.852882175679,-0.522103432673,0.));
#15594 = ORIENTED_EDGE('',*,*,#15595,.T.);
#15595 = EDGE_CURVE('',#15588,#15596,#15598,.T.);
#15596 = VERTEX_POINT('',#15597);
#15597 = CARTESIAN_POINT('',(37.30171,-41.653524,1.585));
#15598 = LINE('',#15599,#15600);
#15599 = CARTESIAN_POINT('',(37.346358,-41.664266,1.585));
#15600 = VECTOR('',#15601,1.);
#15601 = DIRECTION('',(-0.972256295266,0.233918140202,0.));
#15602 = ORIENTED_EDGE('',*,*,#15603,.T.);
#15603 = EDGE_CURVE('',#15596,#15604,#15606,.T.);
#15604 = VERTEX_POINT('',#15605);
#15605 = CARTESIAN_POINT('',(37.048476,-41.31029,1.585));
#15606 = LINE('',#15607,#15608);
#15607 = CARTESIAN_POINT('',(37.30171,-41.653524,1.585));
#15608 = VECTOR('',#15609,1.);
#15609 = DIRECTION('',(-0.593692353743,0.804692108267,0.));
#15610 = ORIENTED_EDGE('',*,*,#15611,.T.);
#15611 = EDGE_CURVE('',#15604,#15612,#15614,.T.);
#15612 = VERTEX_POINT('',#15613);
#15613 = CARTESIAN_POINT('',(37.046,-41.3,1.585));
#15614 = LINE('',#15615,#15616);
#15615 = CARTESIAN_POINT('',(37.048476,-41.31029,1.585));
#15616 = VECTOR('',#15617,1.);
#15617 = DIRECTION('',(-0.233944681741,0.972249909172,0.));
#15618 = ORIENTED_EDGE('',*,*,#15619,.T.);
#15619 = EDGE_CURVE('',#15612,#15620,#15622,.T.);
#15620 = VERTEX_POINT('',#15621);
#15621 = CARTESIAN_POINT('',(34.187614,-41.297598,1.585));
#15622 = LINE('',#15623,#15624);
#15623 = CARTESIAN_POINT('',(37.046,-41.3,1.585));
#15624 = VECTOR('',#15625,1.);
#15625 = DIRECTION('',(-0.999999646919,8.403340738083E-04,0.));
#15626 = ORIENTED_EDGE('',*,*,#15627,.T.);
#15627 = EDGE_CURVE('',#15620,#15628,#15630,.T.);
#15628 = VERTEX_POINT('',#15629);
#15629 = CARTESIAN_POINT('',(34.089402,-41.199386,1.585));
#15630 = CIRCLE('',#15631,0.124998078635);
#15631 = AXIS2_PLACEMENT_3D('',#15632,#15633,#15634);
#15632 = CARTESIAN_POINT('',(34.211998547659,-41.17500145234,1.585));
#15633 = DIRECTION('',(0.,0.,-1.));
#15634 = DIRECTION('',(-0.19507937982,-0.980787456878,-0.));
#15635 = ORIENTED_EDGE('',*,*,#15636,.T.);
#15636 = EDGE_CURVE('',#15628,#15519,#15637,.T.);
#15637 = LINE('',#15638,#15639);
#15638 = CARTESIAN_POINT('',(34.089402,-41.199386,1.585));
#15639 = VECTOR('',#15640,1.);
#15640 = DIRECTION('',(0.,1.,0.));
#15641 = FACE_BOUND('',#15642,.F.);
#15642 = EDGE_LOOP('',(#15643,#15653,#15661,#15669,#15677,#15685,#15693,
    #15702,#15710,#15718,#15726,#15735,#15743,#15751,#15759,#15768,
    #15776,#15784,#15792,#15800,#15808,#15816,#15825,#15833,#15841,
    #15849,#15858,#15866,#15874,#15882,#15890,#15899,#15907,#15915,
    #15924,#15932,#15941,#15949,#15957,#15965,#15974));
#15643 = ORIENTED_EDGE('',*,*,#15644,.T.);
#15644 = EDGE_CURVE('',#15645,#15647,#15649,.T.);
#15645 = VERTEX_POINT('',#15646);
#15646 = CARTESIAN_POINT('',(46.887,-37.522366,1.585));
#15647 = VERTEX_POINT('',#15648);
#15648 = CARTESIAN_POINT('',(46.887,-35.5,1.585));
#15649 = LINE('',#15650,#15651);
#15650 = CARTESIAN_POINT('',(46.887,-37.522366,1.585));
#15651 = VECTOR('',#15652,1.);
#15652 = DIRECTION('',(0.,1.,0.));
#15653 = ORIENTED_EDGE('',*,*,#15654,.T.);
#15654 = EDGE_CURVE('',#15647,#15655,#15657,.T.);
#15655 = VERTEX_POINT('',#15656);
#15656 = CARTESIAN_POINT('',(34.337,-35.5,1.585));
#15657 = LINE('',#15658,#15659);
#15658 = CARTESIAN_POINT('',(46.887,-35.5,1.585));
#15659 = VECTOR('',#15660,1.);
#15660 = DIRECTION('',(-1.,0.,0.));
#15661 = ORIENTED_EDGE('',*,*,#15662,.T.);
#15662 = EDGE_CURVE('',#15655,#15663,#15665,.T.);
#15663 = VERTEX_POINT('',#15664);
#15664 = CARTESIAN_POINT('',(34.337,-41.05,1.585));
#15665 = LINE('',#15666,#15667);
#15666 = CARTESIAN_POINT('',(34.337,-35.5,1.585));
#15667 = VECTOR('',#15668,1.);
#15668 = DIRECTION('',(0.,-1.,0.));
#15669 = ORIENTED_EDGE('',*,*,#15670,.T.);
#15670 = EDGE_CURVE('',#15663,#15671,#15673,.T.);
#15671 = VERTEX_POINT('',#15672);
#15672 = CARTESIAN_POINT('',(39.146572,-41.05,1.585));
#15673 = LINE('',#15674,#15675);
#15674 = CARTESIAN_POINT('',(34.337,-41.05,1.585));
#15675 = VECTOR('',#15676,1.);
#15676 = DIRECTION('',(1.,0.,0.));
#15677 = ORIENTED_EDGE('',*,*,#15678,.T.);
#15678 = EDGE_CURVE('',#15671,#15679,#15681,.T.);
#15679 = VERTEX_POINT('',#15680);
#15680 = CARTESIAN_POINT('',(39.101536,-40.953974,1.585));
#15681 = LINE('',#15682,#15683);
#15682 = CARTESIAN_POINT('',(39.146572,-41.05,1.585));
#15683 = VECTOR('',#15684,1.);
#15684 = DIRECTION('',(-0.424617936623,0.905372634829,0.));
#15685 = ORIENTED_EDGE('',*,*,#15686,.T.);
#15686 = EDGE_CURVE('',#15679,#15687,#15689,.T.);
#15687 = VERTEX_POINT('',#15688);
#15688 = CARTESIAN_POINT('',(39.101536,-40.115187,1.585));
#15689 = LINE('',#15690,#15691);
#15690 = CARTESIAN_POINT('',(39.101536,-40.953974,1.585));
#15691 = VECTOR('',#15692,1.);
#15692 = DIRECTION('',(0.,1.,0.));
#15693 = ORIENTED_EDGE('',*,*,#15694,.T.);
#15694 = EDGE_CURVE('',#15687,#15695,#15697,.T.);
#15695 = VERTEX_POINT('',#15696);
#15696 = CARTESIAN_POINT('',(39.250095,-40.129819,1.585));
#15697 = CIRCLE('',#15698,7.500006711464E-02);
#15698 = AXIS2_PLACEMENT_3D('',#15699,#15700,#15701);
#15699 = CARTESIAN_POINT('',(39.175094932885,-40.12981893288,1.585));
#15700 = DIRECTION('',(0.,0.,-1.));
#15701 = DIRECTION('',(-0.980784894138,0.195092263891,0.));
#15702 = ORIENTED_EDGE('',*,*,#15703,.T.);
#15703 = EDGE_CURVE('',#15695,#15704,#15706,.T.);
#15704 = VERTEX_POINT('',#15705);
#15705 = CARTESIAN_POINT('',(39.250095,-40.921637,1.585));
#15706 = LINE('',#15707,#15708);
#15707 = CARTESIAN_POINT('',(39.250095,-40.129819,1.585));
#15708 = VECTOR('',#15709,1.);
#15709 = DIRECTION('',(0.,-1.,0.));
#15710 = ORIENTED_EDGE('',*,*,#15711,.T.);
#15711 = EDGE_CURVE('',#15704,#15712,#15714,.T.);
#15712 = VERTEX_POINT('',#15713);
#15713 = CARTESIAN_POINT('',(39.284353,-40.990153,1.585));
#15714 = LINE('',#15715,#15716);
#15715 = CARTESIAN_POINT('',(39.250095,-40.921637,1.585));
#15716 = VECTOR('',#15717,1.);
#15717 = DIRECTION('',(0.4472135955,-0.894427191,0.));
#15718 = ORIENTED_EDGE('',*,*,#15719,.T.);
#15719 = EDGE_CURVE('',#15712,#15720,#15722,.T.);
#15720 = VERTEX_POINT('',#15721);
#15721 = CARTESIAN_POINT('',(39.31476,-41.020561,1.585));
#15722 = LINE('',#15723,#15724);
#15723 = CARTESIAN_POINT('',(39.284353,-40.990153,1.585));
#15724 = VECTOR('',#15725,1.);
#15725 = DIRECTION('',(0.707095153914,-0.707118408268,0.));
#15726 = ORIENTED_EDGE('',*,*,#15727,.T.);
#15727 = EDGE_CURVE('',#15720,#15728,#15730,.T.);
#15728 = VERTEX_POINT('',#15729);
#15729 = CARTESIAN_POINT('',(39.606857,-41.020561,1.585));
#15730 = CIRCLE('',#15731,0.26281589726);
#15731 = AXIS2_PLACEMENT_3D('',#15732,#15733,#15734);
#15732 = CARTESIAN_POINT('',(39.4608085,-40.8020615,1.585));
#15733 = DIRECTION('',(0.,0.,1.));
#15734 = DIRECTION('',(-0.555706490828,-0.831378551595,0.));
#15735 = ORIENTED_EDGE('',*,*,#15736,.T.);
#15736 = EDGE_CURVE('',#15728,#15737,#15739,.T.);
#15737 = VERTEX_POINT('',#15738);
#15738 = CARTESIAN_POINT('',(39.637264,-40.990153,1.585));
#15739 = LINE('',#15740,#15741);
#15740 = CARTESIAN_POINT('',(39.606857,-41.020561,1.585));
#15741 = VECTOR('',#15742,1.);
#15742 = DIRECTION('',(0.707095153914,0.707118408268,0.));
#15743 = ORIENTED_EDGE('',*,*,#15744,.T.);
#15744 = EDGE_CURVE('',#15737,#15745,#15747,.T.);
#15745 = VERTEX_POINT('',#15746);
#15746 = CARTESIAN_POINT('',(39.671523,-40.921637,1.585));
#15747 = LINE('',#15748,#15749);
#15748 = CARTESIAN_POINT('',(39.637264,-40.990153,1.585));
#15749 = VECTOR('',#15750,1.);
#15750 = DIRECTION('',(0.447224038834,0.894421969257,0.));
#15751 = ORIENTED_EDGE('',*,*,#15752,.T.);
#15752 = EDGE_CURVE('',#15745,#15753,#15755,.T.);
#15753 = VERTEX_POINT('',#15754);
#15754 = CARTESIAN_POINT('',(39.672964,-40.115187,1.585));
#15755 = LINE('',#15756,#15757);
#15756 = CARTESIAN_POINT('',(39.671523,-40.921637,1.585));
#15757 = VECTOR('',#15758,1.);
#15758 = DIRECTION('',(1.786840721168E-03,0.999998403599,0.));
#15759 = ORIENTED_EDGE('',*,*,#15760,.T.);
#15760 = EDGE_CURVE('',#15753,#15761,#15763,.T.);
#15761 = VERTEX_POINT('',#15762);
#15762 = CARTESIAN_POINT('',(39.821523,-40.129819,1.585));
#15763 = CIRCLE('',#15764,7.500006711464E-02);
#15764 = AXIS2_PLACEMENT_3D('',#15765,#15766,#15767);
#15765 = CARTESIAN_POINT('',(39.746522932885,-40.12981893288,1.585));
#15766 = DIRECTION('',(0.,0.,-1.));
#15767 = DIRECTION('',(-0.980784894138,0.195092263891,0.));
#15768 = ORIENTED_EDGE('',*,*,#15769,.T.);
#15769 = EDGE_CURVE('',#15761,#15770,#15772,.T.);
#15770 = VERTEX_POINT('',#15771);
#15771 = CARTESIAN_POINT('',(39.81886,-40.959152,1.585));
#15772 = LINE('',#15773,#15774);
#15773 = CARTESIAN_POINT('',(39.821523,-40.129819,1.585));
#15774 = VECTOR('',#15775,1.);
#15775 = DIRECTION('',(-3.210997598702E-03,-0.999994844734,0.));
#15776 = ORIENTED_EDGE('',*,*,#15777,.T.);
#15777 = EDGE_CURVE('',#15770,#15778,#15780,.T.);
#15778 = VERTEX_POINT('',#15779);
#15779 = CARTESIAN_POINT('',(39.775046,-41.05,1.585));
#15780 = LINE('',#15781,#15782);
#15781 = CARTESIAN_POINT('',(39.81886,-40.959152,1.585));
#15782 = VECTOR('',#15783,1.);
#15783 = DIRECTION('',(-0.434398016027,-0.900721024331,0.));
#15784 = ORIENTED_EDGE('',*,*,#15785,.T.);
#15785 = EDGE_CURVE('',#15778,#15786,#15788,.T.);
#15786 = VERTEX_POINT('',#15787);
#15787 = CARTESIAN_POINT('',(40.385809,-41.05,1.585));
#15788 = LINE('',#15789,#15790);
#15789 = CARTESIAN_POINT('',(39.775046,-41.05,1.585));
#15790 = VECTOR('',#15791,1.);
#15791 = DIRECTION('',(1.,0.,0.));
#15792 = ORIENTED_EDGE('',*,*,#15793,.T.);
#15793 = EDGE_CURVE('',#15786,#15794,#15796,.T.);
#15794 = VERTEX_POINT('',#15795);
#15795 = CARTESIAN_POINT('',(40.385809,-40.358504,1.585));
#15796 = LINE('',#15797,#15798);
#15797 = CARTESIAN_POINT('',(40.385809,-41.05,1.585));
#15798 = VECTOR('',#15799,1.);
#15799 = DIRECTION('',(0.,1.,0.));
#15800 = ORIENTED_EDGE('',*,*,#15801,.T.);
#15801 = EDGE_CURVE('',#15794,#15802,#15804,.T.);
#15802 = VERTEX_POINT('',#15803);
#15803 = CARTESIAN_POINT('',(40.310173,-40.431031,1.585));
#15804 = LINE('',#15805,#15806);
#15805 = CARTESIAN_POINT('',(40.385809,-40.358504,1.585));
#15806 = VECTOR('',#15807,1.);
#15807 = DIRECTION('',(-0.721785571396,-0.692116745156,0.));
#15808 = ORIENTED_EDGE('',*,*,#15809,.T.);
#15809 = EDGE_CURVE('',#15802,#15810,#15812,.T.);
#15810 = VERTEX_POINT('',#15811);
#15811 = CARTESIAN_POINT('',(40.194904,-40.48787,1.585));
#15812 = LINE('',#15813,#15814);
#15813 = CARTESIAN_POINT('',(40.310173,-40.431031,1.585));
#15814 = VECTOR('',#15815,1.);
#15815 = DIRECTION('',(-0.896889346494,-0.442255017094,0.));
#15816 = ORIENTED_EDGE('',*,*,#15817,.T.);
#15817 = EDGE_CURVE('',#15810,#15818,#15820,.T.);
#15818 = VERTEX_POINT('',#15819);
#15819 = CARTESIAN_POINT('',(40.141554,-40.348451,1.585));
#15820 = CIRCLE('',#15821,7.500005272362E-02);
#15821 = AXIS2_PLACEMENT_3D('',#15822,#15823,#15824);
#15822 = CARTESIAN_POINT('',(40.17509455676,-40.41553332972,1.585));
#15823 = DIRECTION('',(0.,0.,-1.));
#15824 = DIRECTION('',(0.264125724196,-0.964488259036,0.));
#15825 = ORIENTED_EDGE('',*,*,#15826,.T.);
#15826 = EDGE_CURVE('',#15818,#15827,#15829,.T.);
#15827 = VERTEX_POINT('',#15828);
#15828 = CARTESIAN_POINT('',(40.225906,-40.306275,1.585));
#15829 = LINE('',#15830,#15831);
#15830 = CARTESIAN_POINT('',(40.141554,-40.348451,1.585));
#15831 = VECTOR('',#15832,1.);
#15832 = DIRECTION('',(0.894427191,0.4472135955,0.));
#15833 = ORIENTED_EDGE('',*,*,#15834,.T.);
#15834 = EDGE_CURVE('',#15827,#15835,#15837,.T.);
#15835 = VERTEX_POINT('',#15836);
#15836 = CARTESIAN_POINT('',(40.307285,-40.224896,1.585));
#15837 = LINE('',#15838,#15839);
#15838 = CARTESIAN_POINT('',(40.225906,-40.306275,1.585));
#15839 = VECTOR('',#15840,1.);
#15840 = DIRECTION('',(0.707106781187,0.707106781187,0.));
#15841 = ORIENTED_EDGE('',*,*,#15842,.T.);
#15842 = EDGE_CURVE('',#15835,#15843,#15845,.T.);
#15843 = VERTEX_POINT('',#15844);
#15844 = CARTESIAN_POINT('',(40.407721,-40.076841,1.585));
#15845 = LINE('',#15846,#15847);
#15846 = CARTESIAN_POINT('',(40.307285,-40.224896,1.585));
#15847 = VECTOR('',#15848,1.);
#15848 = DIRECTION('',(0.561387006404,0.82755339951,0.));
#15849 = ORIENTED_EDGE('',*,*,#15850,.T.);
#15850 = EDGE_CURVE('',#15843,#15851,#15853,.T.);
#15851 = VERTEX_POINT('',#15852);
#15852 = CARTESIAN_POINT('',(40.535809,-40.129819,1.585));
#15853 = CIRCLE('',#15854,7.499993751709E-02);
#15854 = AXIS2_PLACEMENT_3D('',#15855,#15856,#15857);
#15855 = CARTESIAN_POINT('',(40.460809062483,-40.12981880902,1.585));
#15856 = DIRECTION('',(0.,0.,-1.));
#15857 = DIRECTION('',(-0.707841422815,0.706371375515,0.));
#15858 = ORIENTED_EDGE('',*,*,#15859,.T.);
#15859 = EDGE_CURVE('',#15851,#15860,#15862,.T.);
#15860 = VERTEX_POINT('',#15861);
#15861 = CARTESIAN_POINT('',(40.535809,-41.05,1.585));
#15862 = LINE('',#15863,#15864);
#15863 = CARTESIAN_POINT('',(40.535809,-40.129819,1.585));
#15864 = VECTOR('',#15865,1.);
#15865 = DIRECTION('',(0.,-1.,0.));
#15866 = ORIENTED_EDGE('',*,*,#15867,.T.);
#15867 = EDGE_CURVE('',#15860,#15868,#15870,.T.);
#15868 = VERTEX_POINT('',#15869);
#15869 = CARTESIAN_POINT('',(46.887,-41.05,1.585));
#15870 = LINE('',#15871,#15872);
#15871 = CARTESIAN_POINT('',(40.535809,-41.05,1.585));
#15872 = VECTOR('',#15873,1.);
#15873 = DIRECTION('',(1.,0.,0.));
#15874 = ORIENTED_EDGE('',*,*,#15875,.T.);
#15875 = EDGE_CURVE('',#15868,#15876,#15878,.T.);
#15876 = VERTEX_POINT('',#15877);
#15877 = CARTESIAN_POINT('',(46.887,-38.320604,1.585));
#15878 = LINE('',#15879,#15880);
#15879 = CARTESIAN_POINT('',(46.887,-41.05,1.585));
#15880 = VECTOR('',#15881,1.);
#15881 = DIRECTION('',(0.,1.,0.));
#15882 = ORIENTED_EDGE('',*,*,#15883,.T.);
#15883 = EDGE_CURVE('',#15876,#15884,#15886,.T.);
#15884 = VERTEX_POINT('',#15885);
#15885 = CARTESIAN_POINT('',(46.868233,-38.328378,1.585));
#15886 = LINE('',#15887,#15888);
#15887 = CARTESIAN_POINT('',(46.887,-38.320604,1.585));
#15888 = VECTOR('',#15889,1.);
#15889 = DIRECTION('',(-0.923871629181,-0.382702512136,0.));
#15890 = ORIENTED_EDGE('',*,*,#15891,.T.);
#15891 = EDGE_CURVE('',#15884,#15892,#15894,.T.);
#15892 = VERTEX_POINT('',#15893);
#15893 = CARTESIAN_POINT('',(46.778601,-38.254819,1.585));
#15894 = CIRCLE('',#15895,7.500031352421E-02);
#15895 = AXIS2_PLACEMENT_3D('',#15896,#15897,#15898);
#15896 = CARTESIAN_POINT('',(46.853601313524,-38.25481876686,1.585));
#15897 = DIRECTION('',(0.,0.,-1.));
#15898 = DIRECTION('',(0.195088337483,-0.980785675149,0.));
#15899 = ORIENTED_EDGE('',*,*,#15900,.T.);
#15900 = EDGE_CURVE('',#15892,#15901,#15903,.T.);
#15901 = VERTEX_POINT('',#15902);
#15902 = CARTESIAN_POINT('',(46.778601,-37.996485,1.585));
#15903 = LINE('',#15904,#15905);
#15904 = CARTESIAN_POINT('',(46.778601,-38.254819,1.585));
#15905 = VECTOR('',#15906,1.);
#15906 = DIRECTION('',(0.,1.,0.));
#15907 = ORIENTED_EDGE('',*,*,#15908,.T.);
#15908 = EDGE_CURVE('',#15901,#15909,#15911,.T.);
#15909 = VERTEX_POINT('',#15910);
#15910 = CARTESIAN_POINT('',(46.362779,-37.995044,1.585));
#15911 = LINE('',#15912,#15913);
#15912 = CARTESIAN_POINT('',(46.778601,-37.996485,1.585));
#15913 = VECTOR('',#15914,1.);
#15914 = DIRECTION('',(-0.999993995468,3.465404301528E-03,0.));
#15915 = ORIENTED_EDGE('',*,*,#15916,.T.);
#15916 = EDGE_CURVE('',#15909,#15917,#15919,.T.);
#15917 = VERTEX_POINT('',#15918);
#15918 = CARTESIAN_POINT('',(46.30626,-37.897768,1.585));
#15919 = CIRCLE('',#15920,7.499997045037E-02);
#15920 = AXIS2_PLACEMENT_3D('',#15921,#15922,#15923);
#15921 = CARTESIAN_POINT('',(46.377411172573,-37.92148521335,1.585));
#15922 = DIRECTION('',(0.,0.,-1.));
#15923 = DIRECTION('',(-0.195095711167,-0.980784208419,-0.));
#15924 = ORIENTED_EDGE('',*,*,#15925,.T.);
#15925 = EDGE_CURVE('',#15917,#15926,#15928,.T.);
#15926 = VERTEX_POINT('',#15927);
#15927 = CARTESIAN_POINT('',(46.550349,-37.170058,1.585));
#15928 = LINE('',#15929,#15930);
#15929 = CARTESIAN_POINT('',(46.30626,-37.897768,1.585));
#15930 = VECTOR('',#15931,1.);
#15931 = DIRECTION('',(0.318008317924,0.948087922996,0.));
#15932 = ORIENTED_EDGE('',*,*,#15933,.T.);
#15933 = EDGE_CURVE('',#15926,#15934,#15936,.T.);
#15934 = VERTEX_POINT('',#15935);
#15935 = CARTESIAN_POINT('',(46.686657,-37.230918,1.585));
#15936 = CIRCLE('',#15937,7.499990197505E-02);
#15937 = AXIS2_PLACEMENT_3D('',#15938,#15939,#15940);
#15938 = CARTESIAN_POINT('',(46.615506146759,-37.20720004521,1.585));
#15939 = DIRECTION('',(0.,0.,-1.));
#15940 = DIRECTION('',(-0.868763092261,0.495227916747,0.));
#15941 = ORIENTED_EDGE('',*,*,#15942,.T.);
#15942 = EDGE_CURVE('',#15934,#15943,#15945,.T.);
#15943 = VERTEX_POINT('',#15944);
#15944 = CARTESIAN_POINT('',(46.481468,-37.846485,1.585));
#15945 = LINE('',#15946,#15947);
#15946 = CARTESIAN_POINT('',(46.686657,-37.230918,1.585));
#15947 = VECTOR('',#15948,1.);
#15948 = DIRECTION('',(-0.316227766017,-0.948683298051,0.));
#15949 = ORIENTED_EDGE('',*,*,#15950,.T.);
#15950 = EDGE_CURVE('',#15943,#15951,#15953,.T.);
#15951 = VERTEX_POINT('',#15952);
#15952 = CARTESIAN_POINT('',(46.778601,-37.846485,1.585));
#15953 = LINE('',#15954,#15955);
#15954 = CARTESIAN_POINT('',(46.481468,-37.846485,1.585));
#15955 = VECTOR('',#15956,1.);
#15956 = DIRECTION('',(1.,0.,0.));
#15957 = ORIENTED_EDGE('',*,*,#15958,.T.);
#15958 = EDGE_CURVE('',#15951,#15959,#15961,.T.);
#15959 = VERTEX_POINT('',#15960);
#15960 = CARTESIAN_POINT('',(46.780042,-37.57352,1.585));
#15961 = LINE('',#15962,#15963);
#15962 = CARTESIAN_POINT('',(46.778601,-37.846485,1.585));
#15963 = VECTOR('',#15964,1.);
#15964 = DIRECTION('',(5.278991523254E-03,0.999986066027,0.));
#15965 = ORIENTED_EDGE('',*,*,#15966,.T.);
#15966 = EDGE_CURVE('',#15959,#15967,#15969,.T.);
#15967 = VERTEX_POINT('',#15968);
#15968 = CARTESIAN_POINT('',(46.868233,-37.514593,1.585));
#15969 = CIRCLE('',#15970,7.500063018462E-02);
#15970 = AXIS2_PLACEMENT_3D('',#15971,#15972,#15973);
#15971 = CARTESIAN_POINT('',(46.853601380393,-37.5881525693,1.585));
#15972 = DIRECTION('',(0.,0.,-1.));
#15973 = DIRECTION('',(-0.980783497572,0.1950992847,0.));
#15974 = ORIENTED_EDGE('',*,*,#15975,.T.);
#15975 = EDGE_CURVE('',#15967,#15645,#15976,.T.);
#15976 = LINE('',#15977,#15978);
#15977 = CARTESIAN_POINT('',(46.868233,-37.514593,1.585));
#15978 = VECTOR('',#15979,1.);
#15979 = DIRECTION('',(0.923889034182,-0.382660492497,0.));
#15980 = PLANE('',#15981);
#15981 = AXIS2_PLACEMENT_3D('',#15982,#15983,#15984);
#15982 = CARTESIAN_POINT('',(0.,0.,1.585));
#15983 = DIRECTION('',(0.,0.,1.));
#15984 = DIRECTION('',(1.,0.,-0.));
#15985 = SHELL_BASED_SURFACE_MODEL('',(#15986));
#15986 = OPEN_SHELL('',(#15987));
#15987 = ADVANCED_FACE('',(#15988),#16023,.T.);
#15988 = FACE_BOUND('',#15989,.F.);
#15989 = EDGE_LOOP('',(#15990,#16001,#16009,#16017));
#15990 = ORIENTED_EDGE('',*,*,#15991,.T.);
#15991 = EDGE_CURVE('',#15992,#15994,#15996,.T.);
#15992 = VERTEX_POINT('',#15993);
#15993 = CARTESIAN_POINT('',(50.362,-40.654,1.585));
#15994 = VERTEX_POINT('',#15995);
#15995 = CARTESIAN_POINT('',(50.362,-40.534,1.585));
#15996 = CIRCLE('',#15997,6.000000000043E-02);
#15997 = AXIS2_PLACEMENT_3D('',#15998,#15999,#16000);
#15998 = CARTESIAN_POINT('',(50.361999774412,-40.594,1.585));
#15999 = DIRECTION('',(0.,0.,-1.));
#16000 = DIRECTION('',(3.759794135259E-06,-0.999999999993,0.));
#16001 = ORIENTED_EDGE('',*,*,#16002,.T.);
#16002 = EDGE_CURVE('',#15994,#16003,#16005,.T.);
#16003 = VERTEX_POINT('',#16004);
#16004 = CARTESIAN_POINT('',(51.75,-40.534,1.585));
#16005 = LINE('',#16006,#16007);
#16006 = CARTESIAN_POINT('',(50.362,-40.534,1.585));
#16007 = VECTOR('',#16008,1.);
#16008 = DIRECTION('',(1.,0.,0.));
#16009 = ORIENTED_EDGE('',*,*,#16010,.T.);
#16010 = EDGE_CURVE('',#16003,#16011,#16013,.T.);
#16011 = VERTEX_POINT('',#16012);
#16012 = CARTESIAN_POINT('',(51.75,-40.654,1.585));
#16013 = LINE('',#16014,#16015);
#16014 = CARTESIAN_POINT('',(51.75,-40.534,1.585));
#16015 = VECTOR('',#16016,1.);
#16016 = DIRECTION('',(0.,-1.,0.));
#16017 = ORIENTED_EDGE('',*,*,#16018,.T.);
#16018 = EDGE_CURVE('',#16011,#15992,#16019,.T.);
#16019 = LINE('',#16020,#16021);
#16020 = CARTESIAN_POINT('',(51.75,-40.654,1.585));
#16021 = VECTOR('',#16022,1.);
#16022 = DIRECTION('',(-1.,0.,0.));
#16023 = PLANE('',#16024);
#16024 = AXIS2_PLACEMENT_3D('',#16025,#16026,#16027);
#16025 = CARTESIAN_POINT('',(0.,0.,1.585));
#16026 = DIRECTION('',(0.,0.,1.));
#16027 = DIRECTION('',(1.,0.,-0.));
#16028 = SHELL_BASED_SURFACE_MODEL('',(#16029));
#16029 = OPEN_SHELL('',(#16030));
#16030 = ADVANCED_FACE('',(#16031),#16066,.T.);
#16031 = FACE_BOUND('',#16032,.F.);
#16032 = EDGE_LOOP('',(#16033,#16044,#16052,#16060));
#16033 = ORIENTED_EDGE('',*,*,#16034,.T.);
#16034 = EDGE_CURVE('',#16035,#16037,#16039,.T.);
#16035 = VERTEX_POINT('',#16036);
#16036 = CARTESIAN_POINT('',(50.362,-40.146,1.585));
#16037 = VERTEX_POINT('',#16038);
#16038 = CARTESIAN_POINT('',(50.362,-40.026,1.585));
#16039 = CIRCLE('',#16040,6.000000000042E-02);
#16040 = AXIS2_PLACEMENT_3D('',#16041,#16042,#16043);
#16041 = CARTESIAN_POINT('',(50.361999774412,-40.086,1.585));
#16042 = DIRECTION('',(0.,0.,-1.));
#16043 = DIRECTION('',(3.75979413526E-06,-0.999999999993,0.));
#16044 = ORIENTED_EDGE('',*,*,#16045,.T.);
#16045 = EDGE_CURVE('',#16037,#16046,#16048,.T.);
#16046 = VERTEX_POINT('',#16047);
#16047 = CARTESIAN_POINT('',(51.75,-40.026,1.585));
#16048 = LINE('',#16049,#16050);
#16049 = CARTESIAN_POINT('',(50.362,-40.026,1.585));
#16050 = VECTOR('',#16051,1.);
#16051 = DIRECTION('',(1.,0.,0.));
#16052 = ORIENTED_EDGE('',*,*,#16053,.T.);
#16053 = EDGE_CURVE('',#16046,#16054,#16056,.T.);
#16054 = VERTEX_POINT('',#16055);
#16055 = CARTESIAN_POINT('',(51.75,-40.146,1.585));
#16056 = LINE('',#16057,#16058);
#16057 = CARTESIAN_POINT('',(51.75,-40.026,1.585));
#16058 = VECTOR('',#16059,1.);
#16059 = DIRECTION('',(0.,-1.,0.));
#16060 = ORIENTED_EDGE('',*,*,#16061,.T.);
#16061 = EDGE_CURVE('',#16054,#16035,#16062,.T.);
#16062 = LINE('',#16063,#16064);
#16063 = CARTESIAN_POINT('',(51.75,-40.146,1.585));
#16064 = VECTOR('',#16065,1.);
#16065 = DIRECTION('',(-1.,0.,0.));
#16066 = PLANE('',#16067);
#16067 = AXIS2_PLACEMENT_3D('',#16068,#16069,#16070);
#16068 = CARTESIAN_POINT('',(0.,0.,1.585));
#16069 = DIRECTION('',(0.,0.,1.));
#16070 = DIRECTION('',(1.,0.,-0.));
#16071 = SHELL_BASED_SURFACE_MODEL('',(#16072));
#16072 = OPEN_SHELL('',(#16073));
#16073 = ADVANCED_FACE('',(#16074),#16110,.T.);
#16074 = FACE_BOUND('',#16075,.F.);
#16075 = EDGE_LOOP('',(#16076,#16087,#16095,#16104));
#16076 = ORIENTED_EDGE('',*,*,#16077,.T.);
#16077 = EDGE_CURVE('',#16078,#16080,#16082,.T.);
#16078 = VERTEX_POINT('',#16079);
#16079 = CARTESIAN_POINT('',(47.492,-39.13,1.585));
#16080 = VERTEX_POINT('',#16081);
#16081 = CARTESIAN_POINT('',(47.492,-39.01,1.585));
#16082 = CIRCLE('',#16083,6.000000000043E-02);
#16083 = AXIS2_PLACEMENT_3D('',#16084,#16085,#16086);
#16084 = CARTESIAN_POINT('',(47.491999774412,-39.07,1.585));
#16085 = DIRECTION('',(0.,0.,-1.));
#16086 = DIRECTION('',(3.759794135259E-06,-0.999999999993,0.));
#16087 = ORIENTED_EDGE('',*,*,#16088,.T.);
#16088 = EDGE_CURVE('',#16080,#16089,#16091,.T.);
#16089 = VERTEX_POINT('',#16090);
#16090 = CARTESIAN_POINT('',(48.762,-39.01,1.585));
#16091 = LINE('',#16092,#16093);
#16092 = CARTESIAN_POINT('',(47.492,-39.01,1.585));
#16093 = VECTOR('',#16094,1.);
#16094 = DIRECTION('',(1.,0.,0.));
#16095 = ORIENTED_EDGE('',*,*,#16096,.T.);
#16096 = EDGE_CURVE('',#16089,#16097,#16099,.T.);
#16097 = VERTEX_POINT('',#16098);
#16098 = CARTESIAN_POINT('',(48.762,-39.13,1.585));
#16099 = CIRCLE('',#16100,6.000000000043E-02);
#16100 = AXIS2_PLACEMENT_3D('',#16101,#16102,#16103);
#16101 = CARTESIAN_POINT('',(48.762000225588,-39.07,1.585));
#16102 = DIRECTION('',(0.,0.,-1.));
#16103 = DIRECTION('',(-3.759794016836E-06,0.999999999993,-0.));
#16104 = ORIENTED_EDGE('',*,*,#16105,.T.);
#16105 = EDGE_CURVE('',#16097,#16078,#16106,.T.);
#16106 = LINE('',#16107,#16108);
#16107 = CARTESIAN_POINT('',(48.762,-39.13,1.585));
#16108 = VECTOR('',#16109,1.);
#16109 = DIRECTION('',(-1.,0.,0.));
#16110 = PLANE('',#16111);
#16111 = AXIS2_PLACEMENT_3D('',#16112,#16113,#16114);
#16112 = CARTESIAN_POINT('',(0.,0.,1.585));
#16113 = DIRECTION('',(0.,0.,1.));
#16114 = DIRECTION('',(1.,0.,-0.));
#16115 = SHELL_BASED_SURFACE_MODEL('',(#16116));
#16116 = OPEN_SHELL('',(#16117));
#16117 = ADVANCED_FACE('',(#16118),#16186,.T.);
#16118 = FACE_BOUND('',#16119,.F.);
#16119 = EDGE_LOOP('',(#16120,#16130,#16138,#16146,#16154,#16163,#16171,
    #16180));
#16120 = ORIENTED_EDGE('',*,*,#16121,.T.);
#16121 = EDGE_CURVE('',#16122,#16124,#16126,.T.);
#16122 = VERTEX_POINT('',#16123);
#16123 = CARTESIAN_POINT('',(41.584619,-34.654819,1.585));
#16124 = VERTEX_POINT('',#16125);
#16125 = CARTESIAN_POINT('',(41.584619,-34.5,1.585));
#16126 = LINE('',#16127,#16128);
#16127 = CARTESIAN_POINT('',(41.584619,-34.654819,1.585));
#16128 = VECTOR('',#16129,1.);
#16129 = DIRECTION('',(0.,1.,0.));
#16130 = ORIENTED_EDGE('',*,*,#16131,.T.);
#16131 = EDGE_CURVE('',#16124,#16132,#16134,.T.);
#16132 = VERTEX_POINT('',#16133);
#16133 = CARTESIAN_POINT('',(41.734619,-34.5,1.585));
#16134 = LINE('',#16135,#16136);
#16135 = CARTESIAN_POINT('',(41.584619,-34.5,1.585));
#16136 = VECTOR('',#16137,1.);
#16137 = DIRECTION('',(1.,0.,0.));
#16138 = ORIENTED_EDGE('',*,*,#16139,.T.);
#16139 = EDGE_CURVE('',#16132,#16140,#16142,.T.);
#16140 = VERTEX_POINT('',#16141);
#16141 = CARTESIAN_POINT('',(41.734619,-34.654819,1.585));
#16142 = LINE('',#16143,#16144);
#16143 = CARTESIAN_POINT('',(41.734619,-34.5,1.585));
#16144 = VECTOR('',#16145,1.);
#16145 = DIRECTION('',(0.,-1.,0.));
#16146 = ORIENTED_EDGE('',*,*,#16147,.T.);
#16147 = EDGE_CURVE('',#16140,#16148,#16150,.T.);
#16148 = VERTEX_POINT('',#16149);
#16149 = CARTESIAN_POINT('',(41.959965,-34.65626,1.585));
#16150 = LINE('',#16151,#16152);
#16151 = CARTESIAN_POINT('',(41.734619,-34.654819,1.585));
#16152 = VECTOR('',#16153,1.);
#16153 = DIRECTION('',(0.999979555102,-6.394480216655E-03,0.));
#16154 = ORIENTED_EDGE('',*,*,#16155,.T.);
#16155 = EDGE_CURVE('',#16148,#16156,#16158,.T.);
#16156 = VERTEX_POINT('',#16157);
#16157 = CARTESIAN_POINT('',(41.945333,-34.804819,1.585));
#16158 = CIRCLE('',#16159,7.500006711463E-02);
#16159 = AXIS2_PLACEMENT_3D('',#16160,#16161,#16162);
#16160 = CARTESIAN_POINT('',(41.945333067115,-34.72981893288,1.585));
#16161 = DIRECTION('',(0.,0.,-1.));
#16162 = DIRECTION('',(0.195092263891,0.980784894138,0.));
#16163 = ORIENTED_EDGE('',*,*,#16164,.T.);
#16164 = EDGE_CURVE('',#16156,#16165,#16167,.T.);
#16165 = VERTEX_POINT('',#16166);
#16166 = CARTESIAN_POINT('',(41.359273,-34.803378,1.585));
#16167 = LINE('',#16168,#16169);
#16168 = CARTESIAN_POINT('',(41.945333,-34.804819,1.585));
#16169 = VECTOR('',#16170,1.);
#16170 = DIRECTION('',(-0.999996977183,2.458785182611E-03,0.));
#16171 = ORIENTED_EDGE('',*,*,#16172,.T.);
#16172 = EDGE_CURVE('',#16165,#16173,#16175,.T.);
#16173 = VERTEX_POINT('',#16174);
#16174 = CARTESIAN_POINT('',(41.373905,-34.654819,1.585));
#16175 = CIRCLE('',#16176,7.500006711464E-02);
#16176 = AXIS2_PLACEMENT_3D('',#16177,#16178,#16179);
#16177 = CARTESIAN_POINT('',(41.373904932885,-34.72981906711,1.585));
#16178 = DIRECTION('',(0.,0.,-1.));
#16179 = DIRECTION('',(-0.195092263891,-0.980784894138,-0.));
#16180 = ORIENTED_EDGE('',*,*,#16181,.T.);
#16181 = EDGE_CURVE('',#16173,#16122,#16182,.T.);
#16182 = LINE('',#16183,#16184);
#16183 = CARTESIAN_POINT('',(41.373905,-34.654819,1.585));
#16184 = VECTOR('',#16185,1.);
#16185 = DIRECTION('',(1.,0.,0.));
#16186 = PLANE('',#16187);
#16187 = AXIS2_PLACEMENT_3D('',#16188,#16189,#16190);
#16188 = CARTESIAN_POINT('',(0.,0.,1.585));
#16189 = DIRECTION('',(0.,0.,1.));
#16190 = DIRECTION('',(1.,0.,-0.));
#16191 = SHELL_BASED_SURFACE_MODEL('',(#16192));
#16192 = OPEN_SHELL('',(#16193));
#16193 = ADVANCED_FACE('',(#16194),#16229,.T.);
#16194 = FACE_BOUND('',#16195,.F.);
#16195 = EDGE_LOOP('',(#16196,#16207,#16215,#16223));
#16196 = ORIENTED_EDGE('',*,*,#16197,.T.);
#16197 = EDGE_CURVE('',#16198,#16200,#16202,.T.);
#16198 = VERTEX_POINT('',#16199);
#16199 = CARTESIAN_POINT('',(40.870646,-34.761091,1.585));
#16200 = VERTEX_POINT('',#16201);
#16201 = CARTESIAN_POINT('',(40.730008,-34.749144,1.585));
#16202 = CIRCLE('',#16203,7.500055331741E-02);
#16203 = AXIS2_PLACEMENT_3D('',#16204,#16205,#16206);
#16204 = CARTESIAN_POINT('',(40.802476081812,-34.72981888379,1.585));
#16205 = DIRECTION('',(-0.,0.,-1.));
#16206 = DIRECTION('',(0.908925536853,-0.4169584733,-0.));
#16207 = ORIENTED_EDGE('',*,*,#16208,.T.);
#16208 = EDGE_CURVE('',#16200,#16209,#16211,.T.);
#16209 = VERTEX_POINT('',#16210);
#16210 = CARTESIAN_POINT('',(40.663569,-34.5,1.585));
#16211 = LINE('',#16212,#16213);
#16212 = CARTESIAN_POINT('',(40.730008,-34.749144,1.585));
#16213 = VECTOR('',#16214,1.);
#16214 = DIRECTION('',(-0.257664823005,0.96623436028,0.));
#16215 = ORIENTED_EDGE('',*,*,#16216,.T.);
#16216 = EDGE_CURVE('',#16209,#16217,#16219,.T.);
#16217 = VERTEX_POINT('',#16218);
#16218 = CARTESIAN_POINT('',(40.933192,-34.5,1.585));
#16219 = LINE('',#16220,#16221);
#16220 = CARTESIAN_POINT('',(40.663569,-34.5,1.585));
#16221 = VECTOR('',#16222,1.);
#16222 = DIRECTION('',(1.,0.,0.));
#16223 = ORIENTED_EDGE('',*,*,#16224,.T.);
#16224 = EDGE_CURVE('',#16217,#16198,#16225,.T.);
#16225 = LINE('',#16226,#16227);
#16226 = CARTESIAN_POINT('',(40.933192,-34.5,1.585));
#16227 = VECTOR('',#16228,1.);
#16228 = DIRECTION('',(-0.232964961987,-0.972485129185,0.));
#16229 = PLANE('',#16230);
#16230 = AXIS2_PLACEMENT_3D('',#16231,#16232,#16233);
#16231 = CARTESIAN_POINT('',(0.,0.,1.585));
#16232 = DIRECTION('',(0.,0.,1.));
#16233 = DIRECTION('',(1.,0.,-0.));
#16234 = SHELL_BASED_SURFACE_MODEL('',(#16235));
#16235 = OPEN_SHELL('',(#16236));
#16236 = ADVANCED_FACE('',(#16237),#16272,.T.);
#16237 = FACE_BOUND('',#16238,.F.);
#16238 = EDGE_LOOP('',(#16239,#16250,#16258,#16266));
#16239 = ORIENTED_EDGE('',*,*,#16240,.T.);
#16240 = EDGE_CURVE('',#16241,#16243,#16245,.T.);
#16241 = VERTEX_POINT('',#16242);
#16242 = CARTESIAN_POINT('',(40.488829,-34.76291,1.585));
#16243 = VERTEX_POINT('',#16244);
#16244 = CARTESIAN_POINT('',(40.348564,-34.747191,1.585));
#16245 = CIRCLE('',#16246,7.499976850751E-02);
#16246 = AXIS2_PLACEMENT_3D('',#16247,#16248,#16249);
#16247 = CARTESIAN_POINT('',(40.421524108998,-34.72981896007,1.585));
#16248 = DIRECTION('',(-0.,0.,-1.));
#16249 = DIRECTION('',(0.897401316583,-0.441215227519,-0.));
#16250 = ORIENTED_EDGE('',*,*,#16251,.T.);
#16251 = EDGE_CURVE('',#16243,#16252,#16254,.T.);
#16252 = VERTEX_POINT('',#16253);
#16253 = CARTESIAN_POINT('',(40.29007,-34.5,1.585));
#16254 = LINE('',#16255,#16256);
#16255 = CARTESIAN_POINT('',(40.348564,-34.747191,1.585));
#16256 = VECTOR('',#16257,1.);
#16257 = DIRECTION('',(-0.23027538712,0.97312550377,0.));
#16258 = ORIENTED_EDGE('',*,*,#16259,.T.);
#16259 = EDGE_CURVE('',#16252,#16260,#16262,.T.);
#16260 = VERTEX_POINT('',#16261);
#16261 = CARTESIAN_POINT('',(40.559797,-34.5,1.585));
#16262 = LINE('',#16263,#16264);
#16263 = CARTESIAN_POINT('',(40.29007,-34.5,1.585));
#16264 = VECTOR('',#16265,1.);
#16265 = DIRECTION('',(1.,0.,0.));
#16266 = ORIENTED_EDGE('',*,*,#16267,.T.);
#16267 = EDGE_CURVE('',#16260,#16241,#16268,.T.);
#16268 = LINE('',#16269,#16270);
#16269 = CARTESIAN_POINT('',(40.559797,-34.5,1.585));
#16270 = VECTOR('',#16271,1.);
#16271 = DIRECTION('',(-0.260605271027,-0.96544543746,0.));
#16272 = PLANE('',#16273);
#16273 = AXIS2_PLACEMENT_3D('',#16274,#16275,#16276);
#16274 = CARTESIAN_POINT('',(0.,0.,1.585));
#16275 = DIRECTION('',(0.,0.,1.));
#16276 = DIRECTION('',(1.,0.,-0.));
#16277 = SHELL_BASED_SURFACE_MODEL('',(#16278));
#16278 = OPEN_SHELL('',(#16279));
#16279 = ADVANCED_FACE('',(#16280),#16365,.T.);
#16280 = FACE_BOUND('',#16281,.F.);
#16281 = EDGE_LOOP('',(#16282,#16293,#16301,#16309,#16317,#16326,#16334,
    #16342,#16351,#16359));
#16282 = ORIENTED_EDGE('',*,*,#16283,.T.);
#16283 = EDGE_CURVE('',#16284,#16286,#16288,.T.);
#16284 = VERTEX_POINT('',#16285);
#16285 = CARTESIAN_POINT('',(39.641914,-34.654819,1.585));
#16286 = VERTEX_POINT('',#16287);
#16287 = CARTESIAN_POINT('',(39.775095,-34.521637,1.585));
#16288 = CIRCLE('',#16289,0.186867760544);
#16289 = AXIS2_PLACEMENT_3D('',#16290,#16291,#16292);
#16290 = CARTESIAN_POINT('',(39.594374969282,-34.47409932622,1.585));
#16291 = DIRECTION('',(0.,0.,1.));
#16292 = DIRECTION('',(0.254399317356,-0.967099264465,0.));
#16293 = ORIENTED_EDGE('',*,*,#16294,.T.);
#16294 = EDGE_CURVE('',#16286,#16295,#16297,.T.);
#16295 = VERTEX_POINT('',#16296);
#16296 = CARTESIAN_POINT('',(39.775095,-34.5,1.585));
#16297 = LINE('',#16298,#16299);
#16298 = CARTESIAN_POINT('',(39.775095,-34.521637,1.585));
#16299 = VECTOR('',#16300,1.);
#16300 = DIRECTION('',(0.,1.,0.));
#16301 = ORIENTED_EDGE('',*,*,#16302,.T.);
#16302 = EDGE_CURVE('',#16295,#16303,#16305,.T.);
#16303 = VERTEX_POINT('',#16304);
#16304 = CARTESIAN_POINT('',(39.922989,-34.5,1.585));
#16305 = LINE('',#16306,#16307);
#16306 = CARTESIAN_POINT('',(39.775095,-34.5,1.585));
#16307 = VECTOR('',#16308,1.);
#16308 = DIRECTION('',(1.,0.,0.));
#16309 = ORIENTED_EDGE('',*,*,#16310,.T.);
#16310 = EDGE_CURVE('',#16303,#16311,#16313,.T.);
#16311 = VERTEX_POINT('',#16312);
#16312 = CARTESIAN_POINT('',(39.922432,-34.559152,1.585));
#16313 = LINE('',#16314,#16315);
#16314 = CARTESIAN_POINT('',(39.922989,-34.5,1.585));
#16315 = VECTOR('',#16316,1.);
#16316 = DIRECTION('',(-9.41600127371E-03,-0.999955668477,0.));
#16317 = ORIENTED_EDGE('',*,*,#16318,.T.);
#16318 = EDGE_CURVE('',#16311,#16319,#16321,.T.);
#16319 = VERTEX_POINT('',#16320);
#16320 = CARTESIAN_POINT('',(39.674251,-34.803378,1.585));
#16321 = CIRCLE('',#16322,0.348635327447);
#16322 = AXIS2_PLACEMENT_3D('',#16323,#16324,#16325);
#16323 = CARTESIAN_POINT('',(39.586479481291,-34.46597208415,1.585));
#16324 = DIRECTION('',(0.,0.,-1.));
#16325 = DIRECTION('',(0.963621561732,-0.267270435638,0.));
#16326 = ORIENTED_EDGE('',*,*,#16327,.T.);
#16327 = EDGE_CURVE('',#16319,#16328,#16330,.T.);
#16328 = VERTEX_POINT('',#16329);
#16329 = CARTESIAN_POINT('',(39.405061,-34.802619,1.585));
#16330 = LINE('',#16331,#16332);
#16331 = CARTESIAN_POINT('',(39.674251,-34.803378,1.585));
#16332 = VECTOR('',#16333,1.);
#16333 = DIRECTION('',(-0.999996025037,2.819558612894E-03,0.));
#16334 = ORIENTED_EDGE('',*,*,#16335,.T.);
#16335 = EDGE_CURVE('',#16328,#16336,#16338,.T.);
#16336 = VERTEX_POINT('',#16337);
#16337 = CARTESIAN_POINT('',(39.241524,-34.747357,1.585));
#16338 = LINE('',#16339,#16340);
#16339 = CARTESIAN_POINT('',(39.405061,-34.802619,1.585));
#16340 = VECTOR('',#16341,1.);
#16341 = DIRECTION('',(-0.94737239725,0.320133629801,0.));
#16342 = ORIENTED_EDGE('',*,*,#16343,.T.);
#16343 = EDGE_CURVE('',#16336,#16344,#16346,.T.);
#16344 = VERTEX_POINT('',#16345);
#16345 = CARTESIAN_POINT('',(39.302384,-34.611049,1.585));
#16346 = CIRCLE('',#16347,7.50000151955E-02);
#16347 = AXIS2_PLACEMENT_3D('',#16348,#16349,#16350);
#16348 = CARTESIAN_POINT('',(39.278667099963,-34.68220032417,1.585));
#16349 = DIRECTION('',(0.,0.,-1.));
#16350 = DIRECTION('',(-0.495241232499,-0.868755501642,-0.));
#16351 = ORIENTED_EDGE('',*,*,#16352,.T.);
#16352 = EDGE_CURVE('',#16344,#16353,#16355,.T.);
#16353 = VERTEX_POINT('',#16354);
#16354 = CARTESIAN_POINT('',(39.433694,-34.654819,1.585));
#16355 = LINE('',#16356,#16357);
#16356 = CARTESIAN_POINT('',(39.302384,-34.611049,1.585));
#16357 = VECTOR('',#16358,1.);
#16358 = DIRECTION('',(0.948683298051,-0.316227766017,0.));
#16359 = ORIENTED_EDGE('',*,*,#16360,.T.);
#16360 = EDGE_CURVE('',#16353,#16284,#16361,.T.);
#16361 = LINE('',#16362,#16363);
#16362 = CARTESIAN_POINT('',(39.433694,-34.654819,1.585));
#16363 = VECTOR('',#16364,1.);
#16364 = DIRECTION('',(1.,0.,0.));
#16365 = PLANE('',#16366);
#16366 = AXIS2_PLACEMENT_3D('',#16367,#16368,#16369);
#16367 = CARTESIAN_POINT('',(0.,0.,1.585));
#16368 = DIRECTION('',(0.,0.,1.));
#16369 = DIRECTION('',(1.,0.,-0.));
#16370 = ( GEOMETRIC_REPRESENTATION_CONTEXT(3) 
GLOBAL_UNCERTAINTY_ASSIGNED_CONTEXT((#16374)) 
GLOBAL_UNIT_ASSIGNED_CONTEXT((#16371,#16372,#16373)) 
REPRESENTATION_CONTEXT('Context #1',
  '3D Context with UNIT and UNCERTAINTY') );
#16371 = ( LENGTH_UNIT() NAMED_UNIT(*) SI_UNIT(.MILLI.,.METRE.) );
#16372 = ( NAMED_UNIT(*) PLANE_ANGLE_UNIT() SI_UNIT($,.RADIAN.) );
#16373 = ( NAMED_UNIT(*) SI_UNIT($,.STERADIAN.) SOLID_ANGLE_UNIT() );
#16374 = UNCERTAINTY_MEASURE_WITH_UNIT(LENGTH_MEASURE(1.E-07),#16371,
  'distance_accuracy_value','confusion accuracy');
#16375 = CONTEXT_DEPENDENT_SHAPE_REPRESENTATION(#16376,#16378);
#16376 = ( REPRESENTATION_RELATIONSHIP('','',#11868,#10) 
REPRESENTATION_RELATIONSHIP_WITH_TRANSFORMATION(#16377) 
SHAPE_REPRESENTATION_RELATIONSHIP() );
#16377 = ITEM_DEFINED_TRANSFORMATION('','',#11,#43);
#16378 = PRODUCT_DEFINITION_SHAPE('Placement','Placement of an item',
  #16379);
#16379 = NEXT_ASSEMBLY_USAGE_OCCURRENCE('21','=>[0:1:1:7]','',#5,#11863,
  $);
#16380 = PRODUCT_RELATED_PRODUCT_CATEGORY('part',$,(#11865));
#16381 = SHAPE_DEFINITION_REPRESENTATION(#16382,#16388);
#16382 = PRODUCT_DEFINITION_SHAPE('','',#16383);
#16383 = PRODUCT_DEFINITION('design','',#16384,#16387);
#16384 = PRODUCT_DEFINITION_FORMATION('','',#16385);
#16385 = PRODUCT('neo-switch CH32V003J4M6_soldermask',
  'neo-switch CH32V003J4M6_soldermask','',(#16386));
#16386 = PRODUCT_CONTEXT('',#2,'mechanical');
#16387 = PRODUCT_DEFINITION_CONTEXT('part definition',#2,'design');
#16388 = MANIFOLD_SURFACE_SHAPE_REPRESENTATION('',(#11,#16389),#16575);
#16389 = SHELL_BASED_SURFACE_MODEL('',(#16390));
#16390 = OPEN_SHELL('',(#16391));
#16391 = ADVANCED_FACE('',(#16392,#16526,#16537,#16548,#16559),#16570,
  .T.);
#16392 = FACE_BOUND('',#16393,.F.);
#16393 = EDGE_LOOP('',(#16394,#16405,#16413,#16421,#16429,#16438,#16446,
    #16454,#16462,#16471,#16479,#16487,#16495,#16504,#16512,#16520));
#16394 = ORIENTED_EDGE('',*,*,#16395,.T.);
#16395 = EDGE_CURVE('',#16396,#16398,#16400,.T.);
#16396 = VERTEX_POINT('',#16397);
#16397 = CARTESIAN_POINT('',(28.75236,-37.331656,1.56));
#16398 = VERTEX_POINT('',#16399);
#16399 = CARTESIAN_POINT('',(31.581656,-34.50236,1.56));
#16400 = CIRCLE('',#16401,3.002361539719);
#16401 = AXIS2_PLACEMENT_3D('',#16402,#16403,#16404);
#16402 = CARTESIAN_POINT('',(31.749998348577,-37.49999834857,1.56));
#16403 = DIRECTION('',(0.,0.,-1.));
#16404 = DIRECTION('',(-0.998426841312,5.606997903158E-02,0.));
#16405 = ORIENTED_EDGE('',*,*,#16406,.T.);
#16406 = EDGE_CURVE('',#16398,#16407,#16409,.T.);
#16407 = VERTEX_POINT('',#16408);
#16408 = CARTESIAN_POINT('',(31.75,-34.5,1.56));
#16409 = LINE('',#16410,#16411);
#16410 = CARTESIAN_POINT('',(31.581656,-34.50236,1.56));
#16411 = VECTOR('',#16412,1.);
#16412 = DIRECTION('',(0.999901749512,1.40175362879E-02,0.));
#16413 = ORIENTED_EDGE('',*,*,#16414,.T.);
#16414 = EDGE_CURVE('',#16407,#16415,#16417,.T.);
#16415 = VERTEX_POINT('',#16416);
#16416 = CARTESIAN_POINT('',(48.75,-34.5,1.56));
#16417 = LINE('',#16418,#16419);
#16418 = CARTESIAN_POINT('',(31.75,-34.5,1.56));
#16419 = VECTOR('',#16420,1.);
#16420 = DIRECTION('',(1.,0.,0.));
#16421 = ORIENTED_EDGE('',*,*,#16422,.T.);
#16422 = EDGE_CURVE('',#16415,#16423,#16425,.T.);
#16423 = VERTEX_POINT('',#16424);
#16424 = CARTESIAN_POINT('',(48.918344,-34.50236,1.56));
#16425 = LINE('',#16426,#16427);
#16426 = CARTESIAN_POINT('',(48.75,-34.5,1.56));
#16427 = VECTOR('',#16428,1.);
#16428 = DIRECTION('',(0.999901749512,-1.40175362879E-02,0.));
#16429 = ORIENTED_EDGE('',*,*,#16430,.T.);
#16430 = EDGE_CURVE('',#16423,#16431,#16433,.T.);
#16431 = VERTEX_POINT('',#16432);
#16432 = CARTESIAN_POINT('',(51.74764,-37.331656,1.56));
#16433 = CIRCLE('',#16434,3.002361539719);
#16434 = AXIS2_PLACEMENT_3D('',#16435,#16436,#16437);
#16435 = CARTESIAN_POINT('',(48.750001651423,-37.49999834857,1.56));
#16436 = DIRECTION('',(0.,0.,-1.));
#16437 = DIRECTION('',(5.606997903158E-02,0.998426841312,0.));
#16438 = ORIENTED_EDGE('',*,*,#16439,.T.);
#16439 = EDGE_CURVE('',#16431,#16440,#16442,.T.);
#16440 = VERTEX_POINT('',#16441);
#16441 = CARTESIAN_POINT('',(51.75,-37.5,1.56));
#16442 = LINE('',#16443,#16444);
#16443 = CARTESIAN_POINT('',(51.74764,-37.331656,1.56));
#16444 = VECTOR('',#16445,1.);
#16445 = DIRECTION('',(1.40175362879E-02,-0.999901749512,0.));
#16446 = ORIENTED_EDGE('',*,*,#16447,.T.);
#16447 = EDGE_CURVE('',#16440,#16448,#16450,.T.);
#16448 = VERTEX_POINT('',#16449);
#16449 = CARTESIAN_POINT('',(51.75,-58.,1.56));
#16450 = LINE('',#16451,#16452);
#16451 = CARTESIAN_POINT('',(51.75,-37.5,1.56));
#16452 = VECTOR('',#16453,1.);
#16453 = DIRECTION('',(0.,-1.,0.));
#16454 = ORIENTED_EDGE('',*,*,#16455,.T.);
#16455 = EDGE_CURVE('',#16448,#16456,#16458,.T.);
#16456 = VERTEX_POINT('',#16457);
#16457 = CARTESIAN_POINT('',(51.74764,-58.168344,1.56));
#16458 = LINE('',#16459,#16460);
#16459 = CARTESIAN_POINT('',(51.75,-58.,1.56));
#16460 = VECTOR('',#16461,1.);
#16461 = DIRECTION('',(-1.40175362879E-02,-0.999901749512,0.));
#16462 = ORIENTED_EDGE('',*,*,#16463,.T.);
#16463 = EDGE_CURVE('',#16456,#16464,#16466,.T.);
#16464 = VERTEX_POINT('',#16465);
#16465 = CARTESIAN_POINT('',(48.918344,-60.99764,1.56));
#16466 = CIRCLE('',#16467,3.002361539719);
#16467 = AXIS2_PLACEMENT_3D('',#16468,#16469,#16470);
#16468 = CARTESIAN_POINT('',(48.750001651423,-58.00000165142,1.56));
#16469 = DIRECTION('',(0.,0.,-1.));
#16470 = DIRECTION('',(0.998426841312,-5.606997903158E-02,0.));
#16471 = ORIENTED_EDGE('',*,*,#16472,.T.);
#16472 = EDGE_CURVE('',#16464,#16473,#16475,.T.);
#16473 = VERTEX_POINT('',#16474);
#16474 = CARTESIAN_POINT('',(48.75,-61.,1.56));
#16475 = LINE('',#16476,#16477);
#16476 = CARTESIAN_POINT('',(48.918344,-60.99764,1.56));
#16477 = VECTOR('',#16478,1.);
#16478 = DIRECTION('',(-0.999901749512,-1.40175362879E-02,0.));
#16479 = ORIENTED_EDGE('',*,*,#16480,.T.);
#16480 = EDGE_CURVE('',#16473,#16481,#16483,.T.);
#16481 = VERTEX_POINT('',#16482);
#16482 = CARTESIAN_POINT('',(31.75,-61.,1.56));
#16483 = LINE('',#16484,#16485);
#16484 = CARTESIAN_POINT('',(48.75,-61.,1.56));
#16485 = VECTOR('',#16486,1.);
#16486 = DIRECTION('',(-1.,0.,0.));
#16487 = ORIENTED_EDGE('',*,*,#16488,.T.);
#16488 = EDGE_CURVE('',#16481,#16489,#16491,.T.);
#16489 = VERTEX_POINT('',#16490);
#16490 = CARTESIAN_POINT('',(31.581656,-60.99764,1.56));
#16491 = LINE('',#16492,#16493);
#16492 = CARTESIAN_POINT('',(31.75,-61.,1.56));
#16493 = VECTOR('',#16494,1.);
#16494 = DIRECTION('',(-0.999901749512,1.40175362879E-02,0.));
#16495 = ORIENTED_EDGE('',*,*,#16496,.T.);
#16496 = EDGE_CURVE('',#16489,#16497,#16499,.T.);
#16497 = VERTEX_POINT('',#16498);
#16498 = CARTESIAN_POINT('',(28.75236,-58.168344,1.56));
#16499 = CIRCLE('',#16500,3.002361539719);
#16500 = AXIS2_PLACEMENT_3D('',#16501,#16502,#16503);
#16501 = CARTESIAN_POINT('',(31.749998348577,-58.00000165142,1.56));
#16502 = DIRECTION('',(0.,0.,-1.));
#16503 = DIRECTION('',(-5.606997903159E-02,-0.998426841312,-0.));
#16504 = ORIENTED_EDGE('',*,*,#16505,.T.);
#16505 = EDGE_CURVE('',#16497,#16506,#16508,.T.);
#16506 = VERTEX_POINT('',#16507);
#16507 = CARTESIAN_POINT('',(28.75,-58.,1.56));
#16508 = LINE('',#16509,#16510);
#16509 = CARTESIAN_POINT('',(28.75236,-58.168344,1.56));
#16510 = VECTOR('',#16511,1.);
#16511 = DIRECTION('',(-1.401753628788E-02,0.999901749512,0.));
#16512 = ORIENTED_EDGE('',*,*,#16513,.T.);
#16513 = EDGE_CURVE('',#16506,#16514,#16516,.T.);
#16514 = VERTEX_POINT('',#16515);
#16515 = CARTESIAN_POINT('',(28.75,-37.5,1.56));
#16516 = LINE('',#16517,#16518);
#16517 = CARTESIAN_POINT('',(28.75,-58.,1.56));
#16518 = VECTOR('',#16519,1.);
#16519 = DIRECTION('',(0.,1.,0.));
#16520 = ORIENTED_EDGE('',*,*,#16521,.T.);
#16521 = EDGE_CURVE('',#16514,#16396,#16522,.T.);
#16522 = LINE('',#16523,#16524);
#16523 = CARTESIAN_POINT('',(28.75,-37.5,1.56));
#16524 = VECTOR('',#16525,1.);
#16525 = DIRECTION('',(1.401753628788E-02,0.999901749512,0.));
#16526 = FACE_BOUND('',#16527,.F.);
#16527 = EDGE_LOOP('',(#16528));
#16528 = ORIENTED_EDGE('',*,*,#16529,.T.);
#16529 = EDGE_CURVE('',#16530,#16530,#16532,.T.);
#16530 = VERTEX_POINT('',#16531);
#16531 = CARTESIAN_POINT('',(49.137473,-56.25,1.56));
#16532 = CIRCLE('',#16533,2.137473);
#16533 = AXIS2_PLACEMENT_3D('',#16534,#16535,#16536);
#16534 = CARTESIAN_POINT('',(47.,-56.25,1.56));
#16535 = DIRECTION('',(0.,0.,1.));
#16536 = DIRECTION('',(1.,0.,-0.));
#16537 = FACE_BOUND('',#16538,.F.);
#16538 = EDGE_LOOP('',(#16539));
#16539 = ORIENTED_EDGE('',*,*,#16540,.T.);
#16540 = EDGE_CURVE('',#16541,#16541,#16543,.T.);
#16541 = VERTEX_POINT('',#16542);
#16542 = CARTESIAN_POINT('',(36.319439,-38.275,1.56));
#16543 = CIRCLE('',#16544,0.787439);
#16544 = AXIS2_PLACEMENT_3D('',#16545,#16546,#16547);
#16545 = CARTESIAN_POINT('',(35.532,-38.275,1.56));
#16546 = DIRECTION('',(0.,0.,1.));
#16547 = DIRECTION('',(1.,0.,-0.));
#16548 = FACE_BOUND('',#16549,.F.);
#16549 = EDGE_LOOP('',(#16550));
#16550 = ORIENTED_EDGE('',*,*,#16551,.T.);
#16551 = EDGE_CURVE('',#16552,#16552,#16554,.T.);
#16552 = VERTEX_POINT('',#16553);
#16553 = CARTESIAN_POINT('',(41.399439,-38.275,1.56));
#16554 = CIRCLE('',#16555,0.787439);
#16555 = AXIS2_PLACEMENT_3D('',#16556,#16557,#16558);
#16556 = CARTESIAN_POINT('',(40.612,-38.275,1.56));
#16557 = DIRECTION('',(0.,0.,1.));
#16558 = DIRECTION('',(1.,0.,-0.));
#16559 = FACE_BOUND('',#16560,.F.);
#16560 = EDGE_LOOP('',(#16561));
#16561 = ORIENTED_EDGE('',*,*,#16562,.T.);
#16562 = EDGE_CURVE('',#16563,#16563,#16565,.T.);
#16563 = VERTEX_POINT('',#16564);
#16564 = CARTESIAN_POINT('',(46.479439,-38.275,1.56));
#16565 = CIRCLE('',#16566,0.787439);
#16566 = AXIS2_PLACEMENT_3D('',#16567,#16568,#16569);
#16567 = CARTESIAN_POINT('',(45.692,-38.275,1.56));
#16568 = DIRECTION('',(0.,0.,1.));
#16569 = DIRECTION('',(1.,0.,-0.));
#16570 = PLANE('',#16571);
#16571 = AXIS2_PLACEMENT_3D('',#16572,#16573,#16574);
#16572 = CARTESIAN_POINT('',(0.,0.,1.56));
#16573 = DIRECTION('',(0.,0.,1.));
#16574 = DIRECTION('',(1.,0.,-0.));
#16575 = ( GEOMETRIC_REPRESENTATION_CONTEXT(3) 
GLOBAL_UNCERTAINTY_ASSIGNED_CONTEXT((#16579)) 
GLOBAL_UNIT_ASSIGNED_CONTEXT((#16576,#16577,#16578)) 
REPRESENTATION_CONTEXT('Context #1',
  '3D Context with UNIT and UNCERTAINTY') );
#16576 = ( LENGTH_UNIT() NAMED_UNIT(*) SI_UNIT(.MILLI.,.METRE.) );
#16577 = ( NAMED_UNIT(*) PLANE_ANGLE_UNIT() SI_UNIT($,.RADIAN.) );
#16578 = ( NAMED_UNIT(*) SI_UNIT($,.STERADIAN.) SOLID_ANGLE_UNIT() );
#16579 = UNCERTAINTY_MEASURE_WITH_UNIT(LENGTH_MEASURE(1.E-07),#16576,
  'distance_accuracy_value','confusion accuracy');
#16580 = CONTEXT_DEPENDENT_SHAPE_REPRESENTATION(#16581,#16583);
#16581 = ( REPRESENTATION_RELATIONSHIP('','',#16388,#10) 
REPRESENTATION_RELATIONSHIP_WITH_TRANSFORMATION(#16582) 
SHAPE_REPRESENTATION_RELATIONSHIP() );
#16582 = ITEM_DEFINED_TRANSFORMATION('','',#11,#47);
#16583 = PRODUCT_DEFINITION_SHAPE('Placement','Placement of an item',
  #16584);
#16584 = NEXT_ASSEMBLY_USAGE_OCCURRENCE('22','=>[0:1:1:8]','',#5,#16383,
  $);
#16585 = PRODUCT_RELATED_PRODUCT_CATEGORY('part',$,(#16385));
#16586 = SHAPE_DEFINITION_REPRESENTATION(#16587,#16593);
#16587 = PRODUCT_DEFINITION_SHAPE('','',#16588);
#16588 = PRODUCT_DEFINITION('design','',#16589,#16592);
#16589 = PRODUCT_DEFINITION_FORMATION('','',#16590);
#16590 = PRODUCT('neo-switch CH32V003J4M6_soldermask',
  'neo-switch CH32V003J4M6_soldermask','',(#16591));
#16591 = PRODUCT_CONTEXT('',#2,'mechanical');
#16592 = PRODUCT_DEFINITION_CONTEXT('part definition',#2,'design');
#16593 = MANIFOLD_SURFACE_SHAPE_REPRESENTATION('',(#11,#16594),#16780);
#16594 = SHELL_BASED_SURFACE_MODEL('',(#16595));
#16595 = OPEN_SHELL('',(#16596));
#16596 = ADVANCED_FACE('',(#16597,#16731,#16742,#16753,#16764),#16775,
  .T.);
#16597 = FACE_BOUND('',#16598,.T.);
#16598 = EDGE_LOOP('',(#16599,#16610,#16618,#16626,#16634,#16643,#16651,
    #16659,#16667,#16676,#16684,#16692,#16700,#16709,#16717,#16725));
#16599 = ORIENTED_EDGE('',*,*,#16600,.T.);
#16600 = EDGE_CURVE('',#16601,#16603,#16605,.T.);
#16601 = VERTEX_POINT('',#16602);
#16602 = CARTESIAN_POINT('',(28.75236,-37.331656,-5.E-02));
#16603 = VERTEX_POINT('',#16604);
#16604 = CARTESIAN_POINT('',(31.581656,-34.50236,-5.E-02));
#16605 = CIRCLE('',#16606,3.002361539719);
#16606 = AXIS2_PLACEMENT_3D('',#16607,#16608,#16609);
#16607 = CARTESIAN_POINT('',(31.749998348577,-37.49999834857,-5.E-02));
#16608 = DIRECTION('',(0.,0.,-1.));
#16609 = DIRECTION('',(-0.998426841312,5.606997903158E-02,0.));
#16610 = ORIENTED_EDGE('',*,*,#16611,.T.);
#16611 = EDGE_CURVE('',#16603,#16612,#16614,.T.);
#16612 = VERTEX_POINT('',#16613);
#16613 = CARTESIAN_POINT('',(31.75,-34.5,-5.E-02));
#16614 = LINE('',#16615,#16616);
#16615 = CARTESIAN_POINT('',(31.581656,-34.50236,-5.E-02));
#16616 = VECTOR('',#16617,1.);
#16617 = DIRECTION('',(0.999901749512,1.40175362879E-02,0.));
#16618 = ORIENTED_EDGE('',*,*,#16619,.T.);
#16619 = EDGE_CURVE('',#16612,#16620,#16622,.T.);
#16620 = VERTEX_POINT('',#16621);
#16621 = CARTESIAN_POINT('',(48.75,-34.5,-5.E-02));
#16622 = LINE('',#16623,#16624);
#16623 = CARTESIAN_POINT('',(31.75,-34.5,-5.E-02));
#16624 = VECTOR('',#16625,1.);
#16625 = DIRECTION('',(1.,0.,0.));
#16626 = ORIENTED_EDGE('',*,*,#16627,.T.);
#16627 = EDGE_CURVE('',#16620,#16628,#16630,.T.);
#16628 = VERTEX_POINT('',#16629);
#16629 = CARTESIAN_POINT('',(48.918344,-34.50236,-5.E-02));
#16630 = LINE('',#16631,#16632);
#16631 = CARTESIAN_POINT('',(48.75,-34.5,-5.E-02));
#16632 = VECTOR('',#16633,1.);
#16633 = DIRECTION('',(0.999901749512,-1.40175362879E-02,0.));
#16634 = ORIENTED_EDGE('',*,*,#16635,.T.);
#16635 = EDGE_CURVE('',#16628,#16636,#16638,.T.);
#16636 = VERTEX_POINT('',#16637);
#16637 = CARTESIAN_POINT('',(51.74764,-37.331656,-5.E-02));
#16638 = CIRCLE('',#16639,3.002361539719);
#16639 = AXIS2_PLACEMENT_3D('',#16640,#16641,#16642);
#16640 = CARTESIAN_POINT('',(48.750001651423,-37.49999834857,-5.E-02));
#16641 = DIRECTION('',(0.,0.,-1.));
#16642 = DIRECTION('',(5.606997903158E-02,0.998426841312,0.));
#16643 = ORIENTED_EDGE('',*,*,#16644,.T.);
#16644 = EDGE_CURVE('',#16636,#16645,#16647,.T.);
#16645 = VERTEX_POINT('',#16646);
#16646 = CARTESIAN_POINT('',(51.75,-37.5,-5.E-02));
#16647 = LINE('',#16648,#16649);
#16648 = CARTESIAN_POINT('',(51.74764,-37.331656,-5.E-02));
#16649 = VECTOR('',#16650,1.);
#16650 = DIRECTION('',(1.40175362879E-02,-0.999901749512,0.));
#16651 = ORIENTED_EDGE('',*,*,#16652,.T.);
#16652 = EDGE_CURVE('',#16645,#16653,#16655,.T.);
#16653 = VERTEX_POINT('',#16654);
#16654 = CARTESIAN_POINT('',(51.75,-58.,-5.E-02));
#16655 = LINE('',#16656,#16657);
#16656 = CARTESIAN_POINT('',(51.75,-37.5,-5.E-02));
#16657 = VECTOR('',#16658,1.);
#16658 = DIRECTION('',(0.,-1.,0.));
#16659 = ORIENTED_EDGE('',*,*,#16660,.T.);
#16660 = EDGE_CURVE('',#16653,#16661,#16663,.T.);
#16661 = VERTEX_POINT('',#16662);
#16662 = CARTESIAN_POINT('',(51.74764,-58.168344,-5.E-02));
#16663 = LINE('',#16664,#16665);
#16664 = CARTESIAN_POINT('',(51.75,-58.,-5.E-02));
#16665 = VECTOR('',#16666,1.);
#16666 = DIRECTION('',(-1.40175362879E-02,-0.999901749512,0.));
#16667 = ORIENTED_EDGE('',*,*,#16668,.T.);
#16668 = EDGE_CURVE('',#16661,#16669,#16671,.T.);
#16669 = VERTEX_POINT('',#16670);
#16670 = CARTESIAN_POINT('',(48.918344,-60.99764,-5.E-02));
#16671 = CIRCLE('',#16672,3.002361539719);
#16672 = AXIS2_PLACEMENT_3D('',#16673,#16674,#16675);
#16673 = CARTESIAN_POINT('',(48.750001651423,-58.00000165142,-5.E-02));
#16674 = DIRECTION('',(0.,0.,-1.));
#16675 = DIRECTION('',(0.998426841312,-5.606997903158E-02,0.));
#16676 = ORIENTED_EDGE('',*,*,#16677,.T.);
#16677 = EDGE_CURVE('',#16669,#16678,#16680,.T.);
#16678 = VERTEX_POINT('',#16679);
#16679 = CARTESIAN_POINT('',(48.75,-61.,-5.E-02));
#16680 = LINE('',#16681,#16682);
#16681 = CARTESIAN_POINT('',(48.918344,-60.99764,-5.E-02));
#16682 = VECTOR('',#16683,1.);
#16683 = DIRECTION('',(-0.999901749512,-1.40175362879E-02,0.));
#16684 = ORIENTED_EDGE('',*,*,#16685,.T.);
#16685 = EDGE_CURVE('',#16678,#16686,#16688,.T.);
#16686 = VERTEX_POINT('',#16687);
#16687 = CARTESIAN_POINT('',(31.75,-61.,-5.E-02));
#16688 = LINE('',#16689,#16690);
#16689 = CARTESIAN_POINT('',(48.75,-61.,-5.E-02));
#16690 = VECTOR('',#16691,1.);
#16691 = DIRECTION('',(-1.,0.,0.));
#16692 = ORIENTED_EDGE('',*,*,#16693,.T.);
#16693 = EDGE_CURVE('',#16686,#16694,#16696,.T.);
#16694 = VERTEX_POINT('',#16695);
#16695 = CARTESIAN_POINT('',(31.581656,-60.99764,-5.E-02));
#16696 = LINE('',#16697,#16698);
#16697 = CARTESIAN_POINT('',(31.75,-61.,-5.E-02));
#16698 = VECTOR('',#16699,1.);
#16699 = DIRECTION('',(-0.999901749512,1.40175362879E-02,0.));
#16700 = ORIENTED_EDGE('',*,*,#16701,.T.);
#16701 = EDGE_CURVE('',#16694,#16702,#16704,.T.);
#16702 = VERTEX_POINT('',#16703);
#16703 = CARTESIAN_POINT('',(28.75236,-58.168344,-5.E-02));
#16704 = CIRCLE('',#16705,3.002361539719);
#16705 = AXIS2_PLACEMENT_3D('',#16706,#16707,#16708);
#16706 = CARTESIAN_POINT('',(31.749998348577,-58.00000165142,-5.E-02));
#16707 = DIRECTION('',(0.,0.,-1.));
#16708 = DIRECTION('',(-5.606997903159E-02,-0.998426841312,-0.));
#16709 = ORIENTED_EDGE('',*,*,#16710,.T.);
#16710 = EDGE_CURVE('',#16702,#16711,#16713,.T.);
#16711 = VERTEX_POINT('',#16712);
#16712 = CARTESIAN_POINT('',(28.75,-58.,-5.E-02));
#16713 = LINE('',#16714,#16715);
#16714 = CARTESIAN_POINT('',(28.75236,-58.168344,-5.E-02));
#16715 = VECTOR('',#16716,1.);
#16716 = DIRECTION('',(-1.401753628788E-02,0.999901749512,0.));
#16717 = ORIENTED_EDGE('',*,*,#16718,.T.);
#16718 = EDGE_CURVE('',#16711,#16719,#16721,.T.);
#16719 = VERTEX_POINT('',#16720);
#16720 = CARTESIAN_POINT('',(28.75,-37.5,-5.E-02));
#16721 = LINE('',#16722,#16723);
#16722 = CARTESIAN_POINT('',(28.75,-58.,-5.E-02));
#16723 = VECTOR('',#16724,1.);
#16724 = DIRECTION('',(0.,1.,0.));
#16725 = ORIENTED_EDGE('',*,*,#16726,.T.);
#16726 = EDGE_CURVE('',#16719,#16601,#16727,.T.);
#16727 = LINE('',#16728,#16729);
#16728 = CARTESIAN_POINT('',(28.75,-37.5,-5.E-02));
#16729 = VECTOR('',#16730,1.);
#16730 = DIRECTION('',(1.401753628788E-02,0.999901749512,0.));
#16731 = FACE_BOUND('',#16732,.T.);
#16732 = EDGE_LOOP('',(#16733));
#16733 = ORIENTED_EDGE('',*,*,#16734,.T.);
#16734 = EDGE_CURVE('',#16735,#16735,#16737,.T.);
#16735 = VERTEX_POINT('',#16736);
#16736 = CARTESIAN_POINT('',(49.137473,-56.25,-5.E-02));
#16737 = CIRCLE('',#16738,2.137473);
#16738 = AXIS2_PLACEMENT_3D('',#16739,#16740,#16741);
#16739 = CARTESIAN_POINT('',(47.,-56.25,-5.E-02));
#16740 = DIRECTION('',(0.,0.,1.));
#16741 = DIRECTION('',(1.,0.,-0.));
#16742 = FACE_BOUND('',#16743,.T.);
#16743 = EDGE_LOOP('',(#16744));
#16744 = ORIENTED_EDGE('',*,*,#16745,.T.);
#16745 = EDGE_CURVE('',#16746,#16746,#16748,.T.);
#16746 = VERTEX_POINT('',#16747);
#16747 = CARTESIAN_POINT('',(36.319439,-38.275,-5.E-02));
#16748 = CIRCLE('',#16749,0.787439);
#16749 = AXIS2_PLACEMENT_3D('',#16750,#16751,#16752);
#16750 = CARTESIAN_POINT('',(35.532,-38.275,-5.E-02));
#16751 = DIRECTION('',(0.,0.,1.));
#16752 = DIRECTION('',(1.,0.,-0.));
#16753 = FACE_BOUND('',#16754,.T.);
#16754 = EDGE_LOOP('',(#16755));
#16755 = ORIENTED_EDGE('',*,*,#16756,.T.);
#16756 = EDGE_CURVE('',#16757,#16757,#16759,.T.);
#16757 = VERTEX_POINT('',#16758);
#16758 = CARTESIAN_POINT('',(41.399439,-38.275,-5.E-02));
#16759 = CIRCLE('',#16760,0.787439);
#16760 = AXIS2_PLACEMENT_3D('',#16761,#16762,#16763);
#16761 = CARTESIAN_POINT('',(40.612,-38.275,-5.E-02));
#16762 = DIRECTION('',(0.,0.,1.));
#16763 = DIRECTION('',(1.,0.,-0.));
#16764 = FACE_BOUND('',#16765,.T.);
#16765 = EDGE_LOOP('',(#16766));
#16766 = ORIENTED_EDGE('',*,*,#16767,.T.);
#16767 = EDGE_CURVE('',#16768,#16768,#16770,.T.);
#16768 = VERTEX_POINT('',#16769);
#16769 = CARTESIAN_POINT('',(46.479439,-38.275,-5.E-02));
#16770 = CIRCLE('',#16771,0.787439);
#16771 = AXIS2_PLACEMENT_3D('',#16772,#16773,#16774);
#16772 = CARTESIAN_POINT('',(45.692,-38.275,-5.E-02));
#16773 = DIRECTION('',(0.,0.,1.));
#16774 = DIRECTION('',(1.,0.,-0.));
#16775 = PLANE('',#16776);
#16776 = AXIS2_PLACEMENT_3D('',#16777,#16778,#16779);
#16777 = CARTESIAN_POINT('',(0.,0.,-5.E-02));
#16778 = DIRECTION('',(-0.,-0.,-1.));
#16779 = DIRECTION('',(-1.,0.,0.));
#16780 = ( GEOMETRIC_REPRESENTATION_CONTEXT(3) 
GLOBAL_UNCERTAINTY_ASSIGNED_CONTEXT((#16784)) 
GLOBAL_UNIT_ASSIGNED_CONTEXT((#16781,#16782,#16783)) 
REPRESENTATION_CONTEXT('Context #1',
  '3D Context with UNIT and UNCERTAINTY') );
#16781 = ( LENGTH_UNIT() NAMED_UNIT(*) SI_UNIT(.MILLI.,.METRE.) );
#16782 = ( NAMED_UNIT(*) PLANE_ANGLE_UNIT() SI_UNIT($,.RADIAN.) );
#16783 = ( NAMED_UNIT(*) SI_UNIT($,.STERADIAN.) SOLID_ANGLE_UNIT() );
#16784 = UNCERTAINTY_MEASURE_WITH_UNIT(LENGTH_MEASURE(1.E-07),#16781,
  'distance_accuracy_value','confusion accuracy');
#16785 = CONTEXT_DEPENDENT_SHAPE_REPRESENTATION(#16786,#16788);
#16786 = ( REPRESENTATION_RELATIONSHIP('','',#16593,#10) 
REPRESENTATION_RELATIONSHIP_WITH_TRANSFORMATION(#16787) 
SHAPE_REPRESENTATION_RELATIONSHIP() );
#16787 = ITEM_DEFINED_TRANSFORMATION('','',#11,#51);
#16788 = PRODUCT_DEFINITION_SHAPE('Placement','Placement of an item',
  #16789);
#16789 = NEXT_ASSEMBLY_USAGE_OCCURRENCE('23','=>[0:1:1:9]','',#5,#16588,
  $);
#16790 = PRODUCT_RELATED_PRODUCT_CATEGORY('part',$,(#16590));
#16791 = SHAPE_DEFINITION_REPRESENTATION(#16792,#16798);
#16792 = PRODUCT_DEFINITION_SHAPE('','',#16793);
#16793 = PRODUCT_DEFINITION('design','',#16794,#16797);
#16794 = PRODUCT_DEFINITION_FORMATION('','',#16795);
#16795 = PRODUCT('neo-switch CH32V003J4M6_PCB',
  'neo-switch CH32V003J4M6_PCB','',(#16796));
#16796 = PRODUCT_CONTEXT('',#2,'mechanical');
#16797 = PRODUCT_DEFINITION_CONTEXT('part definition',#2,'design');
#16798 = ADVANCED_BREP_SHAPE_REPRESENTATION('',(#11,#16799),#17245);
#16799 = MANIFOLD_SOLID_BREP('',#16800);
#16800 = CLOSED_SHELL('',(#16801,#16843,#16874,#16905,#17001,#17097,
    #17114,#17131,#17148,#17165,#17177,#17194,#17211,#17228));
#16801 = ADVANCED_FACE('',(#16802),#16838,.T.);
#16802 = FACE_BOUND('',#16803,.T.);
#16803 = EDGE_LOOP('',(#16804,#16814,#16823,#16831));
#16804 = ORIENTED_EDGE('',*,*,#16805,.T.);
#16805 = EDGE_CURVE('',#16806,#16808,#16810,.T.);
#16806 = VERTEX_POINT('',#16807);
#16807 = CARTESIAN_POINT('',(48.75,-34.5,0.));
#16808 = VERTEX_POINT('',#16809);
#16809 = CARTESIAN_POINT('',(48.75,-34.5,1.51));
#16810 = LINE('',#16811,#16812);
#16811 = CARTESIAN_POINT('',(48.75,-34.5,0.));
#16812 = VECTOR('',#16813,1.);
#16813 = DIRECTION('',(0.,0.,1.));
#16814 = ORIENTED_EDGE('',*,*,#16815,.T.);
#16815 = EDGE_CURVE('',#16808,#16816,#16818,.T.);
#16816 = VERTEX_POINT('',#16817);
#16817 = CARTESIAN_POINT('',(51.75,-37.5,1.51));
#16818 = CIRCLE('',#16819,3.000001172987);
#16819 = AXIS2_PLACEMENT_3D('',#16820,#16821,#16822);
#16820 = CARTESIAN_POINT('',(48.749998827013,-37.50000117298,1.51));
#16821 = DIRECTION('',(0.,0.,-1.));
#16822 = DIRECTION('',(3.909953663434E-07,1.,0.));
#16823 = ORIENTED_EDGE('',*,*,#16824,.F.);
#16824 = EDGE_CURVE('',#16825,#16816,#16827,.T.);
#16825 = VERTEX_POINT('',#16826);
#16826 = CARTESIAN_POINT('',(51.75,-37.5,0.));
#16827 = LINE('',#16828,#16829);
#16828 = CARTESIAN_POINT('',(51.75,-37.5,0.));
#16829 = VECTOR('',#16830,1.);
#16830 = DIRECTION('',(0.,0.,1.));
#16831 = ORIENTED_EDGE('',*,*,#16832,.F.);
#16832 = EDGE_CURVE('',#16806,#16825,#16833,.T.);
#16833 = CIRCLE('',#16834,3.000001172987);
#16834 = AXIS2_PLACEMENT_3D('',#16835,#16836,#16837);
#16835 = CARTESIAN_POINT('',(48.749998827013,-37.50000117298,0.));
#16836 = DIRECTION('',(0.,0.,-1.));
#16837 = DIRECTION('',(3.909953663434E-07,1.,0.));
#16838 = CYLINDRICAL_SURFACE('',#16839,3.000001172987);
#16839 = AXIS2_PLACEMENT_3D('',#16840,#16841,#16842);
#16840 = CARTESIAN_POINT('',(48.749998827013,-37.50000117298,0.));
#16841 = DIRECTION('',(0.,0.,-1.));
#16842 = DIRECTION('',(3.909953663434E-07,1.,0.));
#16843 = ADVANCED_FACE('',(#16844),#16869,.T.);
#16844 = FACE_BOUND('',#16845,.T.);
#16845 = EDGE_LOOP('',(#16846,#16856,#16862,#16863));
#16846 = ORIENTED_EDGE('',*,*,#16847,.T.);
#16847 = EDGE_CURVE('',#16848,#16850,#16852,.T.);
#16848 = VERTEX_POINT('',#16849);
#16849 = CARTESIAN_POINT('',(31.75,-34.5,0.));
#16850 = VERTEX_POINT('',#16851);
#16851 = CARTESIAN_POINT('',(31.75,-34.5,1.51));
#16852 = LINE('',#16853,#16854);
#16853 = CARTESIAN_POINT('',(31.75,-34.5,0.));
#16854 = VECTOR('',#16855,1.);
#16855 = DIRECTION('',(0.,0.,1.));
#16856 = ORIENTED_EDGE('',*,*,#16857,.T.);
#16857 = EDGE_CURVE('',#16850,#16808,#16858,.T.);
#16858 = LINE('',#16859,#16860);
#16859 = CARTESIAN_POINT('',(31.75,-34.5,1.51));
#16860 = VECTOR('',#16861,1.);
#16861 = DIRECTION('',(1.,0.,0.));
#16862 = ORIENTED_EDGE('',*,*,#16805,.F.);
#16863 = ORIENTED_EDGE('',*,*,#16864,.F.);
#16864 = EDGE_CURVE('',#16848,#16806,#16865,.T.);
#16865 = LINE('',#16866,#16867);
#16866 = CARTESIAN_POINT('',(31.75,-34.5,0.));
#16867 = VECTOR('',#16868,1.);
#16868 = DIRECTION('',(1.,0.,0.));
#16869 = PLANE('',#16870);
#16870 = AXIS2_PLACEMENT_3D('',#16871,#16872,#16873);
#16871 = CARTESIAN_POINT('',(31.75,-34.5,0.));
#16872 = DIRECTION('',(0.,1.,0.));
#16873 = DIRECTION('',(1.,0.,0.));
#16874 = ADVANCED_FACE('',(#16875),#16900,.T.);
#16875 = FACE_BOUND('',#16876,.T.);
#16876 = EDGE_LOOP('',(#16877,#16878,#16886,#16894));
#16877 = ORIENTED_EDGE('',*,*,#16824,.T.);
#16878 = ORIENTED_EDGE('',*,*,#16879,.T.);
#16879 = EDGE_CURVE('',#16816,#16880,#16882,.T.);
#16880 = VERTEX_POINT('',#16881);
#16881 = CARTESIAN_POINT('',(51.75,-58.,1.51));
#16882 = LINE('',#16883,#16884);
#16883 = CARTESIAN_POINT('',(51.75,-37.5,1.51));
#16884 = VECTOR('',#16885,1.);
#16885 = DIRECTION('',(0.,-1.,0.));
#16886 = ORIENTED_EDGE('',*,*,#16887,.F.);
#16887 = EDGE_CURVE('',#16888,#16880,#16890,.T.);
#16888 = VERTEX_POINT('',#16889);
#16889 = CARTESIAN_POINT('',(51.75,-58.,0.));
#16890 = LINE('',#16891,#16892);
#16891 = CARTESIAN_POINT('',(51.75,-58.,0.));
#16892 = VECTOR('',#16893,1.);
#16893 = DIRECTION('',(0.,0.,1.));
#16894 = ORIENTED_EDGE('',*,*,#16895,.F.);
#16895 = EDGE_CURVE('',#16825,#16888,#16896,.T.);
#16896 = LINE('',#16897,#16898);
#16897 = CARTESIAN_POINT('',(51.75,-37.5,0.));
#16898 = VECTOR('',#16899,1.);
#16899 = DIRECTION('',(0.,-1.,0.));
#16900 = PLANE('',#16901);
#16901 = AXIS2_PLACEMENT_3D('',#16902,#16903,#16904);
#16902 = CARTESIAN_POINT('',(51.75,-37.5,0.));
#16903 = DIRECTION('',(1.,0.,-0.));
#16904 = DIRECTION('',(0.,-1.,0.));
#16905 = ADVANCED_FACE('',(#16906,#16952,#16963,#16974,#16985),#16996,
  .F.);
#16906 = FACE_BOUND('',#16907,.F.);
#16907 = EDGE_LOOP('',(#16908,#16909,#16910,#16919,#16927,#16936,#16944,
    #16951));
#16908 = ORIENTED_EDGE('',*,*,#16832,.F.);
#16909 = ORIENTED_EDGE('',*,*,#16864,.F.);
#16910 = ORIENTED_EDGE('',*,*,#16911,.F.);
#16911 = EDGE_CURVE('',#16912,#16848,#16914,.T.);
#16912 = VERTEX_POINT('',#16913);
#16913 = CARTESIAN_POINT('',(28.75,-37.5,0.));
#16914 = CIRCLE('',#16915,3.000001172987);
#16915 = AXIS2_PLACEMENT_3D('',#16916,#16917,#16918);
#16916 = CARTESIAN_POINT('',(31.750001172987,-37.50000117298,0.));
#16917 = DIRECTION('',(0.,0.,-1.));
#16918 = DIRECTION('',(-1.,3.909953639749E-07,0.));
#16919 = ORIENTED_EDGE('',*,*,#16920,.F.);
#16920 = EDGE_CURVE('',#16921,#16912,#16923,.T.);
#16921 = VERTEX_POINT('',#16922);
#16922 = CARTESIAN_POINT('',(28.75,-58.,0.));
#16923 = LINE('',#16924,#16925);
#16924 = CARTESIAN_POINT('',(28.75,-58.,0.));
#16925 = VECTOR('',#16926,1.);
#16926 = DIRECTION('',(0.,1.,0.));
#16927 = ORIENTED_EDGE('',*,*,#16928,.F.);
#16928 = EDGE_CURVE('',#16929,#16921,#16931,.T.);
#16929 = VERTEX_POINT('',#16930);
#16930 = CARTESIAN_POINT('',(31.75,-61.,0.));
#16931 = CIRCLE('',#16932,3.000001172987);
#16932 = AXIS2_PLACEMENT_3D('',#16933,#16934,#16935);
#16933 = CARTESIAN_POINT('',(31.750001172987,-57.99999882701,0.));
#16934 = DIRECTION('',(0.,0.,-1.));
#16935 = DIRECTION('',(-3.909953639749E-07,-1.,-0.));
#16936 = ORIENTED_EDGE('',*,*,#16937,.F.);
#16937 = EDGE_CURVE('',#16938,#16929,#16940,.T.);
#16938 = VERTEX_POINT('',#16939);
#16939 = CARTESIAN_POINT('',(48.75,-61.,0.));
#16940 = LINE('',#16941,#16942);
#16941 = CARTESIAN_POINT('',(48.75,-61.,0.));
#16942 = VECTOR('',#16943,1.);
#16943 = DIRECTION('',(-1.,0.,0.));
#16944 = ORIENTED_EDGE('',*,*,#16945,.F.);
#16945 = EDGE_CURVE('',#16888,#16938,#16946,.T.);
#16946 = CIRCLE('',#16947,3.000001172987);
#16947 = AXIS2_PLACEMENT_3D('',#16948,#16949,#16950);
#16948 = CARTESIAN_POINT('',(48.749998827013,-57.99999882701,0.));
#16949 = DIRECTION('',(0.,0.,-1.));
#16950 = DIRECTION('',(1.,-3.909953663434E-07,0.));
#16951 = ORIENTED_EDGE('',*,*,#16895,.F.);
#16952 = FACE_BOUND('',#16953,.F.);
#16953 = EDGE_LOOP('',(#16954));
#16954 = ORIENTED_EDGE('',*,*,#16955,.T.);
#16955 = EDGE_CURVE('',#16956,#16956,#16958,.T.);
#16956 = VERTEX_POINT('',#16957);
#16957 = CARTESIAN_POINT('',(47.,-58.4,0.));
#16958 = CIRCLE('',#16959,2.15);
#16959 = AXIS2_PLACEMENT_3D('',#16960,#16961,#16962);
#16960 = CARTESIAN_POINT('',(47.,-56.25,0.));
#16961 = DIRECTION('',(-0.,0.,-1.));
#16962 = DIRECTION('',(-0.,-1.,0.));
#16963 = FACE_BOUND('',#16964,.F.);
#16964 = EDGE_LOOP('',(#16965));
#16965 = ORIENTED_EDGE('',*,*,#16966,.T.);
#16966 = EDGE_CURVE('',#16967,#16967,#16969,.T.);
#16967 = VERTEX_POINT('',#16968);
#16968 = CARTESIAN_POINT('',(35.532,-39.075,0.));
#16969 = CIRCLE('',#16970,0.8);
#16970 = AXIS2_PLACEMENT_3D('',#16971,#16972,#16973);
#16971 = CARTESIAN_POINT('',(35.532,-38.275,0.));
#16972 = DIRECTION('',(-0.,0.,-1.));
#16973 = DIRECTION('',(-0.,-1.,0.));
#16974 = FACE_BOUND('',#16975,.F.);
#16975 = EDGE_LOOP('',(#16976));
#16976 = ORIENTED_EDGE('',*,*,#16977,.T.);
#16977 = EDGE_CURVE('',#16978,#16978,#16980,.T.);
#16978 = VERTEX_POINT('',#16979);
#16979 = CARTESIAN_POINT('',(40.612,-39.075,0.));
#16980 = CIRCLE('',#16981,0.8);
#16981 = AXIS2_PLACEMENT_3D('',#16982,#16983,#16984);
#16982 = CARTESIAN_POINT('',(40.612,-38.275,0.));
#16983 = DIRECTION('',(-0.,0.,-1.));
#16984 = DIRECTION('',(8.881784197001E-15,-1.,-0.));
#16985 = FACE_BOUND('',#16986,.F.);
#16986 = EDGE_LOOP('',(#16987));
#16987 = ORIENTED_EDGE('',*,*,#16988,.T.);
#16988 = EDGE_CURVE('',#16989,#16989,#16991,.T.);
#16989 = VERTEX_POINT('',#16990);
#16990 = CARTESIAN_POINT('',(45.692,-39.075,0.));
#16991 = CIRCLE('',#16992,0.8);
#16992 = AXIS2_PLACEMENT_3D('',#16993,#16994,#16995);
#16993 = CARTESIAN_POINT('',(45.692,-38.275,0.));
#16994 = DIRECTION('',(-0.,0.,-1.));
#16995 = DIRECTION('',(-0.,-1.,0.));
#16996 = PLANE('',#16997);
#16997 = AXIS2_PLACEMENT_3D('',#16998,#16999,#17000);
#16998 = CARTESIAN_POINT('',(0.,0.,0.));
#16999 = DIRECTION('',(0.,0.,1.));
#17000 = DIRECTION('',(1.,0.,-0.));
#17001 = ADVANCED_FACE('',(#17002,#17048,#17059,#17070,#17081),#17092,
  .T.);
#17002 = FACE_BOUND('',#17003,.T.);
#17003 = EDGE_LOOP('',(#17004,#17005,#17006,#17015,#17023,#17032,#17040,
    #17047));
#17004 = ORIENTED_EDGE('',*,*,#16815,.F.);
#17005 = ORIENTED_EDGE('',*,*,#16857,.F.);
#17006 = ORIENTED_EDGE('',*,*,#17007,.F.);
#17007 = EDGE_CURVE('',#17008,#16850,#17010,.T.);
#17008 = VERTEX_POINT('',#17009);
#17009 = CARTESIAN_POINT('',(28.75,-37.5,1.51));
#17010 = CIRCLE('',#17011,3.000001172987);
#17011 = AXIS2_PLACEMENT_3D('',#17012,#17013,#17014);
#17012 = CARTESIAN_POINT('',(31.750001172987,-37.50000117298,1.51));
#17013 = DIRECTION('',(0.,0.,-1.));
#17014 = DIRECTION('',(-1.,3.909953639749E-07,0.));
#17015 = ORIENTED_EDGE('',*,*,#17016,.F.);
#17016 = EDGE_CURVE('',#17017,#17008,#17019,.T.);
#17017 = VERTEX_POINT('',#17018);
#17018 = CARTESIAN_POINT('',(28.75,-58.,1.51));
#17019 = LINE('',#17020,#17021);
#17020 = CARTESIAN_POINT('',(28.75,-58.,1.51));
#17021 = VECTOR('',#17022,1.);
#17022 = DIRECTION('',(0.,1.,0.));
#17023 = ORIENTED_EDGE('',*,*,#17024,.F.);
#17024 = EDGE_CURVE('',#17025,#17017,#17027,.T.);
#17025 = VERTEX_POINT('',#17026);
#17026 = CARTESIAN_POINT('',(31.75,-61.,1.51));
#17027 = CIRCLE('',#17028,3.000001172987);
#17028 = AXIS2_PLACEMENT_3D('',#17029,#17030,#17031);
#17029 = CARTESIAN_POINT('',(31.750001172987,-57.99999882701,1.51));
#17030 = DIRECTION('',(0.,0.,-1.));
#17031 = DIRECTION('',(-3.909953639749E-07,-1.,-0.));
#17032 = ORIENTED_EDGE('',*,*,#17033,.F.);
#17033 = EDGE_CURVE('',#17034,#17025,#17036,.T.);
#17034 = VERTEX_POINT('',#17035);
#17035 = CARTESIAN_POINT('',(48.75,-61.,1.51));
#17036 = LINE('',#17037,#17038);
#17037 = CARTESIAN_POINT('',(48.75,-61.,1.51));
#17038 = VECTOR('',#17039,1.);
#17039 = DIRECTION('',(-1.,0.,0.));
#17040 = ORIENTED_EDGE('',*,*,#17041,.F.);
#17041 = EDGE_CURVE('',#16880,#17034,#17042,.T.);
#17042 = CIRCLE('',#17043,3.000001172987);
#17043 = AXIS2_PLACEMENT_3D('',#17044,#17045,#17046);
#17044 = CARTESIAN_POINT('',(48.749998827013,-57.99999882701,1.51));
#17045 = DIRECTION('',(0.,0.,-1.));
#17046 = DIRECTION('',(1.,-3.909953663434E-07,0.));
#17047 = ORIENTED_EDGE('',*,*,#16879,.F.);
#17048 = FACE_BOUND('',#17049,.T.);
#17049 = EDGE_LOOP('',(#17050));
#17050 = ORIENTED_EDGE('',*,*,#17051,.T.);
#17051 = EDGE_CURVE('',#17052,#17052,#17054,.T.);
#17052 = VERTEX_POINT('',#17053);
#17053 = CARTESIAN_POINT('',(47.,-58.4,1.51));
#17054 = CIRCLE('',#17055,2.15);
#17055 = AXIS2_PLACEMENT_3D('',#17056,#17057,#17058);
#17056 = CARTESIAN_POINT('',(47.,-56.25,1.51));
#17057 = DIRECTION('',(-0.,0.,-1.));
#17058 = DIRECTION('',(-0.,-1.,0.));
#17059 = FACE_BOUND('',#17060,.T.);
#17060 = EDGE_LOOP('',(#17061));
#17061 = ORIENTED_EDGE('',*,*,#17062,.T.);
#17062 = EDGE_CURVE('',#17063,#17063,#17065,.T.);
#17063 = VERTEX_POINT('',#17064);
#17064 = CARTESIAN_POINT('',(35.532,-39.075,1.51));
#17065 = CIRCLE('',#17066,0.8);
#17066 = AXIS2_PLACEMENT_3D('',#17067,#17068,#17069);
#17067 = CARTESIAN_POINT('',(35.532,-38.275,1.51));
#17068 = DIRECTION('',(-0.,0.,-1.));
#17069 = DIRECTION('',(-0.,-1.,0.));
#17070 = FACE_BOUND('',#17071,.T.);
#17071 = EDGE_LOOP('',(#17072));
#17072 = ORIENTED_EDGE('',*,*,#17073,.T.);
#17073 = EDGE_CURVE('',#17074,#17074,#17076,.T.);
#17074 = VERTEX_POINT('',#17075);
#17075 = CARTESIAN_POINT('',(40.612,-39.075,1.51));
#17076 = CIRCLE('',#17077,0.8);
#17077 = AXIS2_PLACEMENT_3D('',#17078,#17079,#17080);
#17078 = CARTESIAN_POINT('',(40.612,-38.275,1.51));
#17079 = DIRECTION('',(-0.,0.,-1.));
#17080 = DIRECTION('',(8.881784197001E-15,-1.,-0.));
#17081 = FACE_BOUND('',#17082,.T.);
#17082 = EDGE_LOOP('',(#17083));
#17083 = ORIENTED_EDGE('',*,*,#17084,.T.);
#17084 = EDGE_CURVE('',#17085,#17085,#17087,.T.);
#17085 = VERTEX_POINT('',#17086);
#17086 = CARTESIAN_POINT('',(45.692,-39.075,1.51));
#17087 = CIRCLE('',#17088,0.8);
#17088 = AXIS2_PLACEMENT_3D('',#17089,#17090,#17091);
#17089 = CARTESIAN_POINT('',(45.692,-38.275,1.51));
#17090 = DIRECTION('',(-0.,0.,-1.));
#17091 = DIRECTION('',(-0.,-1.,0.));
#17092 = PLANE('',#17093);
#17093 = AXIS2_PLACEMENT_3D('',#17094,#17095,#17096);
#17094 = CARTESIAN_POINT('',(0.,0.,1.51));
#17095 = DIRECTION('',(0.,0.,1.));
#17096 = DIRECTION('',(1.,0.,-0.));
#17097 = ADVANCED_FACE('',(#17098),#17109,.T.);
#17098 = FACE_BOUND('',#17099,.T.);
#17099 = EDGE_LOOP('',(#17100,#17106,#17107,#17108));
#17100 = ORIENTED_EDGE('',*,*,#17101,.T.);
#17101 = EDGE_CURVE('',#16912,#17008,#17102,.T.);
#17102 = LINE('',#17103,#17104);
#17103 = CARTESIAN_POINT('',(28.75,-37.5,0.));
#17104 = VECTOR('',#17105,1.);
#17105 = DIRECTION('',(0.,0.,1.));
#17106 = ORIENTED_EDGE('',*,*,#17007,.T.);
#17107 = ORIENTED_EDGE('',*,*,#16847,.F.);
#17108 = ORIENTED_EDGE('',*,*,#16911,.F.);
#17109 = CYLINDRICAL_SURFACE('',#17110,3.000001172987);
#17110 = AXIS2_PLACEMENT_3D('',#17111,#17112,#17113);
#17111 = CARTESIAN_POINT('',(31.750001172987,-37.50000117298,0.));
#17112 = DIRECTION('',(0.,0.,-1.));
#17113 = DIRECTION('',(-1.,3.909953639749E-07,0.));
#17114 = ADVANCED_FACE('',(#17115),#17126,.T.);
#17115 = FACE_BOUND('',#17116,.T.);
#17116 = EDGE_LOOP('',(#17117,#17118,#17119,#17125));
#17117 = ORIENTED_EDGE('',*,*,#16887,.T.);
#17118 = ORIENTED_EDGE('',*,*,#17041,.T.);
#17119 = ORIENTED_EDGE('',*,*,#17120,.F.);
#17120 = EDGE_CURVE('',#16938,#17034,#17121,.T.);
#17121 = LINE('',#17122,#17123);
#17122 = CARTESIAN_POINT('',(48.75,-61.,0.));
#17123 = VECTOR('',#17124,1.);
#17124 = DIRECTION('',(0.,0.,1.));
#17125 = ORIENTED_EDGE('',*,*,#16945,.F.);
#17126 = CYLINDRICAL_SURFACE('',#17127,3.000001172987);
#17127 = AXIS2_PLACEMENT_3D('',#17128,#17129,#17130);
#17128 = CARTESIAN_POINT('',(48.749998827013,-57.99999882701,0.));
#17129 = DIRECTION('',(0.,0.,-1.));
#17130 = DIRECTION('',(1.,-3.909953663434E-07,0.));
#17131 = ADVANCED_FACE('',(#17132),#17143,.T.);
#17132 = FACE_BOUND('',#17133,.T.);
#17133 = EDGE_LOOP('',(#17134,#17140,#17141,#17142));
#17134 = ORIENTED_EDGE('',*,*,#17135,.T.);
#17135 = EDGE_CURVE('',#16921,#17017,#17136,.T.);
#17136 = LINE('',#17137,#17138);
#17137 = CARTESIAN_POINT('',(28.75,-58.,0.));
#17138 = VECTOR('',#17139,1.);
#17139 = DIRECTION('',(0.,0.,1.));
#17140 = ORIENTED_EDGE('',*,*,#17016,.T.);
#17141 = ORIENTED_EDGE('',*,*,#17101,.F.);
#17142 = ORIENTED_EDGE('',*,*,#16920,.F.);
#17143 = PLANE('',#17144);
#17144 = AXIS2_PLACEMENT_3D('',#17145,#17146,#17147);
#17145 = CARTESIAN_POINT('',(28.75,-58.,0.));
#17146 = DIRECTION('',(-1.,0.,0.));
#17147 = DIRECTION('',(0.,1.,0.));
#17148 = ADVANCED_FACE('',(#17149),#17160,.T.);
#17149 = FACE_BOUND('',#17150,.T.);
#17150 = EDGE_LOOP('',(#17151,#17152,#17153,#17159));
#17151 = ORIENTED_EDGE('',*,*,#17120,.T.);
#17152 = ORIENTED_EDGE('',*,*,#17033,.T.);
#17153 = ORIENTED_EDGE('',*,*,#17154,.F.);
#17154 = EDGE_CURVE('',#16929,#17025,#17155,.T.);
#17155 = LINE('',#17156,#17157);
#17156 = CARTESIAN_POINT('',(31.75,-61.,0.));
#17157 = VECTOR('',#17158,1.);
#17158 = DIRECTION('',(0.,0.,1.));
#17159 = ORIENTED_EDGE('',*,*,#16937,.F.);
#17160 = PLANE('',#17161);
#17161 = AXIS2_PLACEMENT_3D('',#17162,#17163,#17164);
#17162 = CARTESIAN_POINT('',(48.75,-61.,0.));
#17163 = DIRECTION('',(0.,-1.,0.));
#17164 = DIRECTION('',(-1.,0.,0.));
#17165 = ADVANCED_FACE('',(#17166),#17172,.T.);
#17166 = FACE_BOUND('',#17167,.T.);
#17167 = EDGE_LOOP('',(#17168,#17169,#17170,#17171));
#17168 = ORIENTED_EDGE('',*,*,#17154,.T.);
#17169 = ORIENTED_EDGE('',*,*,#17024,.T.);
#17170 = ORIENTED_EDGE('',*,*,#17135,.F.);
#17171 = ORIENTED_EDGE('',*,*,#16928,.F.);
#17172 = CYLINDRICAL_SURFACE('',#17173,3.000001172987);
#17173 = AXIS2_PLACEMENT_3D('',#17174,#17175,#17176);
#17174 = CARTESIAN_POINT('',(31.750001172987,-57.99999882701,0.));
#17175 = DIRECTION('',(0.,0.,-1.));
#17176 = DIRECTION('',(-3.909953639749E-07,-1.,-0.));
#17177 = ADVANCED_FACE('',(#17178),#17189,.F.);
#17178 = FACE_BOUND('',#17179,.T.);
#17179 = EDGE_LOOP('',(#17180,#17181,#17187,#17188));
#17180 = ORIENTED_EDGE('',*,*,#16955,.T.);
#17181 = ORIENTED_EDGE('',*,*,#17182,.T.);
#17182 = EDGE_CURVE('',#16956,#17052,#17183,.T.);
#17183 = LINE('',#17184,#17185);
#17184 = CARTESIAN_POINT('',(47.,-58.4,-4.6E-02));
#17185 = VECTOR('',#17186,1.);
#17186 = DIRECTION('',(0.,0.,1.));
#17187 = ORIENTED_EDGE('',*,*,#17051,.F.);
#17188 = ORIENTED_EDGE('',*,*,#17182,.F.);
#17189 = CYLINDRICAL_SURFACE('',#17190,2.15);
#17190 = AXIS2_PLACEMENT_3D('',#17191,#17192,#17193);
#17191 = CARTESIAN_POINT('',(47.,-56.25,-4.6E-02));
#17192 = DIRECTION('',(-0.,-0.,-1.));
#17193 = DIRECTION('',(-0.,-1.,0.));
#17194 = ADVANCED_FACE('',(#17195),#17206,.F.);
#17195 = FACE_BOUND('',#17196,.T.);
#17196 = EDGE_LOOP('',(#17197,#17198,#17204,#17205));
#17197 = ORIENTED_EDGE('',*,*,#16966,.T.);
#17198 = ORIENTED_EDGE('',*,*,#17199,.T.);
#17199 = EDGE_CURVE('',#16967,#17063,#17200,.T.);
#17200 = LINE('',#17201,#17202);
#17201 = CARTESIAN_POINT('',(35.532,-39.075,-4.6E-02));
#17202 = VECTOR('',#17203,1.);
#17203 = DIRECTION('',(0.,0.,1.));
#17204 = ORIENTED_EDGE('',*,*,#17062,.F.);
#17205 = ORIENTED_EDGE('',*,*,#17199,.F.);
#17206 = CYLINDRICAL_SURFACE('',#17207,0.8);
#17207 = AXIS2_PLACEMENT_3D('',#17208,#17209,#17210);
#17208 = CARTESIAN_POINT('',(35.532,-38.275,-4.6E-02));
#17209 = DIRECTION('',(-0.,-0.,-1.));
#17210 = DIRECTION('',(-0.,-1.,0.));
#17211 = ADVANCED_FACE('',(#17212),#17223,.F.);
#17212 = FACE_BOUND('',#17213,.T.);
#17213 = EDGE_LOOP('',(#17214,#17215,#17221,#17222));
#17214 = ORIENTED_EDGE('',*,*,#16977,.T.);
#17215 = ORIENTED_EDGE('',*,*,#17216,.T.);
#17216 = EDGE_CURVE('',#16978,#17074,#17217,.T.);
#17217 = LINE('',#17218,#17219);
#17218 = CARTESIAN_POINT('',(40.612,-39.075,-4.6E-02));
#17219 = VECTOR('',#17220,1.);
#17220 = DIRECTION('',(0.,0.,1.));
#17221 = ORIENTED_EDGE('',*,*,#17073,.F.);
#17222 = ORIENTED_EDGE('',*,*,#17216,.F.);
#17223 = CYLINDRICAL_SURFACE('',#17224,0.8);
#17224 = AXIS2_PLACEMENT_3D('',#17225,#17226,#17227);
#17225 = CARTESIAN_POINT('',(40.612,-38.275,-4.6E-02));
#17226 = DIRECTION('',(-0.,0.,-1.));
#17227 = DIRECTION('',(8.881784197001E-15,-1.,-0.));
#17228 = ADVANCED_FACE('',(#17229),#17240,.F.);
#17229 = FACE_BOUND('',#17230,.T.);
#17230 = EDGE_LOOP('',(#17231,#17232,#17238,#17239));
#17231 = ORIENTED_EDGE('',*,*,#16988,.T.);
#17232 = ORIENTED_EDGE('',*,*,#17233,.T.);
#17233 = EDGE_CURVE('',#16989,#17085,#17234,.T.);
#17234 = LINE('',#17235,#17236);
#17235 = CARTESIAN_POINT('',(45.692,-39.075,-4.6E-02));
#17236 = VECTOR('',#17237,1.);
#17237 = DIRECTION('',(0.,0.,1.));
#17238 = ORIENTED_EDGE('',*,*,#17084,.F.);
#17239 = ORIENTED_EDGE('',*,*,#17233,.F.);
#17240 = CYLINDRICAL_SURFACE('',#17241,0.8);
#17241 = AXIS2_PLACEMENT_3D('',#17242,#17243,#17244);
#17242 = CARTESIAN_POINT('',(45.692,-38.275,-4.6E-02));
#17243 = DIRECTION('',(-0.,-0.,-1.));
#17244 = DIRECTION('',(-0.,-1.,0.));
#17245 = ( GEOMETRIC_REPRESENTATION_CONTEXT(3) 
GLOBAL_UNCERTAINTY_ASSIGNED_CONTEXT((#17249)) 
GLOBAL_UNIT_ASSIGNED_CONTEXT((#17246,#17247,#17248)) 
REPRESENTATION_CONTEXT('Context #1',
  '3D Context with UNIT and UNCERTAINTY') );
#17246 = ( LENGTH_UNIT() NAMED_UNIT(*) SI_UNIT(.MILLI.,.METRE.) );
#17247 = ( NAMED_UNIT(*) PLANE_ANGLE_UNIT() SI_UNIT($,.RADIAN.) );
#17248 = ( NAMED_UNIT(*) SI_UNIT($,.STERADIAN.) SOLID_ANGLE_UNIT() );
#17249 = UNCERTAINTY_MEASURE_WITH_UNIT(LENGTH_MEASURE(1.E-07),#17246,
  'distance_accuracy_value','confusion accuracy');
#17250 = CONTEXT_DEPENDENT_SHAPE_REPRESENTATION(#17251,#17253);
#17251 = ( REPRESENTATION_RELATIONSHIP('','',#16798,#10) 
REPRESENTATION_RELATIONSHIP_WITH_TRANSFORMATION(#17252) 
SHAPE_REPRESENTATION_RELATIONSHIP() );
#17252 = ITEM_DEFINED_TRANSFORMATION('','',#11,#55);
#17253 = PRODUCT_DEFINITION_SHAPE('Placement','Placement of an item',
  #17254);
#17254 = NEXT_ASSEMBLY_USAGE_OCCURRENCE('24','=>[0:1:1:10]','',#5,#16793
  ,$);
#17255 = PRODUCT_RELATED_PRODUCT_CATEGORY('part',$,(#16795));
#17256 = MECHANICAL_DESIGN_GEOMETRIC_PRESENTATION_REPRESENTATION('',(
    #17257),#16780);
#17257 = STYLED_ITEM('color',(#17258),#16596);
#17258 = PRESENTATION_STYLE_ASSIGNMENT((#17259));
#17259 = SURFACE_STYLE_USAGE(.BOTH.,#17260);
#17260 = SURFACE_SIDE_STYLE('',(#17261,#17265));
#17261 = SURFACE_STYLE_FILL_AREA(#17262);
#17262 = FILL_AREA_STYLE('',(#17263));
#17263 = FILL_AREA_STYLE_COLOUR('',#17264);
#17264 = COLOUR_RGB('',0.313304153717,0.484529207832,0.410020903123);
#17265 = SURFACE_STYLE_RENDERING_WITH_PROPERTIES(.NORMAL_SHADING.,#17264
  ,(#17266));
#17266 = SURFACE_STYLE_TRANSPARENT(0.170000016689);
#17267 = MECHANICAL_DESIGN_GEOMETRIC_PRESENTATION_REPRESENTATION('',(
    #17268,#17278,#17287,#17296,#17305,#17314,#17323,#17332,#17341,
    #17350,#17359,#17368,#17377,#17386,#17395,#17404,#17413,#17422,
    #17431,#17440,#17449,#17458,#17467,#17476,#17485,#17494,#17503,
    #17512,#17521,#17530,#17539,#17548,#17557,#17566,#17575,#17584,
    #17593,#17602,#17611,#17620),#16370);
#17268 = STYLED_ITEM('color',(#17269),#11871);
#17269 = PRESENTATION_STYLE_ASSIGNMENT((#17270));
#17270 = SURFACE_STYLE_USAGE(.BOTH.,#17271);
#17271 = SURFACE_SIDE_STYLE('',(#17272,#17276));
#17272 = SURFACE_STYLE_FILL_AREA(#17273);
#17273 = FILL_AREA_STYLE('',(#17274));
#17274 = FILL_AREA_STYLE_COLOUR('',#17275);
#17275 = DRAUGHTING_PRE_DEFINED_COLOUR('white');
#17276 = SURFACE_STYLE_RENDERING_WITH_PROPERTIES(.NORMAL_SHADING.,#17275
  ,(#17277));
#17277 = SURFACE_STYLE_TRANSPARENT(0.100000023842);
#17278 = STYLED_ITEM('color',(#17279),#12013);
#17279 = PRESENTATION_STYLE_ASSIGNMENT((#17280));
#17280 = SURFACE_STYLE_USAGE(.BOTH.,#17281);
#17281 = SURFACE_SIDE_STYLE('',(#17282,#17285));
#17282 = SURFACE_STYLE_FILL_AREA(#17283);
#17283 = FILL_AREA_STYLE('',(#17284));
#17284 = FILL_AREA_STYLE_COLOUR('',#17275);
#17285 = SURFACE_STYLE_RENDERING_WITH_PROPERTIES(.NORMAL_SHADING.,#17275
  ,(#17286));
#17286 = SURFACE_STYLE_TRANSPARENT(0.100000023842);
#17287 = STYLED_ITEM('color',(#17288),#12206);
#17288 = PRESENTATION_STYLE_ASSIGNMENT((#17289));
#17289 = SURFACE_STYLE_USAGE(.BOTH.,#17290);
#17290 = SURFACE_SIDE_STYLE('',(#17291,#17294));
#17291 = SURFACE_STYLE_FILL_AREA(#17292);
#17292 = FILL_AREA_STYLE('',(#17293));
#17293 = FILL_AREA_STYLE_COLOUR('',#17275);
#17294 = SURFACE_STYLE_RENDERING_WITH_PROPERTIES(.NORMAL_SHADING.,#17275
  ,(#17295));
#17295 = SURFACE_STYLE_TRANSPARENT(0.100000023842);
#17296 = STYLED_ITEM('color',(#17297),#12250);
#17297 = PRESENTATION_STYLE_ASSIGNMENT((#17298));
#17298 = SURFACE_STYLE_USAGE(.BOTH.,#17299);
#17299 = SURFACE_SIDE_STYLE('',(#17300,#17303));
#17300 = SURFACE_STYLE_FILL_AREA(#17301);
#17301 = FILL_AREA_STYLE('',(#17302));
#17302 = FILL_AREA_STYLE_COLOUR('',#17275);
#17303 = SURFACE_STYLE_RENDERING_WITH_PROPERTIES(.NORMAL_SHADING.,#17275
  ,(#17304));
#17304 = SURFACE_STYLE_TRANSPARENT(0.100000023842);
#17305 = STYLED_ITEM('color',(#17306),#12392);
#17306 = PRESENTATION_STYLE_ASSIGNMENT((#17307));
#17307 = SURFACE_STYLE_USAGE(.BOTH.,#17308);
#17308 = SURFACE_SIDE_STYLE('',(#17309,#17312));
#17309 = SURFACE_STYLE_FILL_AREA(#17310);
#17310 = FILL_AREA_STYLE('',(#17311));
#17311 = FILL_AREA_STYLE_COLOUR('',#17275);
#17312 = SURFACE_STYLE_RENDERING_WITH_PROPERTIES(.NORMAL_SHADING.,#17275
  ,(#17313));
#17313 = SURFACE_STYLE_TRANSPARENT(0.100000023842);
#17314 = STYLED_ITEM('color',(#17315),#12599);
#17315 = PRESENTATION_STYLE_ASSIGNMENT((#17316));
#17316 = SURFACE_STYLE_USAGE(.BOTH.,#17317);
#17317 = SURFACE_SIDE_STYLE('',(#17318,#17321));
#17318 = SURFACE_STYLE_FILL_AREA(#17319);
#17319 = FILL_AREA_STYLE('',(#17320));
#17320 = FILL_AREA_STYLE_COLOUR('',#17275);
#17321 = SURFACE_STYLE_RENDERING_WITH_PROPERTIES(.NORMAL_SHADING.,#17275
  ,(#17322));
#17322 = SURFACE_STYLE_TRANSPARENT(0.100000023842);
#17323 = STYLED_ITEM('color',(#17324),#12726);
#17324 = PRESENTATION_STYLE_ASSIGNMENT((#17325));
#17325 = SURFACE_STYLE_USAGE(.BOTH.,#17326);
#17326 = SURFACE_SIDE_STYLE('',(#17327,#17330));
#17327 = SURFACE_STYLE_FILL_AREA(#17328);
#17328 = FILL_AREA_STYLE('',(#17329));
#17329 = FILL_AREA_STYLE_COLOUR('',#17275);
#17330 = SURFACE_STYLE_RENDERING_WITH_PROPERTIES(.NORMAL_SHADING.,#17275
  ,(#17331));
#17331 = SURFACE_STYLE_TRANSPARENT(0.100000023842);
#17332 = STYLED_ITEM('color',(#17333),#13121);
#17333 = PRESENTATION_STYLE_ASSIGNMENT((#17334));
#17334 = SURFACE_STYLE_USAGE(.BOTH.,#17335);
#17335 = SURFACE_SIDE_STYLE('',(#17336,#17339));
#17336 = SURFACE_STYLE_FILL_AREA(#17337);
#17337 = FILL_AREA_STYLE('',(#17338));
#17338 = FILL_AREA_STYLE_COLOUR('',#17275);
#17339 = SURFACE_STYLE_RENDERING_WITH_PROPERTIES(.NORMAL_SHADING.,#17275
  ,(#17340));
#17340 = SURFACE_STYLE_TRANSPARENT(0.100000023842);
#17341 = STYLED_ITEM('color',(#17342),#13223);
#17342 = PRESENTATION_STYLE_ASSIGNMENT((#17343));
#17343 = SURFACE_STYLE_USAGE(.BOTH.,#17344);
#17344 = SURFACE_SIDE_STYLE('',(#17345,#17348));
#17345 = SURFACE_STYLE_FILL_AREA(#17346);
#17346 = FILL_AREA_STYLE('',(#17347));
#17347 = FILL_AREA_STYLE_COLOUR('',#17275);
#17348 = SURFACE_STYLE_RENDERING_WITH_PROPERTIES(.NORMAL_SHADING.,#17275
  ,(#17349));
#17349 = SURFACE_STYLE_TRANSPARENT(0.100000023842);
#17350 = STYLED_ITEM('color',(#17351),#13267);
#17351 = PRESENTATION_STYLE_ASSIGNMENT((#17352));
#17352 = SURFACE_STYLE_USAGE(.BOTH.,#17353);
#17353 = SURFACE_SIDE_STYLE('',(#17354,#17357));
#17354 = SURFACE_STYLE_FILL_AREA(#17355);
#17355 = FILL_AREA_STYLE('',(#17356));
#17356 = FILL_AREA_STYLE_COLOUR('',#17275);
#17357 = SURFACE_STYLE_RENDERING_WITH_PROPERTIES(.NORMAL_SHADING.,#17275
  ,(#17358));
#17358 = SURFACE_STYLE_TRANSPARENT(0.100000023842);
#17359 = STYLED_ITEM('color',(#17360),#13418);
#17360 = PRESENTATION_STYLE_ASSIGNMENT((#17361));
#17361 = SURFACE_STYLE_USAGE(.BOTH.,#17362);
#17362 = SURFACE_SIDE_STYLE('',(#17363,#17366));
#17363 = SURFACE_STYLE_FILL_AREA(#17364);
#17364 = FILL_AREA_STYLE('',(#17365));
#17365 = FILL_AREA_STYLE_COLOUR('',#17275);
#17366 = SURFACE_STYLE_RENDERING_WITH_PROPERTIES(.NORMAL_SHADING.,#17275
  ,(#17367));
#17367 = SURFACE_STYLE_TRANSPARENT(0.100000023842);
#17368 = STYLED_ITEM('color',(#17369),#13569);
#17369 = PRESENTATION_STYLE_ASSIGNMENT((#17370));
#17370 = SURFACE_STYLE_USAGE(.BOTH.,#17371);
#17371 = SURFACE_SIDE_STYLE('',(#17372,#17375));
#17372 = SURFACE_STYLE_FILL_AREA(#17373);
#17373 = FILL_AREA_STYLE('',(#17374));
#17374 = FILL_AREA_STYLE_COLOUR('',#17275);
#17375 = SURFACE_STYLE_RENDERING_WITH_PROPERTIES(.NORMAL_SHADING.,#17275
  ,(#17376));
#17376 = SURFACE_STYLE_TRANSPARENT(0.100000023842);
#17377 = STYLED_ITEM('color',(#17378),#13663);
#17378 = PRESENTATION_STYLE_ASSIGNMENT((#17379));
#17379 = SURFACE_STYLE_USAGE(.BOTH.,#17380);
#17380 = SURFACE_SIDE_STYLE('',(#17381,#17384));
#17381 = SURFACE_STYLE_FILL_AREA(#17382);
#17382 = FILL_AREA_STYLE('',(#17383));
#17383 = FILL_AREA_STYLE_COLOUR('',#17275);
#17384 = SURFACE_STYLE_RENDERING_WITH_PROPERTIES(.NORMAL_SHADING.,#17275
  ,(#17385));
#17385 = SURFACE_STYLE_TRANSPARENT(0.100000023842);
#17386 = STYLED_ITEM('color',(#17387),#13857);
#17387 = PRESENTATION_STYLE_ASSIGNMENT((#17388));
#17388 = SURFACE_STYLE_USAGE(.BOTH.,#17389);
#17389 = SURFACE_SIDE_STYLE('',(#17390,#17393));
#17390 = SURFACE_STYLE_FILL_AREA(#17391);
#17391 = FILL_AREA_STYLE('',(#17392));
#17392 = FILL_AREA_STYLE_COLOUR('',#17275);
#17393 = SURFACE_STYLE_RENDERING_WITH_PROPERTIES(.NORMAL_SHADING.,#17275
  ,(#17394));
#17394 = SURFACE_STYLE_TRANSPARENT(0.100000023842);
#17395 = STYLED_ITEM('color',(#17396),#13901);
#17396 = PRESENTATION_STYLE_ASSIGNMENT((#17397));
#17397 = SURFACE_STYLE_USAGE(.BOTH.,#17398);
#17398 = SURFACE_SIDE_STYLE('',(#17399,#17402));
#17399 = SURFACE_STYLE_FILL_AREA(#17400);
#17400 = FILL_AREA_STYLE('',(#17401));
#17401 = FILL_AREA_STYLE_COLOUR('',#17275);
#17402 = SURFACE_STYLE_RENDERING_WITH_PROPERTIES(.NORMAL_SHADING.,#17275
  ,(#17403));
#17403 = SURFACE_STYLE_TRANSPARENT(0.100000023842);
#17404 = STYLED_ITEM('color',(#17405),#14072);
#17405 = PRESENTATION_STYLE_ASSIGNMENT((#17406));
#17406 = SURFACE_STYLE_USAGE(.BOTH.,#17407);
#17407 = SURFACE_SIDE_STYLE('',(#17408,#17411));
#17408 = SURFACE_STYLE_FILL_AREA(#17409);
#17409 = FILL_AREA_STYLE('',(#17410));
#17410 = FILL_AREA_STYLE_COLOUR('',#17275);
#17411 = SURFACE_STYLE_RENDERING_WITH_PROPERTIES(.NORMAL_SHADING.,#17275
  ,(#17412));
#17412 = SURFACE_STYLE_TRANSPARENT(0.100000023842);
#17413 = STYLED_ITEM('color',(#17414),#14180);
#17414 = PRESENTATION_STYLE_ASSIGNMENT((#17415));
#17415 = SURFACE_STYLE_USAGE(.BOTH.,#17416);
#17416 = SURFACE_SIDE_STYLE('',(#17417,#17420));
#17417 = SURFACE_STYLE_FILL_AREA(#17418);
#17418 = FILL_AREA_STYLE('',(#17419));
#17419 = FILL_AREA_STYLE_COLOUR('',#17275);
#17420 = SURFACE_STYLE_RENDERING_WITH_PROPERTIES(.NORMAL_SHADING.,#17275
  ,(#17421));
#17421 = SURFACE_STYLE_TRANSPARENT(0.100000023842);
#17422 = STYLED_ITEM('color',(#17423),#14224);
#17423 = PRESENTATION_STYLE_ASSIGNMENT((#17424));
#17424 = SURFACE_STYLE_USAGE(.BOTH.,#17425);
#17425 = SURFACE_SIDE_STYLE('',(#17426,#17429));
#17426 = SURFACE_STYLE_FILL_AREA(#17427);
#17427 = FILL_AREA_STYLE('',(#17428));
#17428 = FILL_AREA_STYLE_COLOUR('',#17275);
#17429 = SURFACE_STYLE_RENDERING_WITH_PROPERTIES(.NORMAL_SHADING.,#17275
  ,(#17430));
#17430 = SURFACE_STYLE_TRANSPARENT(0.100000023842);
#17431 = STYLED_ITEM('color',(#17432),#14268);
#17432 = PRESENTATION_STYLE_ASSIGNMENT((#17433));
#17433 = SURFACE_STYLE_USAGE(.BOTH.,#17434);
#17434 = SURFACE_SIDE_STYLE('',(#17435,#17438));
#17435 = SURFACE_STYLE_FILL_AREA(#17436);
#17436 = FILL_AREA_STYLE('',(#17437));
#17437 = FILL_AREA_STYLE_COLOUR('',#17275);
#17438 = SURFACE_STYLE_RENDERING_WITH_PROPERTIES(.NORMAL_SHADING.,#17275
  ,(#17439));
#17439 = SURFACE_STYLE_TRANSPARENT(0.100000023842);
#17440 = STYLED_ITEM('color',(#17441),#14590);
#17441 = PRESENTATION_STYLE_ASSIGNMENT((#17442));
#17442 = SURFACE_STYLE_USAGE(.BOTH.,#17443);
#17443 = SURFACE_SIDE_STYLE('',(#17444,#17447));
#17444 = SURFACE_STYLE_FILL_AREA(#17445);
#17445 = FILL_AREA_STYLE('',(#17446));
#17446 = FILL_AREA_STYLE_COLOUR('',#17275);
#17447 = SURFACE_STYLE_RENDERING_WITH_PROPERTIES(.NORMAL_SHADING.,#17275
  ,(#17448));
#17448 = SURFACE_STYLE_TRANSPARENT(0.100000023842);
#17449 = STYLED_ITEM('color',(#17450),#14633);
#17450 = PRESENTATION_STYLE_ASSIGNMENT((#17451));
#17451 = SURFACE_STYLE_USAGE(.BOTH.,#17452);
#17452 = SURFACE_SIDE_STYLE('',(#17453,#17456));
#17453 = SURFACE_STYLE_FILL_AREA(#17454);
#17454 = FILL_AREA_STYLE('',(#17455));
#17455 = FILL_AREA_STYLE_COLOUR('',#17275);
#17456 = SURFACE_STYLE_RENDERING_WITH_PROPERTIES(.NORMAL_SHADING.,#17275
  ,(#17457));
#17457 = SURFACE_STYLE_TRANSPARENT(0.100000023842);
#17458 = STYLED_ITEM('color',(#17459),#14676);
#17459 = PRESENTATION_STYLE_ASSIGNMENT((#17460));
#17460 = SURFACE_STYLE_USAGE(.BOTH.,#17461);
#17461 = SURFACE_SIDE_STYLE('',(#17462,#17465));
#17462 = SURFACE_STYLE_FILL_AREA(#17463);
#17463 = FILL_AREA_STYLE('',(#17464));
#17464 = FILL_AREA_STYLE_COLOUR('',#17275);
#17465 = SURFACE_STYLE_RENDERING_WITH_PROPERTIES(.NORMAL_SHADING.,#17275
  ,(#17466));
#17466 = SURFACE_STYLE_TRANSPARENT(0.100000023842);
#17467 = STYLED_ITEM('color',(#17468),#14720);
#17468 = PRESENTATION_STYLE_ASSIGNMENT((#17469));
#17469 = SURFACE_STYLE_USAGE(.BOTH.,#17470);
#17470 = SURFACE_SIDE_STYLE('',(#17471,#17474));
#17471 = SURFACE_STYLE_FILL_AREA(#17472);
#17472 = FILL_AREA_STYLE('',(#17473));
#17473 = FILL_AREA_STYLE_COLOUR('',#17275);
#17474 = SURFACE_STYLE_RENDERING_WITH_PROPERTIES(.NORMAL_SHADING.,#17275
  ,(#17475));
#17475 = SURFACE_STYLE_TRANSPARENT(0.100000023842);
#17476 = STYLED_ITEM('color',(#17477),#14822);
#17477 = PRESENTATION_STYLE_ASSIGNMENT((#17478));
#17478 = SURFACE_STYLE_USAGE(.BOTH.,#17479);
#17479 = SURFACE_SIDE_STYLE('',(#17480,#17483));
#17480 = SURFACE_STYLE_FILL_AREA(#17481);
#17481 = FILL_AREA_STYLE('',(#17482));
#17482 = FILL_AREA_STYLE_COLOUR('',#17275);
#17483 = SURFACE_STYLE_RENDERING_WITH_PROPERTIES(.NORMAL_SHADING.,#17275
  ,(#17484));
#17484 = SURFACE_STYLE_TRANSPARENT(0.100000023842);
#17485 = STYLED_ITEM('color',(#17486),#14964);
#17486 = PRESENTATION_STYLE_ASSIGNMENT((#17487));
#17487 = SURFACE_STYLE_USAGE(.BOTH.,#17488);
#17488 = SURFACE_SIDE_STYLE('',(#17489,#17492));
#17489 = SURFACE_STYLE_FILL_AREA(#17490);
#17490 = FILL_AREA_STYLE('',(#17491));
#17491 = FILL_AREA_STYLE_COLOUR('',#17275);
#17492 = SURFACE_STYLE_RENDERING_WITH_PROPERTIES(.NORMAL_SHADING.,#17275
  ,(#17493));
#17493 = SURFACE_STYLE_TRANSPARENT(0.100000023842);
#17494 = STYLED_ITEM('color',(#17495),#15135);
#17495 = PRESENTATION_STYLE_ASSIGNMENT((#17496));
#17496 = SURFACE_STYLE_USAGE(.BOTH.,#17497);
#17497 = SURFACE_SIDE_STYLE('',(#17498,#17501));
#17498 = SURFACE_STYLE_FILL_AREA(#17499);
#17499 = FILL_AREA_STYLE('',(#17500));
#17500 = FILL_AREA_STYLE_COLOUR('',#17275);
#17501 = SURFACE_STYLE_RENDERING_WITH_PROPERTIES(.NORMAL_SHADING.,#17275
  ,(#17502));
#17502 = SURFACE_STYLE_TRANSPARENT(0.100000023842);
#17503 = STYLED_ITEM('color',(#17504),#15178);
#17504 = PRESENTATION_STYLE_ASSIGNMENT((#17505));
#17505 = SURFACE_STYLE_USAGE(.BOTH.,#17506);
#17506 = SURFACE_SIDE_STYLE('',(#17507,#17510));
#17507 = SURFACE_STYLE_FILL_AREA(#17508);
#17508 = FILL_AREA_STYLE('',(#17509));
#17509 = FILL_AREA_STYLE_COLOUR('',#17275);
#17510 = SURFACE_STYLE_RENDERING_WITH_PROPERTIES(.NORMAL_SHADING.,#17275
  ,(#17511));
#17511 = SURFACE_STYLE_TRANSPARENT(0.100000023842);
#17512 = STYLED_ITEM('color',(#17513),#15221);
#17513 = PRESENTATION_STYLE_ASSIGNMENT((#17514));
#17514 = SURFACE_STYLE_USAGE(.BOTH.,#17515);
#17515 = SURFACE_SIDE_STYLE('',(#17516,#17519));
#17516 = SURFACE_STYLE_FILL_AREA(#17517);
#17517 = FILL_AREA_STYLE('',(#17518));
#17518 = FILL_AREA_STYLE_COLOUR('',#17275);
#17519 = SURFACE_STYLE_RENDERING_WITH_PROPERTIES(.NORMAL_SHADING.,#17275
  ,(#17520));
#17520 = SURFACE_STYLE_TRANSPARENT(0.100000023842);
#17521 = STYLED_ITEM('color',(#17522),#15264);
#17522 = PRESENTATION_STYLE_ASSIGNMENT((#17523));
#17523 = SURFACE_STYLE_USAGE(.BOTH.,#17524);
#17524 = SURFACE_SIDE_STYLE('',(#17525,#17528));
#17525 = SURFACE_STYLE_FILL_AREA(#17526);
#17526 = FILL_AREA_STYLE('',(#17527));
#17527 = FILL_AREA_STYLE_COLOUR('',#17275);
#17528 = SURFACE_STYLE_RENDERING_WITH_PROPERTIES(.NORMAL_SHADING.,#17275
  ,(#17529));
#17529 = SURFACE_STYLE_TRANSPARENT(0.100000023842);
#17530 = STYLED_ITEM('color',(#17531),#15307);
#17531 = PRESENTATION_STYLE_ASSIGNMENT((#17532));
#17532 = SURFACE_STYLE_USAGE(.BOTH.,#17533);
#17533 = SURFACE_SIDE_STYLE('',(#17534,#17537));
#17534 = SURFACE_STYLE_FILL_AREA(#17535);
#17535 = FILL_AREA_STYLE('',(#17536));
#17536 = FILL_AREA_STYLE_COLOUR('',#17275);
#17537 = SURFACE_STYLE_RENDERING_WITH_PROPERTIES(.NORMAL_SHADING.,#17275
  ,(#17538));
#17538 = SURFACE_STYLE_TRANSPARENT(0.100000023842);
#17539 = STYLED_ITEM('color',(#17540),#15401);
#17540 = PRESENTATION_STYLE_ASSIGNMENT((#17541));
#17541 = SURFACE_STYLE_USAGE(.BOTH.,#17542);
#17542 = SURFACE_SIDE_STYLE('',(#17543,#17546));
#17543 = SURFACE_STYLE_FILL_AREA(#17544);
#17544 = FILL_AREA_STYLE('',(#17545));
#17545 = FILL_AREA_STYLE_COLOUR('',#17275);
#17546 = SURFACE_STYLE_RENDERING_WITH_PROPERTIES(.NORMAL_SHADING.,#17275
  ,(#17547));
#17547 = SURFACE_STYLE_TRANSPARENT(0.100000023842);
#17548 = STYLED_ITEM('color',(#17549),#15495);
#17549 = PRESENTATION_STYLE_ASSIGNMENT((#17550));
#17550 = SURFACE_STYLE_USAGE(.BOTH.,#17551);
#17551 = SURFACE_SIDE_STYLE('',(#17552,#17555));
#17552 = SURFACE_STYLE_FILL_AREA(#17553);
#17553 = FILL_AREA_STYLE('',(#17554));
#17554 = FILL_AREA_STYLE_COLOUR('',#17275);
#17555 = SURFACE_STYLE_RENDERING_WITH_PROPERTIES(.NORMAL_SHADING.,#17275
  ,(#17556));
#17556 = SURFACE_STYLE_TRANSPARENT(0.100000023842);
#17557 = STYLED_ITEM('color',(#17558),#15514);
#17558 = PRESENTATION_STYLE_ASSIGNMENT((#17559));
#17559 = SURFACE_STYLE_USAGE(.BOTH.,#17560);
#17560 = SURFACE_SIDE_STYLE('',(#17561,#17564));
#17561 = SURFACE_STYLE_FILL_AREA(#17562);
#17562 = FILL_AREA_STYLE('',(#17563));
#17563 = FILL_AREA_STYLE_COLOUR('',#17275);
#17564 = SURFACE_STYLE_RENDERING_WITH_PROPERTIES(.NORMAL_SHADING.,#17275
  ,(#17565));
#17565 = SURFACE_STYLE_TRANSPARENT(0.100000023842);
#17566 = STYLED_ITEM('color',(#17567),#15987);
#17567 = PRESENTATION_STYLE_ASSIGNMENT((#17568));
#17568 = SURFACE_STYLE_USAGE(.BOTH.,#17569);
#17569 = SURFACE_SIDE_STYLE('',(#17570,#17573));
#17570 = SURFACE_STYLE_FILL_AREA(#17571);
#17571 = FILL_AREA_STYLE('',(#17572));
#17572 = FILL_AREA_STYLE_COLOUR('',#17275);
#17573 = SURFACE_STYLE_RENDERING_WITH_PROPERTIES(.NORMAL_SHADING.,#17275
  ,(#17574));
#17574 = SURFACE_STYLE_TRANSPARENT(0.100000023842);
#17575 = STYLED_ITEM('color',(#17576),#16030);
#17576 = PRESENTATION_STYLE_ASSIGNMENT((#17577));
#17577 = SURFACE_STYLE_USAGE(.BOTH.,#17578);
#17578 = SURFACE_SIDE_STYLE('',(#17579,#17582));
#17579 = SURFACE_STYLE_FILL_AREA(#17580);
#17580 = FILL_AREA_STYLE('',(#17581));
#17581 = FILL_AREA_STYLE_COLOUR('',#17275);
#17582 = SURFACE_STYLE_RENDERING_WITH_PROPERTIES(.NORMAL_SHADING.,#17275
  ,(#17583));
#17583 = SURFACE_STYLE_TRANSPARENT(0.100000023842);
#17584 = STYLED_ITEM('color',(#17585),#16073);
#17585 = PRESENTATION_STYLE_ASSIGNMENT((#17586));
#17586 = SURFACE_STYLE_USAGE(.BOTH.,#17587);
#17587 = SURFACE_SIDE_STYLE('',(#17588,#17591));
#17588 = SURFACE_STYLE_FILL_AREA(#17589);
#17589 = FILL_AREA_STYLE('',(#17590));
#17590 = FILL_AREA_STYLE_COLOUR('',#17275);
#17591 = SURFACE_STYLE_RENDERING_WITH_PROPERTIES(.NORMAL_SHADING.,#17275
  ,(#17592));
#17592 = SURFACE_STYLE_TRANSPARENT(0.100000023842);
#17593 = STYLED_ITEM('color',(#17594),#16117);
#17594 = PRESENTATION_STYLE_ASSIGNMENT((#17595));
#17595 = SURFACE_STYLE_USAGE(.BOTH.,#17596);
#17596 = SURFACE_SIDE_STYLE('',(#17597,#17600));
#17597 = SURFACE_STYLE_FILL_AREA(#17598);
#17598 = FILL_AREA_STYLE('',(#17599));
#17599 = FILL_AREA_STYLE_COLOUR('',#17275);
#17600 = SURFACE_STYLE_RENDERING_WITH_PROPERTIES(.NORMAL_SHADING.,#17275
  ,(#17601));
#17601 = SURFACE_STYLE_TRANSPARENT(0.100000023842);
#17602 = STYLED_ITEM('color',(#17603),#16193);
#17603 = PRESENTATION_STYLE_ASSIGNMENT((#17604));
#17604 = SURFACE_STYLE_USAGE(.BOTH.,#17605);
#17605 = SURFACE_SIDE_STYLE('',(#17606,#17609));
#17606 = SURFACE_STYLE_FILL_AREA(#17607);
#17607 = FILL_AREA_STYLE('',(#17608));
#17608 = FILL_AREA_STYLE_COLOUR('',#17275);
#17609 = SURFACE_STYLE_RENDERING_WITH_PROPERTIES(.NORMAL_SHADING.,#17275
  ,(#17610));
#17610 = SURFACE_STYLE_TRANSPARENT(0.100000023842);
#17611 = STYLED_ITEM('color',(#17612),#16236);
#17612 = PRESENTATION_STYLE_ASSIGNMENT((#17613));
#17613 = SURFACE_STYLE_USAGE(.BOTH.,#17614);
#17614 = SURFACE_SIDE_STYLE('',(#17615,#17618));
#17615 = SURFACE_STYLE_FILL_AREA(#17616);
#17616 = FILL_AREA_STYLE('',(#17617));
#17617 = FILL_AREA_STYLE_COLOUR('',#17275);
#17618 = SURFACE_STYLE_RENDERING_WITH_PROPERTIES(.NORMAL_SHADING.,#17275
  ,(#17619));
#17619 = SURFACE_STYLE_TRANSPARENT(0.100000023842);
#17620 = STYLED_ITEM('color',(#17621),#16279);
#17621 = PRESENTATION_STYLE_ASSIGNMENT((#17622));
#17622 = SURFACE_STYLE_USAGE(.BOTH.,#17623);
#17623 = SURFACE_SIDE_STYLE('',(#17624,#17627));
#17624 = SURFACE_STYLE_FILL_AREA(#17625);
#17625 = FILL_AREA_STYLE('',(#17626));
#17626 = FILL_AREA_STYLE_COLOUR('',#17275);
#17627 = SURFACE_STYLE_RENDERING_WITH_PROPERTIES(.NORMAL_SHADING.,#17275
  ,(#17628));
#17628 = SURFACE_STYLE_TRANSPARENT(0.100000023842);
#17629 = MECHANICAL_DESIGN_GEOMETRIC_PRESENTATION_REPRESENTATION('',(
    #17630,#17640,#17649,#17658,#17667,#17676,#17685,#17694,#17703,
    #17712,#17721,#17730,#17739,#17748,#17757,#17767,#17776,#17785,
    #17794,#17803,#17812,#17821,#17830,#17839,#17848,#17857,#17866,
    #17875,#17884,#17893,#17902,#17911,#17920,#17929,#17938,#17947,
    #17956,#17965,#17974,#17983,#17992,#18001,#18010,#18019,#18028,
    #18037,#18046,#18055,#18064,#18073,#18082,#18091,#18100,#18109,
    #18118,#18127,#18136,#18145,#18154,#18163,#18172,#18181,#18190,
    #18199,#18208,#18217,#18226,#18235,#18244,#18253,#18262,#18271,
    #18280,#18289,#18298,#18307,#18316,#18325,#18334,#18343,#18352,
    #18361,#18370,#18379,#18388,#18397,#18406,#18415,#18424,#18433,
    #18442,#18451,#18460,#18469,#18478,#18487,#18496,#18505,#18514,
    #18523,#18532,#18541,#18550,#18559,#18568,#18577,#18586,#18595,
    #18604,#18613,#18622,#18631,#18640,#18649,#18658,#18667,#18676,
    #18685,#18694,#18703,#18712,#18721,#18730,#18739,#18748,#18757,
    #18766,#18775,#18784,#18793,#18802,#18811,#18820,#18829,#18838,
    #18847,#18856,#18865,#18874,#18883,#18892,#18901,#18910,#18919,
    #18928,#18937,#18946),#11850);
#17630 = STYLED_ITEM('color',(#17631),#7382);
#17631 = PRESENTATION_STYLE_ASSIGNMENT((#17632,#17638));
#17632 = SURFACE_STYLE_USAGE(.BOTH.,#17633);
#17633 = SURFACE_SIDE_STYLE('',(#17634));
#17634 = SURFACE_STYLE_FILL_AREA(#17635);
#17635 = FILL_AREA_STYLE('',(#17636));
#17636 = FILL_AREA_STYLE_COLOUR('',#17637);
#17637 = COLOUR_RGB('',0.147999998088,0.145000001626,0.145000001626);
#17638 = CURVE_STYLE('',#17639,POSITIVE_LENGTH_MEASURE(0.1),#17637);
#17639 = DRAUGHTING_PRE_DEFINED_CURVE_FONT('continuous');
#17640 = STYLED_ITEM('color',(#17641),#7420);
#17641 = PRESENTATION_STYLE_ASSIGNMENT((#17642,#17647));
#17642 = SURFACE_STYLE_USAGE(.BOTH.,#17643);
#17643 = SURFACE_SIDE_STYLE('',(#17644));
#17644 = SURFACE_STYLE_FILL_AREA(#17645);
#17645 = FILL_AREA_STYLE('',(#17646));
#17646 = FILL_AREA_STYLE_COLOUR('',#17637);
#17647 = CURVE_STYLE('',#17648,POSITIVE_LENGTH_MEASURE(0.1),#17637);
#17648 = DRAUGHTING_PRE_DEFINED_CURVE_FONT('continuous');
#17649 = STYLED_ITEM('color',(#17650),#7483);
#17650 = PRESENTATION_STYLE_ASSIGNMENT((#17651,#17656));
#17651 = SURFACE_STYLE_USAGE(.BOTH.,#17652);
#17652 = SURFACE_SIDE_STYLE('',(#17653));
#17653 = SURFACE_STYLE_FILL_AREA(#17654);
#17654 = FILL_AREA_STYLE('',(#17655));
#17655 = FILL_AREA_STYLE_COLOUR('',#17637);
#17656 = CURVE_STYLE('',#17657,POSITIVE_LENGTH_MEASURE(0.1),#17637);
#17657 = DRAUGHTING_PRE_DEFINED_CURVE_FONT('continuous');
#17658 = STYLED_ITEM('color',(#17659),#7506);
#17659 = PRESENTATION_STYLE_ASSIGNMENT((#17660,#17665));
#17660 = SURFACE_STYLE_USAGE(.BOTH.,#17661);
#17661 = SURFACE_SIDE_STYLE('',(#17662));
#17662 = SURFACE_STYLE_FILL_AREA(#17663);
#17663 = FILL_AREA_STYLE('',(#17664));
#17664 = FILL_AREA_STYLE_COLOUR('',#17637);
#17665 = CURVE_STYLE('',#17666,POSITIVE_LENGTH_MEASURE(0.1),#17637);
#17666 = DRAUGHTING_PRE_DEFINED_CURVE_FONT('continuous');
#17667 = STYLED_ITEM('color',(#17668),#7535);
#17668 = PRESENTATION_STYLE_ASSIGNMENT((#17669,#17674));
#17669 = SURFACE_STYLE_USAGE(.BOTH.,#17670);
#17670 = SURFACE_SIDE_STYLE('',(#17671));
#17671 = SURFACE_STYLE_FILL_AREA(#17672);
#17672 = FILL_AREA_STYLE('',(#17673));
#17673 = FILL_AREA_STYLE_COLOUR('',#17637);
#17674 = CURVE_STYLE('',#17675,POSITIVE_LENGTH_MEASURE(0.1),#17637);
#17675 = DRAUGHTING_PRE_DEFINED_CURVE_FONT('continuous');
#17676 = STYLED_ITEM('color',(#17677),#7558);
#17677 = PRESENTATION_STYLE_ASSIGNMENT((#17678,#17683));
#17678 = SURFACE_STYLE_USAGE(.BOTH.,#17679);
#17679 = SURFACE_SIDE_STYLE('',(#17680));
#17680 = SURFACE_STYLE_FILL_AREA(#17681);
#17681 = FILL_AREA_STYLE('',(#17682));
#17682 = FILL_AREA_STYLE_COLOUR('',#17637);
#17683 = CURVE_STYLE('',#17684,POSITIVE_LENGTH_MEASURE(0.1),#17637);
#17684 = DRAUGHTING_PRE_DEFINED_CURVE_FONT('continuous');
#17685 = STYLED_ITEM('color',(#17686),#7645);
#17686 = PRESENTATION_STYLE_ASSIGNMENT((#17687,#17692));
#17687 = SURFACE_STYLE_USAGE(.BOTH.,#17688);
#17688 = SURFACE_SIDE_STYLE('',(#17689));
#17689 = SURFACE_STYLE_FILL_AREA(#17690);
#17690 = FILL_AREA_STYLE('',(#17691));
#17691 = FILL_AREA_STYLE_COLOUR('',#17637);
#17692 = CURVE_STYLE('',#17693,POSITIVE_LENGTH_MEASURE(0.1),#17637);
#17693 = DRAUGHTING_PRE_DEFINED_CURVE_FONT('continuous');
#17694 = STYLED_ITEM('color',(#17695),#7732);
#17695 = PRESENTATION_STYLE_ASSIGNMENT((#17696,#17701));
#17696 = SURFACE_STYLE_USAGE(.BOTH.,#17697);
#17697 = SURFACE_SIDE_STYLE('',(#17698));
#17698 = SURFACE_STYLE_FILL_AREA(#17699);
#17699 = FILL_AREA_STYLE('',(#17700));
#17700 = FILL_AREA_STYLE_COLOUR('',#17637);
#17701 = CURVE_STYLE('',#17702,POSITIVE_LENGTH_MEASURE(0.1),#17637);
#17702 = DRAUGHTING_PRE_DEFINED_CURVE_FONT('continuous');
#17703 = STYLED_ITEM('color',(#17704),#7755);
#17704 = PRESENTATION_STYLE_ASSIGNMENT((#17705,#17710));
#17705 = SURFACE_STYLE_USAGE(.BOTH.,#17706);
#17706 = SURFACE_SIDE_STYLE('',(#17707));
#17707 = SURFACE_STYLE_FILL_AREA(#17708);
#17708 = FILL_AREA_STYLE('',(#17709));
#17709 = FILL_AREA_STYLE_COLOUR('',#17637);
#17710 = CURVE_STYLE('',#17711,POSITIVE_LENGTH_MEASURE(0.1),#17637);
#17711 = DRAUGHTING_PRE_DEFINED_CURVE_FONT('continuous');
#17712 = STYLED_ITEM('color',(#17713),#7778);
#17713 = PRESENTATION_STYLE_ASSIGNMENT((#17714,#17719));
#17714 = SURFACE_STYLE_USAGE(.BOTH.,#17715);
#17715 = SURFACE_SIDE_STYLE('',(#17716));
#17716 = SURFACE_STYLE_FILL_AREA(#17717);
#17717 = FILL_AREA_STYLE('',(#17718));
#17718 = FILL_AREA_STYLE_COLOUR('',#17637);
#17719 = CURVE_STYLE('',#17720,POSITIVE_LENGTH_MEASURE(0.1),#17637);
#17720 = DRAUGHTING_PRE_DEFINED_CURVE_FONT('continuous');
#17721 = STYLED_ITEM('color',(#17722),#7795);
#17722 = PRESENTATION_STYLE_ASSIGNMENT((#17723,#17728));
#17723 = SURFACE_STYLE_USAGE(.BOTH.,#17724);
#17724 = SURFACE_SIDE_STYLE('',(#17725));
#17725 = SURFACE_STYLE_FILL_AREA(#17726);
#17726 = FILL_AREA_STYLE('',(#17727));
#17727 = FILL_AREA_STYLE_COLOUR('',#17637);
#17728 = CURVE_STYLE('',#17729,POSITIVE_LENGTH_MEASURE(0.1),#17637);
#17729 = DRAUGHTING_PRE_DEFINED_CURVE_FONT('continuous');
#17730 = STYLED_ITEM('color',(#17731),#7818);
#17731 = PRESENTATION_STYLE_ASSIGNMENT((#17732,#17737));
#17732 = SURFACE_STYLE_USAGE(.BOTH.,#17733);
#17733 = SURFACE_SIDE_STYLE('',(#17734));
#17734 = SURFACE_STYLE_FILL_AREA(#17735);
#17735 = FILL_AREA_STYLE('',(#17736));
#17736 = FILL_AREA_STYLE_COLOUR('',#17637);
#17737 = CURVE_STYLE('',#17738,POSITIVE_LENGTH_MEASURE(0.1),#17637);
#17738 = DRAUGHTING_PRE_DEFINED_CURVE_FONT('continuous');
#17739 = STYLED_ITEM('color',(#17740),#7906);
#17740 = PRESENTATION_STYLE_ASSIGNMENT((#17741,#17746));
#17741 = SURFACE_STYLE_USAGE(.BOTH.,#17742);
#17742 = SURFACE_SIDE_STYLE('',(#17743));
#17743 = SURFACE_STYLE_FILL_AREA(#17744);
#17744 = FILL_AREA_STYLE('',(#17745));
#17745 = FILL_AREA_STYLE_COLOUR('',#17637);
#17746 = CURVE_STYLE('',#17747,POSITIVE_LENGTH_MEASURE(0.1),#17637);
#17747 = DRAUGHTING_PRE_DEFINED_CURVE_FONT('continuous');
#17748 = STYLED_ITEM('color',(#17749),#7922);
#17749 = PRESENTATION_STYLE_ASSIGNMENT((#17750,#17755));
#17750 = SURFACE_STYLE_USAGE(.BOTH.,#17751);
#17751 = SURFACE_SIDE_STYLE('',(#17752));
#17752 = SURFACE_STYLE_FILL_AREA(#17753);
#17753 = FILL_AREA_STYLE('',(#17754));
#17754 = FILL_AREA_STYLE_COLOUR('',#17637);
#17755 = CURVE_STYLE('',#17756,POSITIVE_LENGTH_MEASURE(0.1),#17637);
#17756 = DRAUGHTING_PRE_DEFINED_CURVE_FONT('continuous');
#17757 = STYLED_ITEM('color',(#17758),#7952);
#17758 = PRESENTATION_STYLE_ASSIGNMENT((#17759,#17765));
#17759 = SURFACE_STYLE_USAGE(.BOTH.,#17760);
#17760 = SURFACE_SIDE_STYLE('',(#17761));
#17761 = SURFACE_STYLE_FILL_AREA(#17762);
#17762 = FILL_AREA_STYLE('',(#17763));
#17763 = FILL_AREA_STYLE_COLOUR('',#17764);
#17764 = COLOUR_RGB('',0.823999987314,0.819999987296,0.781000009244);
#17765 = CURVE_STYLE('',#17766,POSITIVE_LENGTH_MEASURE(0.1),#17764);
#17766 = DRAUGHTING_PRE_DEFINED_CURVE_FONT('continuous');
#17767 = STYLED_ITEM('color',(#17768),#7983);
#17768 = PRESENTATION_STYLE_ASSIGNMENT((#17769,#17774));
#17769 = SURFACE_STYLE_USAGE(.BOTH.,#17770);
#17770 = SURFACE_SIDE_STYLE('',(#17771));
#17771 = SURFACE_STYLE_FILL_AREA(#17772);
#17772 = FILL_AREA_STYLE('',(#17773));
#17773 = FILL_AREA_STYLE_COLOUR('',#17637);
#17774 = CURVE_STYLE('',#17775,POSITIVE_LENGTH_MEASURE(0.1),#17637);
#17775 = DRAUGHTING_PRE_DEFINED_CURVE_FONT('continuous');
#17776 = STYLED_ITEM('color',(#17777),#8014);
#17777 = PRESENTATION_STYLE_ASSIGNMENT((#17778,#17783));
#17778 = SURFACE_STYLE_USAGE(.BOTH.,#17779);
#17779 = SURFACE_SIDE_STYLE('',(#17780));
#17780 = SURFACE_STYLE_FILL_AREA(#17781);
#17781 = FILL_AREA_STYLE('',(#17782));
#17782 = FILL_AREA_STYLE_COLOUR('',#17764);
#17783 = CURVE_STYLE('',#17784,POSITIVE_LENGTH_MEASURE(0.1),#17764);
#17784 = DRAUGHTING_PRE_DEFINED_CURVE_FONT('continuous');
#17785 = STYLED_ITEM('color',(#17786),#8045);
#17786 = PRESENTATION_STYLE_ASSIGNMENT((#17787,#17792));
#17787 = SURFACE_STYLE_USAGE(.BOTH.,#17788);
#17788 = SURFACE_SIDE_STYLE('',(#17789));
#17789 = SURFACE_STYLE_FILL_AREA(#17790);
#17790 = FILL_AREA_STYLE('',(#17791));
#17791 = FILL_AREA_STYLE_COLOUR('',#17637);
#17792 = CURVE_STYLE('',#17793,POSITIVE_LENGTH_MEASURE(0.1),#17637);
#17793 = DRAUGHTING_PRE_DEFINED_CURVE_FONT('continuous');
#17794 = STYLED_ITEM('color',(#17795),#8076);
#17795 = PRESENTATION_STYLE_ASSIGNMENT((#17796,#17801));
#17796 = SURFACE_STYLE_USAGE(.BOTH.,#17797);
#17797 = SURFACE_SIDE_STYLE('',(#17798));
#17798 = SURFACE_STYLE_FILL_AREA(#17799);
#17799 = FILL_AREA_STYLE('',(#17800));
#17800 = FILL_AREA_STYLE_COLOUR('',#17764);
#17801 = CURVE_STYLE('',#17802,POSITIVE_LENGTH_MEASURE(0.1),#17764);
#17802 = DRAUGHTING_PRE_DEFINED_CURVE_FONT('continuous');
#17803 = STYLED_ITEM('color',(#17804),#8107);
#17804 = PRESENTATION_STYLE_ASSIGNMENT((#17805,#17810));
#17805 = SURFACE_STYLE_USAGE(.BOTH.,#17806);
#17806 = SURFACE_SIDE_STYLE('',(#17807));
#17807 = SURFACE_STYLE_FILL_AREA(#17808);
#17808 = FILL_AREA_STYLE('',(#17809));
#17809 = FILL_AREA_STYLE_COLOUR('',#17637);
#17810 = CURVE_STYLE('',#17811,POSITIVE_LENGTH_MEASURE(0.1),#17637);
#17811 = DRAUGHTING_PRE_DEFINED_CURVE_FONT('continuous');
#17812 = STYLED_ITEM('color',(#17813),#8138);
#17813 = PRESENTATION_STYLE_ASSIGNMENT((#17814,#17819));
#17814 = SURFACE_STYLE_USAGE(.BOTH.,#17815);
#17815 = SURFACE_SIDE_STYLE('',(#17816));
#17816 = SURFACE_STYLE_FILL_AREA(#17817);
#17817 = FILL_AREA_STYLE('',(#17818));
#17818 = FILL_AREA_STYLE_COLOUR('',#17764);
#17819 = CURVE_STYLE('',#17820,POSITIVE_LENGTH_MEASURE(0.1),#17764);
#17820 = DRAUGHTING_PRE_DEFINED_CURVE_FONT('continuous');
#17821 = STYLED_ITEM('color',(#17822),#8169);
#17822 = PRESENTATION_STYLE_ASSIGNMENT((#17823,#17828));
#17823 = SURFACE_STYLE_USAGE(.BOTH.,#17824);
#17824 = SURFACE_SIDE_STYLE('',(#17825));
#17825 = SURFACE_STYLE_FILL_AREA(#17826);
#17826 = FILL_AREA_STYLE('',(#17827));
#17827 = FILL_AREA_STYLE_COLOUR('',#17637);
#17828 = CURVE_STYLE('',#17829,POSITIVE_LENGTH_MEASURE(0.1),#17637);
#17829 = DRAUGHTING_PRE_DEFINED_CURVE_FONT('continuous');
#17830 = STYLED_ITEM('color',(#17831),#8186);
#17831 = PRESENTATION_STYLE_ASSIGNMENT((#17832,#17837));
#17832 = SURFACE_STYLE_USAGE(.BOTH.,#17833);
#17833 = SURFACE_SIDE_STYLE('',(#17834));
#17834 = SURFACE_STYLE_FILL_AREA(#17835);
#17835 = FILL_AREA_STYLE('',(#17836));
#17836 = FILL_AREA_STYLE_COLOUR('',#17637);
#17837 = CURVE_STYLE('',#17838,POSITIVE_LENGTH_MEASURE(0.1),#17637);
#17838 = DRAUGHTING_PRE_DEFINED_CURVE_FONT('continuous');
#17839 = STYLED_ITEM('color',(#17840),#8203);
#17840 = PRESENTATION_STYLE_ASSIGNMENT((#17841,#17846));
#17841 = SURFACE_STYLE_USAGE(.BOTH.,#17842);
#17842 = SURFACE_SIDE_STYLE('',(#17843));
#17843 = SURFACE_STYLE_FILL_AREA(#17844);
#17844 = FILL_AREA_STYLE('',(#17845));
#17845 = FILL_AREA_STYLE_COLOUR('',#17764);
#17846 = CURVE_STYLE('',#17847,POSITIVE_LENGTH_MEASURE(0.1),#17764);
#17847 = DRAUGHTING_PRE_DEFINED_CURVE_FONT('continuous');
#17848 = STYLED_ITEM('color',(#17849),#8234);
#17849 = PRESENTATION_STYLE_ASSIGNMENT((#17850,#17855));
#17850 = SURFACE_STYLE_USAGE(.BOTH.,#17851);
#17851 = SURFACE_SIDE_STYLE('',(#17852));
#17852 = SURFACE_STYLE_FILL_AREA(#17853);
#17853 = FILL_AREA_STYLE('',(#17854));
#17854 = FILL_AREA_STYLE_COLOUR('',#17637);
#17855 = CURVE_STYLE('',#17856,POSITIVE_LENGTH_MEASURE(0.1),#17637);
#17856 = DRAUGHTING_PRE_DEFINED_CURVE_FONT('continuous');
#17857 = STYLED_ITEM('color',(#17858),#8265);
#17858 = PRESENTATION_STYLE_ASSIGNMENT((#17859,#17864));
#17859 = SURFACE_STYLE_USAGE(.BOTH.,#17860);
#17860 = SURFACE_SIDE_STYLE('',(#17861));
#17861 = SURFACE_STYLE_FILL_AREA(#17862);
#17862 = FILL_AREA_STYLE('',(#17863));
#17863 = FILL_AREA_STYLE_COLOUR('',#17764);
#17864 = CURVE_STYLE('',#17865,POSITIVE_LENGTH_MEASURE(0.1),#17764);
#17865 = DRAUGHTING_PRE_DEFINED_CURVE_FONT('continuous');
#17866 = STYLED_ITEM('color',(#17867),#8296);
#17867 = PRESENTATION_STYLE_ASSIGNMENT((#17868,#17873));
#17868 = SURFACE_STYLE_USAGE(.BOTH.,#17869);
#17869 = SURFACE_SIDE_STYLE('',(#17870));
#17870 = SURFACE_STYLE_FILL_AREA(#17871);
#17871 = FILL_AREA_STYLE('',(#17872));
#17872 = FILL_AREA_STYLE_COLOUR('',#17637);
#17873 = CURVE_STYLE('',#17874,POSITIVE_LENGTH_MEASURE(0.1),#17637);
#17874 = DRAUGHTING_PRE_DEFINED_CURVE_FONT('continuous');
#17875 = STYLED_ITEM('color',(#17876),#8327);
#17876 = PRESENTATION_STYLE_ASSIGNMENT((#17877,#17882));
#17877 = SURFACE_STYLE_USAGE(.BOTH.,#17878);
#17878 = SURFACE_SIDE_STYLE('',(#17879));
#17879 = SURFACE_STYLE_FILL_AREA(#17880);
#17880 = FILL_AREA_STYLE('',(#17881));
#17881 = FILL_AREA_STYLE_COLOUR('',#17764);
#17882 = CURVE_STYLE('',#17883,POSITIVE_LENGTH_MEASURE(0.1),#17764);
#17883 = DRAUGHTING_PRE_DEFINED_CURVE_FONT('continuous');
#17884 = STYLED_ITEM('color',(#17885),#8358);
#17885 = PRESENTATION_STYLE_ASSIGNMENT((#17886,#17891));
#17886 = SURFACE_STYLE_USAGE(.BOTH.,#17887);
#17887 = SURFACE_SIDE_STYLE('',(#17888));
#17888 = SURFACE_STYLE_FILL_AREA(#17889);
#17889 = FILL_AREA_STYLE('',(#17890));
#17890 = FILL_AREA_STYLE_COLOUR('',#17637);
#17891 = CURVE_STYLE('',#17892,POSITIVE_LENGTH_MEASURE(0.1),#17637);
#17892 = DRAUGHTING_PRE_DEFINED_CURVE_FONT('continuous');
#17893 = STYLED_ITEM('color',(#17894),#8389);
#17894 = PRESENTATION_STYLE_ASSIGNMENT((#17895,#17900));
#17895 = SURFACE_STYLE_USAGE(.BOTH.,#17896);
#17896 = SURFACE_SIDE_STYLE('',(#17897));
#17897 = SURFACE_STYLE_FILL_AREA(#17898);
#17898 = FILL_AREA_STYLE('',(#17899));
#17899 = FILL_AREA_STYLE_COLOUR('',#17764);
#17900 = CURVE_STYLE('',#17901,POSITIVE_LENGTH_MEASURE(0.1),#17764);
#17901 = DRAUGHTING_PRE_DEFINED_CURVE_FONT('continuous');
#17902 = STYLED_ITEM('color',(#17903),#8420);
#17903 = PRESENTATION_STYLE_ASSIGNMENT((#17904,#17909));
#17904 = SURFACE_STYLE_USAGE(.BOTH.,#17905);
#17905 = SURFACE_SIDE_STYLE('',(#17906));
#17906 = SURFACE_STYLE_FILL_AREA(#17907);
#17907 = FILL_AREA_STYLE('',(#17908));
#17908 = FILL_AREA_STYLE_COLOUR('',#17637);
#17909 = CURVE_STYLE('',#17910,POSITIVE_LENGTH_MEASURE(0.1),#17637);
#17910 = DRAUGHTING_PRE_DEFINED_CURVE_FONT('continuous');
#17911 = STYLED_ITEM('color',(#17912),#8450);
#17912 = PRESENTATION_STYLE_ASSIGNMENT((#17913,#17918));
#17913 = SURFACE_STYLE_USAGE(.BOTH.,#17914);
#17914 = SURFACE_SIDE_STYLE('',(#17915));
#17915 = SURFACE_STYLE_FILL_AREA(#17916);
#17916 = FILL_AREA_STYLE('',(#17917));
#17917 = FILL_AREA_STYLE_COLOUR('',#17637);
#17918 = CURVE_STYLE('',#17919,POSITIVE_LENGTH_MEASURE(0.1),#17637);
#17919 = DRAUGHTING_PRE_DEFINED_CURVE_FONT('continuous');
#17920 = STYLED_ITEM('color',(#17921),#8473);
#17921 = PRESENTATION_STYLE_ASSIGNMENT((#17922,#17927));
#17922 = SURFACE_STYLE_USAGE(.BOTH.,#17923);
#17923 = SURFACE_SIDE_STYLE('',(#17924));
#17924 = SURFACE_STYLE_FILL_AREA(#17925);
#17925 = FILL_AREA_STYLE('',(#17926));
#17926 = FILL_AREA_STYLE_COLOUR('',#17637);
#17927 = CURVE_STYLE('',#17928,POSITIVE_LENGTH_MEASURE(0.1),#17637);
#17928 = DRAUGHTING_PRE_DEFINED_CURVE_FONT('continuous');
#17929 = STYLED_ITEM('color',(#17930),#8496);
#17930 = PRESENTATION_STYLE_ASSIGNMENT((#17931,#17936));
#17931 = SURFACE_STYLE_USAGE(.BOTH.,#17932);
#17932 = SURFACE_SIDE_STYLE('',(#17933));
#17933 = SURFACE_STYLE_FILL_AREA(#17934);
#17934 = FILL_AREA_STYLE('',(#17935));
#17935 = FILL_AREA_STYLE_COLOUR('',#17637);
#17936 = CURVE_STYLE('',#17937,POSITIVE_LENGTH_MEASURE(0.1),#17637);
#17937 = DRAUGHTING_PRE_DEFINED_CURVE_FONT('continuous');
#17938 = STYLED_ITEM('color',(#17939),#8513);
#17939 = PRESENTATION_STYLE_ASSIGNMENT((#17940,#17945));
#17940 = SURFACE_STYLE_USAGE(.BOTH.,#17941);
#17941 = SURFACE_SIDE_STYLE('',(#17942));
#17942 = SURFACE_STYLE_FILL_AREA(#17943);
#17943 = FILL_AREA_STYLE('',(#17944));
#17944 = FILL_AREA_STYLE_COLOUR('',#17764);
#17945 = CURVE_STYLE('',#17946,POSITIVE_LENGTH_MEASURE(0.1),#17764);
#17946 = DRAUGHTING_PRE_DEFINED_CURVE_FONT('continuous');
#17947 = STYLED_ITEM('color',(#17948),#8558);
#17948 = PRESENTATION_STYLE_ASSIGNMENT((#17949,#17954));
#17949 = SURFACE_STYLE_USAGE(.BOTH.,#17950);
#17950 = SURFACE_SIDE_STYLE('',(#17951));
#17951 = SURFACE_STYLE_FILL_AREA(#17952);
#17952 = FILL_AREA_STYLE('',(#17953));
#17953 = FILL_AREA_STYLE_COLOUR('',#17637);
#17954 = CURVE_STYLE('',#17955,POSITIVE_LENGTH_MEASURE(0.1),#17637);
#17955 = DRAUGHTING_PRE_DEFINED_CURVE_FONT('continuous');
#17956 = STYLED_ITEM('color',(#17957),#8644);
#17957 = PRESENTATION_STYLE_ASSIGNMENT((#17958,#17963));
#17958 = SURFACE_STYLE_USAGE(.BOTH.,#17959);
#17959 = SURFACE_SIDE_STYLE('',(#17960));
#17960 = SURFACE_STYLE_FILL_AREA(#17961);
#17961 = FILL_AREA_STYLE('',(#17962));
#17962 = FILL_AREA_STYLE_COLOUR('',#17637);
#17963 = CURVE_STYLE('',#17964,POSITIVE_LENGTH_MEASURE(0.1),#17637);
#17964 = DRAUGHTING_PRE_DEFINED_CURVE_FONT('continuous');
#17965 = STYLED_ITEM('color',(#17966),#8667);
#17966 = PRESENTATION_STYLE_ASSIGNMENT((#17967,#17972));
#17967 = SURFACE_STYLE_USAGE(.BOTH.,#17968);
#17968 = SURFACE_SIDE_STYLE('',(#17969));
#17969 = SURFACE_STYLE_FILL_AREA(#17970);
#17970 = FILL_AREA_STYLE('',(#17971));
#17971 = FILL_AREA_STYLE_COLOUR('',#17637);
#17972 = CURVE_STYLE('',#17973,POSITIVE_LENGTH_MEASURE(0.1),#17637);
#17973 = DRAUGHTING_PRE_DEFINED_CURVE_FONT('continuous');
#17974 = STYLED_ITEM('color',(#17975),#8690);
#17975 = PRESENTATION_STYLE_ASSIGNMENT((#17976,#17981));
#17976 = SURFACE_STYLE_USAGE(.BOTH.,#17977);
#17977 = SURFACE_SIDE_STYLE('',(#17978));
#17978 = SURFACE_STYLE_FILL_AREA(#17979);
#17979 = FILL_AREA_STYLE('',(#17980));
#17980 = FILL_AREA_STYLE_COLOUR('',#17637);
#17981 = CURVE_STYLE('',#17982,POSITIVE_LENGTH_MEASURE(0.1),#17637);
#17982 = DRAUGHTING_PRE_DEFINED_CURVE_FONT('continuous');
#17983 = STYLED_ITEM('color',(#17984),#8713);
#17984 = PRESENTATION_STYLE_ASSIGNMENT((#17985,#17990));
#17985 = SURFACE_STYLE_USAGE(.BOTH.,#17986);
#17986 = SURFACE_SIDE_STYLE('',(#17987));
#17987 = SURFACE_STYLE_FILL_AREA(#17988);
#17988 = FILL_AREA_STYLE('',(#17989));
#17989 = FILL_AREA_STYLE_COLOUR('',#17637);
#17990 = CURVE_STYLE('',#17991,POSITIVE_LENGTH_MEASURE(0.1),#17637);
#17991 = DRAUGHTING_PRE_DEFINED_CURVE_FONT('continuous');
#17992 = STYLED_ITEM('color',(#17993),#8800);
#17993 = PRESENTATION_STYLE_ASSIGNMENT((#17994,#17999));
#17994 = SURFACE_STYLE_USAGE(.BOTH.,#17995);
#17995 = SURFACE_SIDE_STYLE('',(#17996));
#17996 = SURFACE_STYLE_FILL_AREA(#17997);
#17997 = FILL_AREA_STYLE('',(#17998));
#17998 = FILL_AREA_STYLE_COLOUR('',#17764);
#17999 = CURVE_STYLE('',#18000,POSITIVE_LENGTH_MEASURE(0.1),#17764);
#18000 = DRAUGHTING_PRE_DEFINED_CURVE_FONT('continuous');
#18001 = STYLED_ITEM('color',(#18002),#8838);
#18002 = PRESENTATION_STYLE_ASSIGNMENT((#18003,#18008));
#18003 = SURFACE_STYLE_USAGE(.BOTH.,#18004);
#18004 = SURFACE_SIDE_STYLE('',(#18005));
#18005 = SURFACE_STYLE_FILL_AREA(#18006);
#18006 = FILL_AREA_STYLE('',(#18007));
#18007 = FILL_AREA_STYLE_COLOUR('',#17637);
#18008 = CURVE_STYLE('',#18009,POSITIVE_LENGTH_MEASURE(0.1),#17637);
#18009 = DRAUGHTING_PRE_DEFINED_CURVE_FONT('continuous');
#18010 = STYLED_ITEM('color',(#18011),#8887);
#18011 = PRESENTATION_STYLE_ASSIGNMENT((#18012,#18017));
#18012 = SURFACE_STYLE_USAGE(.BOTH.,#18013);
#18013 = SURFACE_SIDE_STYLE('',(#18014));
#18014 = SURFACE_STYLE_FILL_AREA(#18015);
#18015 = FILL_AREA_STYLE('',(#18016));
#18016 = FILL_AREA_STYLE_COLOUR('',#17764);
#18017 = CURVE_STYLE('',#18018,POSITIVE_LENGTH_MEASURE(0.1),#17764);
#18018 = DRAUGHTING_PRE_DEFINED_CURVE_FONT('continuous');
#18019 = STYLED_ITEM('color',(#18020),#8979);
#18020 = PRESENTATION_STYLE_ASSIGNMENT((#18021,#18026));
#18021 = SURFACE_STYLE_USAGE(.BOTH.,#18022);
#18022 = SURFACE_SIDE_STYLE('',(#18023));
#18023 = SURFACE_STYLE_FILL_AREA(#18024);
#18024 = FILL_AREA_STYLE('',(#18025));
#18025 = FILL_AREA_STYLE_COLOUR('',#17764);
#18026 = CURVE_STYLE('',#18027,POSITIVE_LENGTH_MEASURE(0.1),#17764);
#18027 = DRAUGHTING_PRE_DEFINED_CURVE_FONT('continuous');
#18028 = STYLED_ITEM('color',(#18029),#9004);
#18029 = PRESENTATION_STYLE_ASSIGNMENT((#18030,#18035));
#18030 = SURFACE_STYLE_USAGE(.BOTH.,#18031);
#18031 = SURFACE_SIDE_STYLE('',(#18032));
#18032 = SURFACE_STYLE_FILL_AREA(#18033);
#18033 = FILL_AREA_STYLE('',(#18034));
#18034 = FILL_AREA_STYLE_COLOUR('',#17764);
#18035 = CURVE_STYLE('',#18036,POSITIVE_LENGTH_MEASURE(0.1),#17764);
#18036 = DRAUGHTING_PRE_DEFINED_CURVE_FONT('continuous');
#18037 = STYLED_ITEM('color',(#18038),#9088);
#18038 = PRESENTATION_STYLE_ASSIGNMENT((#18039,#18044));
#18039 = SURFACE_STYLE_USAGE(.BOTH.,#18040);
#18040 = SURFACE_SIDE_STYLE('',(#18041));
#18041 = SURFACE_STYLE_FILL_AREA(#18042);
#18042 = FILL_AREA_STYLE('',(#18043));
#18043 = FILL_AREA_STYLE_COLOUR('',#17637);
#18044 = CURVE_STYLE('',#18045,POSITIVE_LENGTH_MEASURE(0.1),#17637);
#18045 = DRAUGHTING_PRE_DEFINED_CURVE_FONT('continuous');
#18046 = STYLED_ITEM('color',(#18047),#9110);
#18047 = PRESENTATION_STYLE_ASSIGNMENT((#18048,#18053));
#18048 = SURFACE_STYLE_USAGE(.BOTH.,#18049);
#18049 = SURFACE_SIDE_STYLE('',(#18050));
#18050 = SURFACE_STYLE_FILL_AREA(#18051);
#18051 = FILL_AREA_STYLE('',(#18052));
#18052 = FILL_AREA_STYLE_COLOUR('',#17764);
#18053 = CURVE_STYLE('',#18054,POSITIVE_LENGTH_MEASURE(0.1),#17764);
#18054 = DRAUGHTING_PRE_DEFINED_CURVE_FONT('continuous');
#18055 = STYLED_ITEM('color',(#18056),#9202);
#18056 = PRESENTATION_STYLE_ASSIGNMENT((#18057,#18062));
#18057 = SURFACE_STYLE_USAGE(.BOTH.,#18058);
#18058 = SURFACE_SIDE_STYLE('',(#18059));
#18059 = SURFACE_STYLE_FILL_AREA(#18060);
#18060 = FILL_AREA_STYLE('',(#18061));
#18061 = FILL_AREA_STYLE_COLOUR('',#17764);
#18062 = CURVE_STYLE('',#18063,POSITIVE_LENGTH_MEASURE(0.1),#17764);
#18063 = DRAUGHTING_PRE_DEFINED_CURVE_FONT('continuous');
#18064 = STYLED_ITEM('color',(#18065),#9227);
#18065 = PRESENTATION_STYLE_ASSIGNMENT((#18066,#18071));
#18066 = SURFACE_STYLE_USAGE(.BOTH.,#18067);
#18067 = SURFACE_SIDE_STYLE('',(#18068));
#18068 = SURFACE_STYLE_FILL_AREA(#18069);
#18069 = FILL_AREA_STYLE('',(#18070));
#18070 = FILL_AREA_STYLE_COLOUR('',#17764);
#18071 = CURVE_STYLE('',#18072,POSITIVE_LENGTH_MEASURE(0.1),#17764);
#18072 = DRAUGHTING_PRE_DEFINED_CURVE_FONT('continuous');
#18073 = STYLED_ITEM('color',(#18074),#9311);
#18074 = PRESENTATION_STYLE_ASSIGNMENT((#18075,#18080));
#18075 = SURFACE_STYLE_USAGE(.BOTH.,#18076);
#18076 = SURFACE_SIDE_STYLE('',(#18077));
#18077 = SURFACE_STYLE_FILL_AREA(#18078);
#18078 = FILL_AREA_STYLE('',(#18079));
#18079 = FILL_AREA_STYLE_COLOUR('',#17637);
#18080 = CURVE_STYLE('',#18081,POSITIVE_LENGTH_MEASURE(0.1),#17637);
#18081 = DRAUGHTING_PRE_DEFINED_CURVE_FONT('continuous');
#18082 = STYLED_ITEM('color',(#18083),#9333);
#18083 = PRESENTATION_STYLE_ASSIGNMENT((#18084,#18089));
#18084 = SURFACE_STYLE_USAGE(.BOTH.,#18085);
#18085 = SURFACE_SIDE_STYLE('',(#18086));
#18086 = SURFACE_STYLE_FILL_AREA(#18087);
#18087 = FILL_AREA_STYLE('',(#18088));
#18088 = FILL_AREA_STYLE_COLOUR('',#17764);
#18089 = CURVE_STYLE('',#18090,POSITIVE_LENGTH_MEASURE(0.1),#17764);
#18090 = DRAUGHTING_PRE_DEFINED_CURVE_FONT('continuous');
#18091 = STYLED_ITEM('color',(#18092),#9425);
#18092 = PRESENTATION_STYLE_ASSIGNMENT((#18093,#18098));
#18093 = SURFACE_STYLE_USAGE(.BOTH.,#18094);
#18094 = SURFACE_SIDE_STYLE('',(#18095));
#18095 = SURFACE_STYLE_FILL_AREA(#18096);
#18096 = FILL_AREA_STYLE('',(#18097));
#18097 = FILL_AREA_STYLE_COLOUR('',#17764);
#18098 = CURVE_STYLE('',#18099,POSITIVE_LENGTH_MEASURE(0.1),#17764);
#18099 = DRAUGHTING_PRE_DEFINED_CURVE_FONT('continuous');
#18100 = STYLED_ITEM('color',(#18101),#9450);
#18101 = PRESENTATION_STYLE_ASSIGNMENT((#18102,#18107));
#18102 = SURFACE_STYLE_USAGE(.BOTH.,#18103);
#18103 = SURFACE_SIDE_STYLE('',(#18104));
#18104 = SURFACE_STYLE_FILL_AREA(#18105);
#18105 = FILL_AREA_STYLE('',(#18106));
#18106 = FILL_AREA_STYLE_COLOUR('',#17764);
#18107 = CURVE_STYLE('',#18108,POSITIVE_LENGTH_MEASURE(0.1),#17764);
#18108 = DRAUGHTING_PRE_DEFINED_CURVE_FONT('continuous');
#18109 = STYLED_ITEM('color',(#18110),#9534);
#18110 = PRESENTATION_STYLE_ASSIGNMENT((#18111,#18116));
#18111 = SURFACE_STYLE_USAGE(.BOTH.,#18112);
#18112 = SURFACE_SIDE_STYLE('',(#18113));
#18113 = SURFACE_STYLE_FILL_AREA(#18114);
#18114 = FILL_AREA_STYLE('',(#18115));
#18115 = FILL_AREA_STYLE_COLOUR('',#17637);
#18116 = CURVE_STYLE('',#18117,POSITIVE_LENGTH_MEASURE(0.1),#17637);
#18117 = DRAUGHTING_PRE_DEFINED_CURVE_FONT('continuous');
#18118 = STYLED_ITEM('color',(#18119),#9551);
#18119 = PRESENTATION_STYLE_ASSIGNMENT((#18120,#18125));
#18120 = SURFACE_STYLE_USAGE(.BOTH.,#18121);
#18121 = SURFACE_SIDE_STYLE('',(#18122));
#18122 = SURFACE_STYLE_FILL_AREA(#18123);
#18123 = FILL_AREA_STYLE('',(#18124));
#18124 = FILL_AREA_STYLE_COLOUR('',#17764);
#18125 = CURVE_STYLE('',#18126,POSITIVE_LENGTH_MEASURE(0.1),#17764);
#18126 = DRAUGHTING_PRE_DEFINED_CURVE_FONT('continuous');
#18127 = STYLED_ITEM('color',(#18128),#9636);
#18128 = PRESENTATION_STYLE_ASSIGNMENT((#18129,#18134));
#18129 = SURFACE_STYLE_USAGE(.BOTH.,#18130);
#18130 = SURFACE_SIDE_STYLE('',(#18131));
#18131 = SURFACE_STYLE_FILL_AREA(#18132);
#18132 = FILL_AREA_STYLE('',(#18133));
#18133 = FILL_AREA_STYLE_COLOUR('',#17764);
#18134 = CURVE_STYLE('',#18135,POSITIVE_LENGTH_MEASURE(0.1),#17764);
#18135 = DRAUGHTING_PRE_DEFINED_CURVE_FONT('continuous');
#18136 = STYLED_ITEM('color',(#18137),#9661);
#18137 = PRESENTATION_STYLE_ASSIGNMENT((#18138,#18143));
#18138 = SURFACE_STYLE_USAGE(.BOTH.,#18139);
#18139 = SURFACE_SIDE_STYLE('',(#18140));
#18140 = SURFACE_STYLE_FILL_AREA(#18141);
#18141 = FILL_AREA_STYLE('',(#18142));
#18142 = FILL_AREA_STYLE_COLOUR('',#17764);
#18143 = CURVE_STYLE('',#18144,POSITIVE_LENGTH_MEASURE(0.1),#17764);
#18144 = DRAUGHTING_PRE_DEFINED_CURVE_FONT('continuous');
#18145 = STYLED_ITEM('color',(#18146),#9738);
#18146 = PRESENTATION_STYLE_ASSIGNMENT((#18147,#18152));
#18147 = SURFACE_STYLE_USAGE(.BOTH.,#18148);
#18148 = SURFACE_SIDE_STYLE('',(#18149));
#18149 = SURFACE_STYLE_FILL_AREA(#18150);
#18150 = FILL_AREA_STYLE('',(#18151));
#18151 = FILL_AREA_STYLE_COLOUR('',#17764);
#18152 = CURVE_STYLE('',#18153,POSITIVE_LENGTH_MEASURE(0.1),#17764);
#18153 = DRAUGHTING_PRE_DEFINED_CURVE_FONT('continuous');
#18154 = STYLED_ITEM('color',(#18155),#9823);
#18155 = PRESENTATION_STYLE_ASSIGNMENT((#18156,#18161));
#18156 = SURFACE_STYLE_USAGE(.BOTH.,#18157);
#18157 = SURFACE_SIDE_STYLE('',(#18158));
#18158 = SURFACE_STYLE_FILL_AREA(#18159);
#18159 = FILL_AREA_STYLE('',(#18160));
#18160 = FILL_AREA_STYLE_COLOUR('',#17764);
#18161 = CURVE_STYLE('',#18162,POSITIVE_LENGTH_MEASURE(0.1),#17764);
#18162 = DRAUGHTING_PRE_DEFINED_CURVE_FONT('continuous');
#18163 = STYLED_ITEM('color',(#18164),#9848);
#18164 = PRESENTATION_STYLE_ASSIGNMENT((#18165,#18170));
#18165 = SURFACE_STYLE_USAGE(.BOTH.,#18166);
#18166 = SURFACE_SIDE_STYLE('',(#18167));
#18167 = SURFACE_STYLE_FILL_AREA(#18168);
#18168 = FILL_AREA_STYLE('',(#18169));
#18169 = FILL_AREA_STYLE_COLOUR('',#17764);
#18170 = CURVE_STYLE('',#18171,POSITIVE_LENGTH_MEASURE(0.1),#17764);
#18171 = DRAUGHTING_PRE_DEFINED_CURVE_FONT('continuous');
#18172 = STYLED_ITEM('color',(#18173),#9925);
#18173 = PRESENTATION_STYLE_ASSIGNMENT((#18174,#18179));
#18174 = SURFACE_STYLE_USAGE(.BOTH.,#18175);
#18175 = SURFACE_SIDE_STYLE('',(#18176));
#18176 = SURFACE_STYLE_FILL_AREA(#18177);
#18177 = FILL_AREA_STYLE('',(#18178));
#18178 = FILL_AREA_STYLE_COLOUR('',#17637);
#18179 = CURVE_STYLE('',#18180,POSITIVE_LENGTH_MEASURE(0.1),#17637);
#18180 = DRAUGHTING_PRE_DEFINED_CURVE_FONT('continuous');
#18181 = STYLED_ITEM('color',(#18182),#9942);
#18182 = PRESENTATION_STYLE_ASSIGNMENT((#18183,#18188));
#18183 = SURFACE_STYLE_USAGE(.BOTH.,#18184);
#18184 = SURFACE_SIDE_STYLE('',(#18185));
#18185 = SURFACE_STYLE_FILL_AREA(#18186);
#18186 = FILL_AREA_STYLE('',(#18187));
#18187 = FILL_AREA_STYLE_COLOUR('',#17764);
#18188 = CURVE_STYLE('',#18189,POSITIVE_LENGTH_MEASURE(0.1),#17764);
#18189 = DRAUGHTING_PRE_DEFINED_CURVE_FONT('continuous');
#18190 = STYLED_ITEM('color',(#18191),#10034);
#18191 = PRESENTATION_STYLE_ASSIGNMENT((#18192,#18197));
#18192 = SURFACE_STYLE_USAGE(.BOTH.,#18193);
#18193 = SURFACE_SIDE_STYLE('',(#18194));
#18194 = SURFACE_STYLE_FILL_AREA(#18195);
#18195 = FILL_AREA_STYLE('',(#18196));
#18196 = FILL_AREA_STYLE_COLOUR('',#17764);
#18197 = CURVE_STYLE('',#18198,POSITIVE_LENGTH_MEASURE(0.1),#17764);
#18198 = DRAUGHTING_PRE_DEFINED_CURVE_FONT('continuous');
#18199 = STYLED_ITEM('color',(#18200),#10059);
#18200 = PRESENTATION_STYLE_ASSIGNMENT((#18201,#18206));
#18201 = SURFACE_STYLE_USAGE(.BOTH.,#18202);
#18202 = SURFACE_SIDE_STYLE('',(#18203));
#18203 = SURFACE_STYLE_FILL_AREA(#18204);
#18204 = FILL_AREA_STYLE('',(#18205));
#18205 = FILL_AREA_STYLE_COLOUR('',#17764);
#18206 = CURVE_STYLE('',#18207,POSITIVE_LENGTH_MEASURE(0.1),#17764);
#18207 = DRAUGHTING_PRE_DEFINED_CURVE_FONT('continuous');
#18208 = STYLED_ITEM('color',(#18209),#10143);
#18209 = PRESENTATION_STYLE_ASSIGNMENT((#18210,#18215));
#18210 = SURFACE_STYLE_USAGE(.BOTH.,#18211);
#18211 = SURFACE_SIDE_STYLE('',(#18212));
#18212 = SURFACE_STYLE_FILL_AREA(#18213);
#18213 = FILL_AREA_STYLE('',(#18214));
#18214 = FILL_AREA_STYLE_COLOUR('',#17637);
#18215 = CURVE_STYLE('',#18216,POSITIVE_LENGTH_MEASURE(0.1),#17637);
#18216 = DRAUGHTING_PRE_DEFINED_CURVE_FONT('continuous');
#18217 = STYLED_ITEM('color',(#18218),#10165);
#18218 = PRESENTATION_STYLE_ASSIGNMENT((#18219,#18224));
#18219 = SURFACE_STYLE_USAGE(.BOTH.,#18220);
#18220 = SURFACE_SIDE_STYLE('',(#18221));
#18221 = SURFACE_STYLE_FILL_AREA(#18222);
#18222 = FILL_AREA_STYLE('',(#18223));
#18223 = FILL_AREA_STYLE_COLOUR('',#17764);
#18224 = CURVE_STYLE('',#18225,POSITIVE_LENGTH_MEASURE(0.1),#17764);
#18225 = DRAUGHTING_PRE_DEFINED_CURVE_FONT('continuous');
#18226 = STYLED_ITEM('color',(#18227),#10257);
#18227 = PRESENTATION_STYLE_ASSIGNMENT((#18228,#18233));
#18228 = SURFACE_STYLE_USAGE(.BOTH.,#18229);
#18229 = SURFACE_SIDE_STYLE('',(#18230));
#18230 = SURFACE_STYLE_FILL_AREA(#18231);
#18231 = FILL_AREA_STYLE('',(#18232));
#18232 = FILL_AREA_STYLE_COLOUR('',#17764);
#18233 = CURVE_STYLE('',#18234,POSITIVE_LENGTH_MEASURE(0.1),#17764);
#18234 = DRAUGHTING_PRE_DEFINED_CURVE_FONT('continuous');
#18235 = STYLED_ITEM('color',(#18236),#10282);
#18236 = PRESENTATION_STYLE_ASSIGNMENT((#18237,#18242));
#18237 = SURFACE_STYLE_USAGE(.BOTH.,#18238);
#18238 = SURFACE_SIDE_STYLE('',(#18239));
#18239 = SURFACE_STYLE_FILL_AREA(#18240);
#18240 = FILL_AREA_STYLE('',(#18241));
#18241 = FILL_AREA_STYLE_COLOUR('',#17764);
#18242 = CURVE_STYLE('',#18243,POSITIVE_LENGTH_MEASURE(0.1),#17764);
#18243 = DRAUGHTING_PRE_DEFINED_CURVE_FONT('continuous');
#18244 = STYLED_ITEM('color',(#18245),#10366);
#18245 = PRESENTATION_STYLE_ASSIGNMENT((#18246,#18251));
#18246 = SURFACE_STYLE_USAGE(.BOTH.,#18247);
#18247 = SURFACE_SIDE_STYLE('',(#18248));
#18248 = SURFACE_STYLE_FILL_AREA(#18249);
#18249 = FILL_AREA_STYLE('',(#18250));
#18250 = FILL_AREA_STYLE_COLOUR('',#17637);
#18251 = CURVE_STYLE('',#18252,POSITIVE_LENGTH_MEASURE(0.1),#17637);
#18252 = DRAUGHTING_PRE_DEFINED_CURVE_FONT('continuous');
#18253 = STYLED_ITEM('color',(#18254),#10388);
#18254 = PRESENTATION_STYLE_ASSIGNMENT((#18255,#18260));
#18255 = SURFACE_STYLE_USAGE(.BOTH.,#18256);
#18256 = SURFACE_SIDE_STYLE('',(#18257));
#18257 = SURFACE_STYLE_FILL_AREA(#18258);
#18258 = FILL_AREA_STYLE('',(#18259));
#18259 = FILL_AREA_STYLE_COLOUR('',#17764);
#18260 = CURVE_STYLE('',#18261,POSITIVE_LENGTH_MEASURE(0.1),#17764);
#18261 = DRAUGHTING_PRE_DEFINED_CURVE_FONT('continuous');
#18262 = STYLED_ITEM('color',(#18263),#10480);
#18263 = PRESENTATION_STYLE_ASSIGNMENT((#18264,#18269));
#18264 = SURFACE_STYLE_USAGE(.BOTH.,#18265);
#18265 = SURFACE_SIDE_STYLE('',(#18266));
#18266 = SURFACE_STYLE_FILL_AREA(#18267);
#18267 = FILL_AREA_STYLE('',(#18268));
#18268 = FILL_AREA_STYLE_COLOUR('',#17764);
#18269 = CURVE_STYLE('',#18270,POSITIVE_LENGTH_MEASURE(0.1),#17764);
#18270 = DRAUGHTING_PRE_DEFINED_CURVE_FONT('continuous');
#18271 = STYLED_ITEM('color',(#18272),#10505);
#18272 = PRESENTATION_STYLE_ASSIGNMENT((#18273,#18278));
#18273 = SURFACE_STYLE_USAGE(.BOTH.,#18274);
#18274 = SURFACE_SIDE_STYLE('',(#18275));
#18275 = SURFACE_STYLE_FILL_AREA(#18276);
#18276 = FILL_AREA_STYLE('',(#18277));
#18277 = FILL_AREA_STYLE_COLOUR('',#17764);
#18278 = CURVE_STYLE('',#18279,POSITIVE_LENGTH_MEASURE(0.1),#17764);
#18279 = DRAUGHTING_PRE_DEFINED_CURVE_FONT('continuous');
#18280 = STYLED_ITEM('color',(#18281),#10589);
#18281 = PRESENTATION_STYLE_ASSIGNMENT((#18282,#18287));
#18282 = SURFACE_STYLE_USAGE(.BOTH.,#18283);
#18283 = SURFACE_SIDE_STYLE('',(#18284));
#18284 = SURFACE_STYLE_FILL_AREA(#18285);
#18285 = FILL_AREA_STYLE('',(#18286));
#18286 = FILL_AREA_STYLE_COLOUR('',#17764);
#18287 = CURVE_STYLE('',#18288,POSITIVE_LENGTH_MEASURE(0.1),#17764);
#18288 = DRAUGHTING_PRE_DEFINED_CURVE_FONT('continuous');
#18289 = STYLED_ITEM('color',(#18290),#10606);
#18290 = PRESENTATION_STYLE_ASSIGNMENT((#18291,#18296));
#18291 = SURFACE_STYLE_USAGE(.BOTH.,#18292);
#18292 = SURFACE_SIDE_STYLE('',(#18293));
#18293 = SURFACE_STYLE_FILL_AREA(#18294);
#18294 = FILL_AREA_STYLE('',(#18295));
#18295 = FILL_AREA_STYLE_COLOUR('',#17764);
#18296 = CURVE_STYLE('',#18297,POSITIVE_LENGTH_MEASURE(0.1),#17764);
#18297 = DRAUGHTING_PRE_DEFINED_CURVE_FONT('continuous');
#18298 = STYLED_ITEM('color',(#18299),#10625);
#18299 = PRESENTATION_STYLE_ASSIGNMENT((#18300,#18305));
#18300 = SURFACE_STYLE_USAGE(.BOTH.,#18301);
#18301 = SURFACE_SIDE_STYLE('',(#18302));
#18302 = SURFACE_STYLE_FILL_AREA(#18303);
#18303 = FILL_AREA_STYLE('',(#18304));
#18304 = FILL_AREA_STYLE_COLOUR('',#17764);
#18305 = CURVE_STYLE('',#18306,POSITIVE_LENGTH_MEASURE(0.1),#17764);
#18306 = DRAUGHTING_PRE_DEFINED_CURVE_FONT('continuous');
#18307 = STYLED_ITEM('color',(#18308),#10644);
#18308 = PRESENTATION_STYLE_ASSIGNMENT((#18309,#18314));
#18309 = SURFACE_STYLE_USAGE(.BOTH.,#18310);
#18310 = SURFACE_SIDE_STYLE('',(#18311));
#18311 = SURFACE_STYLE_FILL_AREA(#18312);
#18312 = FILL_AREA_STYLE('',(#18313));
#18313 = FILL_AREA_STYLE_COLOUR('',#17764);
#18314 = CURVE_STYLE('',#18315,POSITIVE_LENGTH_MEASURE(0.1),#17764);
#18315 = DRAUGHTING_PRE_DEFINED_CURVE_FONT('continuous');
#18316 = STYLED_ITEM('color',(#18317),#10663);
#18317 = PRESENTATION_STYLE_ASSIGNMENT((#18318,#18323));
#18318 = SURFACE_STYLE_USAGE(.BOTH.,#18319);
#18319 = SURFACE_SIDE_STYLE('',(#18320));
#18320 = SURFACE_STYLE_FILL_AREA(#18321);
#18321 = FILL_AREA_STYLE('',(#18322));
#18322 = FILL_AREA_STYLE_COLOUR('',#17637);
#18323 = CURVE_STYLE('',#18324,POSITIVE_LENGTH_MEASURE(0.1),#17637);
#18324 = DRAUGHTING_PRE_DEFINED_CURVE_FONT('continuous');
#18325 = STYLED_ITEM('color',(#18326),#10709);
#18326 = PRESENTATION_STYLE_ASSIGNMENT((#18327,#18332));
#18327 = SURFACE_STYLE_USAGE(.BOTH.,#18328);
#18328 = SURFACE_SIDE_STYLE('',(#18329));
#18329 = SURFACE_STYLE_FILL_AREA(#18330);
#18330 = FILL_AREA_STYLE('',(#18331));
#18331 = FILL_AREA_STYLE_COLOUR('',#17637);
#18332 = CURVE_STYLE('',#18333,POSITIVE_LENGTH_MEASURE(0.1),#17637);
#18333 = DRAUGHTING_PRE_DEFINED_CURVE_FONT('continuous');
#18334 = STYLED_ITEM('color',(#18335),#10725);
#18335 = PRESENTATION_STYLE_ASSIGNMENT((#18336,#18341));
#18336 = SURFACE_STYLE_USAGE(.BOTH.,#18337);
#18337 = SURFACE_SIDE_STYLE('',(#18338));
#18338 = SURFACE_STYLE_FILL_AREA(#18339);
#18339 = FILL_AREA_STYLE('',(#18340));
#18340 = FILL_AREA_STYLE_COLOUR('',#17764);
#18341 = CURVE_STYLE('',#18342,POSITIVE_LENGTH_MEASURE(0.1),#17764);
#18342 = DRAUGHTING_PRE_DEFINED_CURVE_FONT('continuous');
#18343 = STYLED_ITEM('color',(#18344),#10744);
#18344 = PRESENTATION_STYLE_ASSIGNMENT((#18345,#18350));
#18345 = SURFACE_STYLE_USAGE(.BOTH.,#18346);
#18346 = SURFACE_SIDE_STYLE('',(#18347));
#18347 = SURFACE_STYLE_FILL_AREA(#18348);
#18348 = FILL_AREA_STYLE('',(#18349));
#18349 = FILL_AREA_STYLE_COLOUR('',#17764);
#18350 = CURVE_STYLE('',#18351,POSITIVE_LENGTH_MEASURE(0.1),#17764);
#18351 = DRAUGHTING_PRE_DEFINED_CURVE_FONT('continuous');
#18352 = STYLED_ITEM('color',(#18353),#10763);
#18353 = PRESENTATION_STYLE_ASSIGNMENT((#18354,#18359));
#18354 = SURFACE_STYLE_USAGE(.BOTH.,#18355);
#18355 = SURFACE_SIDE_STYLE('',(#18356));
#18356 = SURFACE_STYLE_FILL_AREA(#18357);
#18357 = FILL_AREA_STYLE('',(#18358));
#18358 = FILL_AREA_STYLE_COLOUR('',#17764);
#18359 = CURVE_STYLE('',#18360,POSITIVE_LENGTH_MEASURE(0.1),#17764);
#18360 = DRAUGHTING_PRE_DEFINED_CURVE_FONT('continuous');
#18361 = STYLED_ITEM('color',(#18362),#10782);
#18362 = PRESENTATION_STYLE_ASSIGNMENT((#18363,#18368));
#18363 = SURFACE_STYLE_USAGE(.BOTH.,#18364);
#18364 = SURFACE_SIDE_STYLE('',(#18365));
#18365 = SURFACE_STYLE_FILL_AREA(#18366);
#18366 = FILL_AREA_STYLE('',(#18367));
#18367 = FILL_AREA_STYLE_COLOUR('',#17637);
#18368 = CURVE_STYLE('',#18369,POSITIVE_LENGTH_MEASURE(0.1),#17637);
#18369 = DRAUGHTING_PRE_DEFINED_CURVE_FONT('continuous');
#18370 = STYLED_ITEM('color',(#18371),#10798);
#18371 = PRESENTATION_STYLE_ASSIGNMENT((#18372,#18377));
#18372 = SURFACE_STYLE_USAGE(.BOTH.,#18373);
#18373 = SURFACE_SIDE_STYLE('',(#18374));
#18374 = SURFACE_STYLE_FILL_AREA(#18375);
#18375 = FILL_AREA_STYLE('',(#18376));
#18376 = FILL_AREA_STYLE_COLOUR('',#17764);
#18377 = CURVE_STYLE('',#18378,POSITIVE_LENGTH_MEASURE(0.1),#17764);
#18378 = DRAUGHTING_PRE_DEFINED_CURVE_FONT('continuous');
#18379 = STYLED_ITEM('color',(#18380),#10815);
#18380 = PRESENTATION_STYLE_ASSIGNMENT((#18381,#18386));
#18381 = SURFACE_STYLE_USAGE(.BOTH.,#18382);
#18382 = SURFACE_SIDE_STYLE('',(#18383));
#18383 = SURFACE_STYLE_FILL_AREA(#18384);
#18384 = FILL_AREA_STYLE('',(#18385));
#18385 = FILL_AREA_STYLE_COLOUR('',#17637);
#18386 = CURVE_STYLE('',#18387,POSITIVE_LENGTH_MEASURE(0.1),#17637);
#18387 = DRAUGHTING_PRE_DEFINED_CURVE_FONT('continuous');
#18388 = STYLED_ITEM('color',(#18389),#10827);
#18389 = PRESENTATION_STYLE_ASSIGNMENT((#18390,#18395));
#18390 = SURFACE_STYLE_USAGE(.BOTH.,#18391);
#18391 = SURFACE_SIDE_STYLE('',(#18392));
#18392 = SURFACE_STYLE_FILL_AREA(#18393);
#18393 = FILL_AREA_STYLE('',(#18394));
#18394 = FILL_AREA_STYLE_COLOUR('',#17764);
#18395 = CURVE_STYLE('',#18396,POSITIVE_LENGTH_MEASURE(0.1),#17764);
#18396 = DRAUGHTING_PRE_DEFINED_CURVE_FONT('continuous');
#18397 = STYLED_ITEM('color',(#18398),#10844);
#18398 = PRESENTATION_STYLE_ASSIGNMENT((#18399,#18404));
#18399 = SURFACE_STYLE_USAGE(.BOTH.,#18400);
#18400 = SURFACE_SIDE_STYLE('',(#18401));
#18401 = SURFACE_STYLE_FILL_AREA(#18402);
#18402 = FILL_AREA_STYLE('',(#18403));
#18403 = FILL_AREA_STYLE_COLOUR('',#17764);
#18404 = CURVE_STYLE('',#18405,POSITIVE_LENGTH_MEASURE(0.1),#17764);
#18405 = DRAUGHTING_PRE_DEFINED_CURVE_FONT('continuous');
#18406 = STYLED_ITEM('color',(#18407),#10861);
#18407 = PRESENTATION_STYLE_ASSIGNMENT((#18408,#18413));
#18408 = SURFACE_STYLE_USAGE(.BOTH.,#18409);
#18409 = SURFACE_SIDE_STYLE('',(#18410));
#18410 = SURFACE_STYLE_FILL_AREA(#18411);
#18411 = FILL_AREA_STYLE('',(#18412));
#18412 = FILL_AREA_STYLE_COLOUR('',#17764);
#18413 = CURVE_STYLE('',#18414,POSITIVE_LENGTH_MEASURE(0.1),#17764);
#18414 = DRAUGHTING_PRE_DEFINED_CURVE_FONT('continuous');
#18415 = STYLED_ITEM('color',(#18416),#10878);
#18416 = PRESENTATION_STYLE_ASSIGNMENT((#18417,#18422));
#18417 = SURFACE_STYLE_USAGE(.BOTH.,#18418);
#18418 = SURFACE_SIDE_STYLE('',(#18419));
#18419 = SURFACE_STYLE_FILL_AREA(#18420);
#18420 = FILL_AREA_STYLE('',(#18421));
#18421 = FILL_AREA_STYLE_COLOUR('',#17764);
#18422 = CURVE_STYLE('',#18423,POSITIVE_LENGTH_MEASURE(0.1),#17764);
#18423 = DRAUGHTING_PRE_DEFINED_CURVE_FONT('continuous');
#18424 = STYLED_ITEM('color',(#18425),#10895);
#18425 = PRESENTATION_STYLE_ASSIGNMENT((#18426,#18431));
#18426 = SURFACE_STYLE_USAGE(.BOTH.,#18427);
#18427 = SURFACE_SIDE_STYLE('',(#18428));
#18428 = SURFACE_STYLE_FILL_AREA(#18429);
#18429 = FILL_AREA_STYLE('',(#18430));
#18430 = FILL_AREA_STYLE_COLOUR('',#17764);
#18431 = CURVE_STYLE('',#18432,POSITIVE_LENGTH_MEASURE(0.1),#17764);
#18432 = DRAUGHTING_PRE_DEFINED_CURVE_FONT('continuous');
#18433 = STYLED_ITEM('color',(#18434),#10912);
#18434 = PRESENTATION_STYLE_ASSIGNMENT((#18435,#18440));
#18435 = SURFACE_STYLE_USAGE(.BOTH.,#18436);
#18436 = SURFACE_SIDE_STYLE('',(#18437));
#18437 = SURFACE_STYLE_FILL_AREA(#18438);
#18438 = FILL_AREA_STYLE('',(#18439));
#18439 = FILL_AREA_STYLE_COLOUR('',#17764);
#18440 = CURVE_STYLE('',#18441,POSITIVE_LENGTH_MEASURE(0.1),#17764);
#18441 = DRAUGHTING_PRE_DEFINED_CURVE_FONT('continuous');
#18442 = STYLED_ITEM('color',(#18443),#10929);
#18443 = PRESENTATION_STYLE_ASSIGNMENT((#18444,#18449));
#18444 = SURFACE_STYLE_USAGE(.BOTH.,#18445);
#18445 = SURFACE_SIDE_STYLE('',(#18446));
#18446 = SURFACE_STYLE_FILL_AREA(#18447);
#18447 = FILL_AREA_STYLE('',(#18448));
#18448 = FILL_AREA_STYLE_COLOUR('',#17764);
#18449 = CURVE_STYLE('',#18450,POSITIVE_LENGTH_MEASURE(0.1),#17764);
#18450 = DRAUGHTING_PRE_DEFINED_CURVE_FONT('continuous');
#18451 = STYLED_ITEM('color',(#18452),#10946);
#18452 = PRESENTATION_STYLE_ASSIGNMENT((#18453,#18458));
#18453 = SURFACE_STYLE_USAGE(.BOTH.,#18454);
#18454 = SURFACE_SIDE_STYLE('',(#18455));
#18455 = SURFACE_STYLE_FILL_AREA(#18456);
#18456 = FILL_AREA_STYLE('',(#18457));
#18457 = FILL_AREA_STYLE_COLOUR('',#17764);
#18458 = CURVE_STYLE('',#18459,POSITIVE_LENGTH_MEASURE(0.1),#17764);
#18459 = DRAUGHTING_PRE_DEFINED_CURVE_FONT('continuous');
#18460 = STYLED_ITEM('color',(#18461),#10958);
#18461 = PRESENTATION_STYLE_ASSIGNMENT((#18462,#18467));
#18462 = SURFACE_STYLE_USAGE(.BOTH.,#18463);
#18463 = SURFACE_SIDE_STYLE('',(#18464));
#18464 = SURFACE_STYLE_FILL_AREA(#18465);
#18465 = FILL_AREA_STYLE('',(#18466));
#18466 = FILL_AREA_STYLE_COLOUR('',#17764);
#18467 = CURVE_STYLE('',#18468,POSITIVE_LENGTH_MEASURE(0.1),#17764);
#18468 = DRAUGHTING_PRE_DEFINED_CURVE_FONT('continuous');
#18469 = STYLED_ITEM('color',(#18470),#10975);
#18470 = PRESENTATION_STYLE_ASSIGNMENT((#18471,#18476));
#18471 = SURFACE_STYLE_USAGE(.BOTH.,#18472);
#18472 = SURFACE_SIDE_STYLE('',(#18473));
#18473 = SURFACE_STYLE_FILL_AREA(#18474);
#18474 = FILL_AREA_STYLE('',(#18475));
#18475 = FILL_AREA_STYLE_COLOUR('',#17764);
#18476 = CURVE_STYLE('',#18477,POSITIVE_LENGTH_MEASURE(0.1),#17764);
#18477 = DRAUGHTING_PRE_DEFINED_CURVE_FONT('continuous');
#18478 = STYLED_ITEM('color',(#18479),#10992);
#18479 = PRESENTATION_STYLE_ASSIGNMENT((#18480,#18485));
#18480 = SURFACE_STYLE_USAGE(.BOTH.,#18481);
#18481 = SURFACE_SIDE_STYLE('',(#18482));
#18482 = SURFACE_STYLE_FILL_AREA(#18483);
#18483 = FILL_AREA_STYLE('',(#18484));
#18484 = FILL_AREA_STYLE_COLOUR('',#17764);
#18485 = CURVE_STYLE('',#18486,POSITIVE_LENGTH_MEASURE(0.1),#17764);
#18486 = DRAUGHTING_PRE_DEFINED_CURVE_FONT('continuous');
#18487 = STYLED_ITEM('color',(#18488),#11009);
#18488 = PRESENTATION_STYLE_ASSIGNMENT((#18489,#18494));
#18489 = SURFACE_STYLE_USAGE(.BOTH.,#18490);
#18490 = SURFACE_SIDE_STYLE('',(#18491));
#18491 = SURFACE_STYLE_FILL_AREA(#18492);
#18492 = FILL_AREA_STYLE('',(#18493));
#18493 = FILL_AREA_STYLE_COLOUR('',#17764);
#18494 = CURVE_STYLE('',#18495,POSITIVE_LENGTH_MEASURE(0.1),#17764);
#18495 = DRAUGHTING_PRE_DEFINED_CURVE_FONT('continuous');
#18496 = STYLED_ITEM('color',(#18497),#11026);
#18497 = PRESENTATION_STYLE_ASSIGNMENT((#18498,#18503));
#18498 = SURFACE_STYLE_USAGE(.BOTH.,#18499);
#18499 = SURFACE_SIDE_STYLE('',(#18500));
#18500 = SURFACE_STYLE_FILL_AREA(#18501);
#18501 = FILL_AREA_STYLE('',(#18502));
#18502 = FILL_AREA_STYLE_COLOUR('',#17764);
#18503 = CURVE_STYLE('',#18504,POSITIVE_LENGTH_MEASURE(0.1),#17764);
#18504 = DRAUGHTING_PRE_DEFINED_CURVE_FONT('continuous');
#18505 = STYLED_ITEM('color',(#18506),#11043);
#18506 = PRESENTATION_STYLE_ASSIGNMENT((#18507,#18512));
#18507 = SURFACE_STYLE_USAGE(.BOTH.,#18508);
#18508 = SURFACE_SIDE_STYLE('',(#18509));
#18509 = SURFACE_STYLE_FILL_AREA(#18510);
#18510 = FILL_AREA_STYLE('',(#18511));
#18511 = FILL_AREA_STYLE_COLOUR('',#17764);
#18512 = CURVE_STYLE('',#18513,POSITIVE_LENGTH_MEASURE(0.1),#17764);
#18513 = DRAUGHTING_PRE_DEFINED_CURVE_FONT('continuous');
#18514 = STYLED_ITEM('color',(#18515),#11060);
#18515 = PRESENTATION_STYLE_ASSIGNMENT((#18516,#18521));
#18516 = SURFACE_STYLE_USAGE(.BOTH.,#18517);
#18517 = SURFACE_SIDE_STYLE('',(#18518));
#18518 = SURFACE_STYLE_FILL_AREA(#18519);
#18519 = FILL_AREA_STYLE('',(#18520));
#18520 = FILL_AREA_STYLE_COLOUR('',#17764);
#18521 = CURVE_STYLE('',#18522,POSITIVE_LENGTH_MEASURE(0.1),#17764);
#18522 = DRAUGHTING_PRE_DEFINED_CURVE_FONT('continuous');
#18523 = STYLED_ITEM('color',(#18524),#11077);
#18524 = PRESENTATION_STYLE_ASSIGNMENT((#18525,#18530));
#18525 = SURFACE_STYLE_USAGE(.BOTH.,#18526);
#18526 = SURFACE_SIDE_STYLE('',(#18527));
#18527 = SURFACE_STYLE_FILL_AREA(#18528);
#18528 = FILL_AREA_STYLE('',(#18529));
#18529 = FILL_AREA_STYLE_COLOUR('',#17764);
#18530 = CURVE_STYLE('',#18531,POSITIVE_LENGTH_MEASURE(0.1),#17764);
#18531 = DRAUGHTING_PRE_DEFINED_CURVE_FONT('continuous');
#18532 = STYLED_ITEM('color',(#18533),#11089);
#18533 = PRESENTATION_STYLE_ASSIGNMENT((#18534,#18539));
#18534 = SURFACE_STYLE_USAGE(.BOTH.,#18535);
#18535 = SURFACE_SIDE_STYLE('',(#18536));
#18536 = SURFACE_STYLE_FILL_AREA(#18537);
#18537 = FILL_AREA_STYLE('',(#18538));
#18538 = FILL_AREA_STYLE_COLOUR('',#17764);
#18539 = CURVE_STYLE('',#18540,POSITIVE_LENGTH_MEASURE(0.1),#17764);
#18540 = DRAUGHTING_PRE_DEFINED_CURVE_FONT('continuous');
#18541 = STYLED_ITEM('color',(#18542),#11106);
#18542 = PRESENTATION_STYLE_ASSIGNMENT((#18543,#18548));
#18543 = SURFACE_STYLE_USAGE(.BOTH.,#18544);
#18544 = SURFACE_SIDE_STYLE('',(#18545));
#18545 = SURFACE_STYLE_FILL_AREA(#18546);
#18546 = FILL_AREA_STYLE('',(#18547));
#18547 = FILL_AREA_STYLE_COLOUR('',#17764);
#18548 = CURVE_STYLE('',#18549,POSITIVE_LENGTH_MEASURE(0.1),#17764);
#18549 = DRAUGHTING_PRE_DEFINED_CURVE_FONT('continuous');
#18550 = STYLED_ITEM('color',(#18551),#11123);
#18551 = PRESENTATION_STYLE_ASSIGNMENT((#18552,#18557));
#18552 = SURFACE_STYLE_USAGE(.BOTH.,#18553);
#18553 = SURFACE_SIDE_STYLE('',(#18554));
#18554 = SURFACE_STYLE_FILL_AREA(#18555);
#18555 = FILL_AREA_STYLE('',(#18556));
#18556 = FILL_AREA_STYLE_COLOUR('',#17764);
#18557 = CURVE_STYLE('',#18558,POSITIVE_LENGTH_MEASURE(0.1),#17764);
#18558 = DRAUGHTING_PRE_DEFINED_CURVE_FONT('continuous');
#18559 = STYLED_ITEM('color',(#18560),#11140);
#18560 = PRESENTATION_STYLE_ASSIGNMENT((#18561,#18566));
#18561 = SURFACE_STYLE_USAGE(.BOTH.,#18562);
#18562 = SURFACE_SIDE_STYLE('',(#18563));
#18563 = SURFACE_STYLE_FILL_AREA(#18564);
#18564 = FILL_AREA_STYLE('',(#18565));
#18565 = FILL_AREA_STYLE_COLOUR('',#17764);
#18566 = CURVE_STYLE('',#18567,POSITIVE_LENGTH_MEASURE(0.1),#17764);
#18567 = DRAUGHTING_PRE_DEFINED_CURVE_FONT('continuous');
#18568 = STYLED_ITEM('color',(#18569),#11157);
#18569 = PRESENTATION_STYLE_ASSIGNMENT((#18570,#18575));
#18570 = SURFACE_STYLE_USAGE(.BOTH.,#18571);
#18571 = SURFACE_SIDE_STYLE('',(#18572));
#18572 = SURFACE_STYLE_FILL_AREA(#18573);
#18573 = FILL_AREA_STYLE('',(#18574));
#18574 = FILL_AREA_STYLE_COLOUR('',#17764);
#18575 = CURVE_STYLE('',#18576,POSITIVE_LENGTH_MEASURE(0.1),#17764);
#18576 = DRAUGHTING_PRE_DEFINED_CURVE_FONT('continuous');
#18577 = STYLED_ITEM('color',(#18578),#11174);
#18578 = PRESENTATION_STYLE_ASSIGNMENT((#18579,#18584));
#18579 = SURFACE_STYLE_USAGE(.BOTH.,#18580);
#18580 = SURFACE_SIDE_STYLE('',(#18581));
#18581 = SURFACE_STYLE_FILL_AREA(#18582);
#18582 = FILL_AREA_STYLE('',(#18583));
#18583 = FILL_AREA_STYLE_COLOUR('',#17764);
#18584 = CURVE_STYLE('',#18585,POSITIVE_LENGTH_MEASURE(0.1),#17764);
#18585 = DRAUGHTING_PRE_DEFINED_CURVE_FONT('continuous');
#18586 = STYLED_ITEM('color',(#18587),#11191);
#18587 = PRESENTATION_STYLE_ASSIGNMENT((#18588,#18593));
#18588 = SURFACE_STYLE_USAGE(.BOTH.,#18589);
#18589 = SURFACE_SIDE_STYLE('',(#18590));
#18590 = SURFACE_STYLE_FILL_AREA(#18591);
#18591 = FILL_AREA_STYLE('',(#18592));
#18592 = FILL_AREA_STYLE_COLOUR('',#17764);
#18593 = CURVE_STYLE('',#18594,POSITIVE_LENGTH_MEASURE(0.1),#17764);
#18594 = DRAUGHTING_PRE_DEFINED_CURVE_FONT('continuous');
#18595 = STYLED_ITEM('color',(#18596),#11208);
#18596 = PRESENTATION_STYLE_ASSIGNMENT((#18597,#18602));
#18597 = SURFACE_STYLE_USAGE(.BOTH.,#18598);
#18598 = SURFACE_SIDE_STYLE('',(#18599));
#18599 = SURFACE_STYLE_FILL_AREA(#18600);
#18600 = FILL_AREA_STYLE('',(#18601));
#18601 = FILL_AREA_STYLE_COLOUR('',#17764);
#18602 = CURVE_STYLE('',#18603,POSITIVE_LENGTH_MEASURE(0.1),#17764);
#18603 = DRAUGHTING_PRE_DEFINED_CURVE_FONT('continuous');
#18604 = STYLED_ITEM('color',(#18605),#11220);
#18605 = PRESENTATION_STYLE_ASSIGNMENT((#18606,#18611));
#18606 = SURFACE_STYLE_USAGE(.BOTH.,#18607);
#18607 = SURFACE_SIDE_STYLE('',(#18608));
#18608 = SURFACE_STYLE_FILL_AREA(#18609);
#18609 = FILL_AREA_STYLE('',(#18610));
#18610 = FILL_AREA_STYLE_COLOUR('',#17764);
#18611 = CURVE_STYLE('',#18612,POSITIVE_LENGTH_MEASURE(0.1),#17764);
#18612 = DRAUGHTING_PRE_DEFINED_CURVE_FONT('continuous');
#18613 = STYLED_ITEM('color',(#18614),#11237);
#18614 = PRESENTATION_STYLE_ASSIGNMENT((#18615,#18620));
#18615 = SURFACE_STYLE_USAGE(.BOTH.,#18616);
#18616 = SURFACE_SIDE_STYLE('',(#18617));
#18617 = SURFACE_STYLE_FILL_AREA(#18618);
#18618 = FILL_AREA_STYLE('',(#18619));
#18619 = FILL_AREA_STYLE_COLOUR('',#17764);
#18620 = CURVE_STYLE('',#18621,POSITIVE_LENGTH_MEASURE(0.1),#17764);
#18621 = DRAUGHTING_PRE_DEFINED_CURVE_FONT('continuous');
#18622 = STYLED_ITEM('color',(#18623),#11254);
#18623 = PRESENTATION_STYLE_ASSIGNMENT((#18624,#18629));
#18624 = SURFACE_STYLE_USAGE(.BOTH.,#18625);
#18625 = SURFACE_SIDE_STYLE('',(#18626));
#18626 = SURFACE_STYLE_FILL_AREA(#18627);
#18627 = FILL_AREA_STYLE('',(#18628));
#18628 = FILL_AREA_STYLE_COLOUR('',#17764);
#18629 = CURVE_STYLE('',#18630,POSITIVE_LENGTH_MEASURE(0.1),#17764);
#18630 = DRAUGHTING_PRE_DEFINED_CURVE_FONT('continuous');
#18631 = STYLED_ITEM('color',(#18632),#11271);
#18632 = PRESENTATION_STYLE_ASSIGNMENT((#18633,#18638));
#18633 = SURFACE_STYLE_USAGE(.BOTH.,#18634);
#18634 = SURFACE_SIDE_STYLE('',(#18635));
#18635 = SURFACE_STYLE_FILL_AREA(#18636);
#18636 = FILL_AREA_STYLE('',(#18637));
#18637 = FILL_AREA_STYLE_COLOUR('',#17764);
#18638 = CURVE_STYLE('',#18639,POSITIVE_LENGTH_MEASURE(0.1),#17764);
#18639 = DRAUGHTING_PRE_DEFINED_CURVE_FONT('continuous');
#18640 = STYLED_ITEM('color',(#18641),#11288);
#18641 = PRESENTATION_STYLE_ASSIGNMENT((#18642,#18647));
#18642 = SURFACE_STYLE_USAGE(.BOTH.,#18643);
#18643 = SURFACE_SIDE_STYLE('',(#18644));
#18644 = SURFACE_STYLE_FILL_AREA(#18645);
#18645 = FILL_AREA_STYLE('',(#18646));
#18646 = FILL_AREA_STYLE_COLOUR('',#17764);
#18647 = CURVE_STYLE('',#18648,POSITIVE_LENGTH_MEASURE(0.1),#17764);
#18648 = DRAUGHTING_PRE_DEFINED_CURVE_FONT('continuous');
#18649 = STYLED_ITEM('color',(#18650),#11305);
#18650 = PRESENTATION_STYLE_ASSIGNMENT((#18651,#18656));
#18651 = SURFACE_STYLE_USAGE(.BOTH.,#18652);
#18652 = SURFACE_SIDE_STYLE('',(#18653));
#18653 = SURFACE_STYLE_FILL_AREA(#18654);
#18654 = FILL_AREA_STYLE('',(#18655));
#18655 = FILL_AREA_STYLE_COLOUR('',#17764);
#18656 = CURVE_STYLE('',#18657,POSITIVE_LENGTH_MEASURE(0.1),#17764);
#18657 = DRAUGHTING_PRE_DEFINED_CURVE_FONT('continuous');
#18658 = STYLED_ITEM('color',(#18659),#11322);
#18659 = PRESENTATION_STYLE_ASSIGNMENT((#18660,#18665));
#18660 = SURFACE_STYLE_USAGE(.BOTH.,#18661);
#18661 = SURFACE_SIDE_STYLE('',(#18662));
#18662 = SURFACE_STYLE_FILL_AREA(#18663);
#18663 = FILL_AREA_STYLE('',(#18664));
#18664 = FILL_AREA_STYLE_COLOUR('',#17764);
#18665 = CURVE_STYLE('',#18666,POSITIVE_LENGTH_MEASURE(0.1),#17764);
#18666 = DRAUGHTING_PRE_DEFINED_CURVE_FONT('continuous');
#18667 = STYLED_ITEM('color',(#18668),#11334);
#18668 = PRESENTATION_STYLE_ASSIGNMENT((#18669,#18674));
#18669 = SURFACE_STYLE_USAGE(.BOTH.,#18670);
#18670 = SURFACE_SIDE_STYLE('',(#18671));
#18671 = SURFACE_STYLE_FILL_AREA(#18672);
#18672 = FILL_AREA_STYLE('',(#18673));
#18673 = FILL_AREA_STYLE_COLOUR('',#17764);
#18674 = CURVE_STYLE('',#18675,POSITIVE_LENGTH_MEASURE(0.1),#17764);
#18675 = DRAUGHTING_PRE_DEFINED_CURVE_FONT('continuous');
#18676 = STYLED_ITEM('color',(#18677),#11351);
#18677 = PRESENTATION_STYLE_ASSIGNMENT((#18678,#18683));
#18678 = SURFACE_STYLE_USAGE(.BOTH.,#18679);
#18679 = SURFACE_SIDE_STYLE('',(#18680));
#18680 = SURFACE_STYLE_FILL_AREA(#18681);
#18681 = FILL_AREA_STYLE('',(#18682));
#18682 = FILL_AREA_STYLE_COLOUR('',#17764);
#18683 = CURVE_STYLE('',#18684,POSITIVE_LENGTH_MEASURE(0.1),#17764);
#18684 = DRAUGHTING_PRE_DEFINED_CURVE_FONT('continuous');
#18685 = STYLED_ITEM('color',(#18686),#11368);
#18686 = PRESENTATION_STYLE_ASSIGNMENT((#18687,#18692));
#18687 = SURFACE_STYLE_USAGE(.BOTH.,#18688);
#18688 = SURFACE_SIDE_STYLE('',(#18689));
#18689 = SURFACE_STYLE_FILL_AREA(#18690);
#18690 = FILL_AREA_STYLE('',(#18691));
#18691 = FILL_AREA_STYLE_COLOUR('',#17764);
#18692 = CURVE_STYLE('',#18693,POSITIVE_LENGTH_MEASURE(0.1),#17764);
#18693 = DRAUGHTING_PRE_DEFINED_CURVE_FONT('continuous');
#18694 = STYLED_ITEM('color',(#18695),#11385);
#18695 = PRESENTATION_STYLE_ASSIGNMENT((#18696,#18701));
#18696 = SURFACE_STYLE_USAGE(.BOTH.,#18697);
#18697 = SURFACE_SIDE_STYLE('',(#18698));
#18698 = SURFACE_STYLE_FILL_AREA(#18699);
#18699 = FILL_AREA_STYLE('',(#18700));
#18700 = FILL_AREA_STYLE_COLOUR('',#17764);
#18701 = CURVE_STYLE('',#18702,POSITIVE_LENGTH_MEASURE(0.1),#17764);
#18702 = DRAUGHTING_PRE_DEFINED_CURVE_FONT('continuous');
#18703 = STYLED_ITEM('color',(#18704),#11402);
#18704 = PRESENTATION_STYLE_ASSIGNMENT((#18705,#18710));
#18705 = SURFACE_STYLE_USAGE(.BOTH.,#18706);
#18706 = SURFACE_SIDE_STYLE('',(#18707));
#18707 = SURFACE_STYLE_FILL_AREA(#18708);
#18708 = FILL_AREA_STYLE('',(#18709));
#18709 = FILL_AREA_STYLE_COLOUR('',#17764);
#18710 = CURVE_STYLE('',#18711,POSITIVE_LENGTH_MEASURE(0.1),#17764);
#18711 = DRAUGHTING_PRE_DEFINED_CURVE_FONT('continuous');
#18712 = STYLED_ITEM('color',(#18713),#11419);
#18713 = PRESENTATION_STYLE_ASSIGNMENT((#18714,#18719));
#18714 = SURFACE_STYLE_USAGE(.BOTH.,#18715);
#18715 = SURFACE_SIDE_STYLE('',(#18716));
#18716 = SURFACE_STYLE_FILL_AREA(#18717);
#18717 = FILL_AREA_STYLE('',(#18718));
#18718 = FILL_AREA_STYLE_COLOUR('',#17764);
#18719 = CURVE_STYLE('',#18720,POSITIVE_LENGTH_MEASURE(0.1),#17764);
#18720 = DRAUGHTING_PRE_DEFINED_CURVE_FONT('continuous');
#18721 = STYLED_ITEM('color',(#18722),#11436);
#18722 = PRESENTATION_STYLE_ASSIGNMENT((#18723,#18728));
#18723 = SURFACE_STYLE_USAGE(.BOTH.,#18724);
#18724 = SURFACE_SIDE_STYLE('',(#18725));
#18725 = SURFACE_STYLE_FILL_AREA(#18726);
#18726 = FILL_AREA_STYLE('',(#18727));
#18727 = FILL_AREA_STYLE_COLOUR('',#17764);
#18728 = CURVE_STYLE('',#18729,POSITIVE_LENGTH_MEASURE(0.1),#17764);
#18729 = DRAUGHTING_PRE_DEFINED_CURVE_FONT('continuous');
#18730 = STYLED_ITEM('color',(#18731),#11448);
#18731 = PRESENTATION_STYLE_ASSIGNMENT((#18732,#18737));
#18732 = SURFACE_STYLE_USAGE(.BOTH.,#18733);
#18733 = SURFACE_SIDE_STYLE('',(#18734));
#18734 = SURFACE_STYLE_FILL_AREA(#18735);
#18735 = FILL_AREA_STYLE('',(#18736));
#18736 = FILL_AREA_STYLE_COLOUR('',#17764);
#18737 = CURVE_STYLE('',#18738,POSITIVE_LENGTH_MEASURE(0.1),#17764);
#18738 = DRAUGHTING_PRE_DEFINED_CURVE_FONT('continuous');
#18739 = STYLED_ITEM('color',(#18740),#11465);
#18740 = PRESENTATION_STYLE_ASSIGNMENT((#18741,#18746));
#18741 = SURFACE_STYLE_USAGE(.BOTH.,#18742);
#18742 = SURFACE_SIDE_STYLE('',(#18743));
#18743 = SURFACE_STYLE_FILL_AREA(#18744);
#18744 = FILL_AREA_STYLE('',(#18745));
#18745 = FILL_AREA_STYLE_COLOUR('',#17764);
#18746 = CURVE_STYLE('',#18747,POSITIVE_LENGTH_MEASURE(0.1),#17764);
#18747 = DRAUGHTING_PRE_DEFINED_CURVE_FONT('continuous');
#18748 = STYLED_ITEM('color',(#18749),#11482);
#18749 = PRESENTATION_STYLE_ASSIGNMENT((#18750,#18755));
#18750 = SURFACE_STYLE_USAGE(.BOTH.,#18751);
#18751 = SURFACE_SIDE_STYLE('',(#18752));
#18752 = SURFACE_STYLE_FILL_AREA(#18753);
#18753 = FILL_AREA_STYLE('',(#18754));
#18754 = FILL_AREA_STYLE_COLOUR('',#17764);
#18755 = CURVE_STYLE('',#18756,POSITIVE_LENGTH_MEASURE(0.1),#17764);
#18756 = DRAUGHTING_PRE_DEFINED_CURVE_FONT('continuous');
#18757 = STYLED_ITEM('color',(#18758),#11499);
#18758 = PRESENTATION_STYLE_ASSIGNMENT((#18759,#18764));
#18759 = SURFACE_STYLE_USAGE(.BOTH.,#18760);
#18760 = SURFACE_SIDE_STYLE('',(#18761));
#18761 = SURFACE_STYLE_FILL_AREA(#18762);
#18762 = FILL_AREA_STYLE('',(#18763));
#18763 = FILL_AREA_STYLE_COLOUR('',#17764);
#18764 = CURVE_STYLE('',#18765,POSITIVE_LENGTH_MEASURE(0.1),#17764);
#18765 = DRAUGHTING_PRE_DEFINED_CURVE_FONT('continuous');
#18766 = STYLED_ITEM('color',(#18767),#11516);
#18767 = PRESENTATION_STYLE_ASSIGNMENT((#18768,#18773));
#18768 = SURFACE_STYLE_USAGE(.BOTH.,#18769);
#18769 = SURFACE_SIDE_STYLE('',(#18770));
#18770 = SURFACE_STYLE_FILL_AREA(#18771);
#18771 = FILL_AREA_STYLE('',(#18772));
#18772 = FILL_AREA_STYLE_COLOUR('',#17764);
#18773 = CURVE_STYLE('',#18774,POSITIVE_LENGTH_MEASURE(0.1),#17764);
#18774 = DRAUGHTING_PRE_DEFINED_CURVE_FONT('continuous');
#18775 = STYLED_ITEM('color',(#18776),#11533);
#18776 = PRESENTATION_STYLE_ASSIGNMENT((#18777,#18782));
#18777 = SURFACE_STYLE_USAGE(.BOTH.,#18778);
#18778 = SURFACE_SIDE_STYLE('',(#18779));
#18779 = SURFACE_STYLE_FILL_AREA(#18780);
#18780 = FILL_AREA_STYLE('',(#18781));
#18781 = FILL_AREA_STYLE_COLOUR('',#17764);
#18782 = CURVE_STYLE('',#18783,POSITIVE_LENGTH_MEASURE(0.1),#17764);
#18783 = DRAUGHTING_PRE_DEFINED_CURVE_FONT('continuous');
#18784 = STYLED_ITEM('color',(#18785),#11550);
#18785 = PRESENTATION_STYLE_ASSIGNMENT((#18786,#18791));
#18786 = SURFACE_STYLE_USAGE(.BOTH.,#18787);
#18787 = SURFACE_SIDE_STYLE('',(#18788));
#18788 = SURFACE_STYLE_FILL_AREA(#18789);
#18789 = FILL_AREA_STYLE('',(#18790));
#18790 = FILL_AREA_STYLE_COLOUR('',#17764);
#18791 = CURVE_STYLE('',#18792,POSITIVE_LENGTH_MEASURE(0.1),#17764);
#18792 = DRAUGHTING_PRE_DEFINED_CURVE_FONT('continuous');
#18793 = STYLED_ITEM('color',(#18794),#11567);
#18794 = PRESENTATION_STYLE_ASSIGNMENT((#18795,#18800));
#18795 = SURFACE_STYLE_USAGE(.BOTH.,#18796);
#18796 = SURFACE_SIDE_STYLE('',(#18797));
#18797 = SURFACE_STYLE_FILL_AREA(#18798);
#18798 = FILL_AREA_STYLE('',(#18799));
#18799 = FILL_AREA_STYLE_COLOUR('',#17764);
#18800 = CURVE_STYLE('',#18801,POSITIVE_LENGTH_MEASURE(0.1),#17764);
#18801 = DRAUGHTING_PRE_DEFINED_CURVE_FONT('continuous');
#18802 = STYLED_ITEM('color',(#18803),#11579);
#18803 = PRESENTATION_STYLE_ASSIGNMENT((#18804,#18809));
#18804 = SURFACE_STYLE_USAGE(.BOTH.,#18805);
#18805 = SURFACE_SIDE_STYLE('',(#18806));
#18806 = SURFACE_STYLE_FILL_AREA(#18807);
#18807 = FILL_AREA_STYLE('',(#18808));
#18808 = FILL_AREA_STYLE_COLOUR('',#17764);
#18809 = CURVE_STYLE('',#18810,POSITIVE_LENGTH_MEASURE(0.1),#17764);
#18810 = DRAUGHTING_PRE_DEFINED_CURVE_FONT('continuous');
#18811 = STYLED_ITEM('color',(#18812),#11596);
#18812 = PRESENTATION_STYLE_ASSIGNMENT((#18813,#18818));
#18813 = SURFACE_STYLE_USAGE(.BOTH.,#18814);
#18814 = SURFACE_SIDE_STYLE('',(#18815));
#18815 = SURFACE_STYLE_FILL_AREA(#18816);
#18816 = FILL_AREA_STYLE('',(#18817));
#18817 = FILL_AREA_STYLE_COLOUR('',#17764);
#18818 = CURVE_STYLE('',#18819,POSITIVE_LENGTH_MEASURE(0.1),#17764);
#18819 = DRAUGHTING_PRE_DEFINED_CURVE_FONT('continuous');
#18820 = STYLED_ITEM('color',(#18821),#11613);
#18821 = PRESENTATION_STYLE_ASSIGNMENT((#18822,#18827));
#18822 = SURFACE_STYLE_USAGE(.BOTH.,#18823);
#18823 = SURFACE_SIDE_STYLE('',(#18824));
#18824 = SURFACE_STYLE_FILL_AREA(#18825);
#18825 = FILL_AREA_STYLE('',(#18826));
#18826 = FILL_AREA_STYLE_COLOUR('',#17764);
#18827 = CURVE_STYLE('',#18828,POSITIVE_LENGTH_MEASURE(0.1),#17764);
#18828 = DRAUGHTING_PRE_DEFINED_CURVE_FONT('continuous');
#18829 = STYLED_ITEM('color',(#18830),#11630);
#18830 = PRESENTATION_STYLE_ASSIGNMENT((#18831,#18836));
#18831 = SURFACE_STYLE_USAGE(.BOTH.,#18832);
#18832 = SURFACE_SIDE_STYLE('',(#18833));
#18833 = SURFACE_STYLE_FILL_AREA(#18834);
#18834 = FILL_AREA_STYLE('',(#18835));
#18835 = FILL_AREA_STYLE_COLOUR('',#17764);
#18836 = CURVE_STYLE('',#18837,POSITIVE_LENGTH_MEASURE(0.1),#17764);
#18837 = DRAUGHTING_PRE_DEFINED_CURVE_FONT('continuous');
#18838 = STYLED_ITEM('color',(#18839),#11647);
#18839 = PRESENTATION_STYLE_ASSIGNMENT((#18840,#18845));
#18840 = SURFACE_STYLE_USAGE(.BOTH.,#18841);
#18841 = SURFACE_SIDE_STYLE('',(#18842));
#18842 = SURFACE_STYLE_FILL_AREA(#18843);
#18843 = FILL_AREA_STYLE('',(#18844));
#18844 = FILL_AREA_STYLE_COLOUR('',#17764);
#18845 = CURVE_STYLE('',#18846,POSITIVE_LENGTH_MEASURE(0.1),#17764);
#18846 = DRAUGHTING_PRE_DEFINED_CURVE_FONT('continuous');
#18847 = STYLED_ITEM('color',(#18848),#11664);
#18848 = PRESENTATION_STYLE_ASSIGNMENT((#18849,#18854));
#18849 = SURFACE_STYLE_USAGE(.BOTH.,#18850);
#18850 = SURFACE_SIDE_STYLE('',(#18851));
#18851 = SURFACE_STYLE_FILL_AREA(#18852);
#18852 = FILL_AREA_STYLE('',(#18853));
#18853 = FILL_AREA_STYLE_COLOUR('',#17764);
#18854 = CURVE_STYLE('',#18855,POSITIVE_LENGTH_MEASURE(0.1),#17764);
#18855 = DRAUGHTING_PRE_DEFINED_CURVE_FONT('continuous');
#18856 = STYLED_ITEM('color',(#18857),#11681);
#18857 = PRESENTATION_STYLE_ASSIGNMENT((#18858,#18863));
#18858 = SURFACE_STYLE_USAGE(.BOTH.,#18859);
#18859 = SURFACE_SIDE_STYLE('',(#18860));
#18860 = SURFACE_STYLE_FILL_AREA(#18861);
#18861 = FILL_AREA_STYLE('',(#18862));
#18862 = FILL_AREA_STYLE_COLOUR('',#17764);
#18863 = CURVE_STYLE('',#18864,POSITIVE_LENGTH_MEASURE(0.1),#17764);
#18864 = DRAUGHTING_PRE_DEFINED_CURVE_FONT('continuous');
#18865 = STYLED_ITEM('color',(#18866),#11698);
#18866 = PRESENTATION_STYLE_ASSIGNMENT((#18867,#18872));
#18867 = SURFACE_STYLE_USAGE(.BOTH.,#18868);
#18868 = SURFACE_SIDE_STYLE('',(#18869));
#18869 = SURFACE_STYLE_FILL_AREA(#18870);
#18870 = FILL_AREA_STYLE('',(#18871));
#18871 = FILL_AREA_STYLE_COLOUR('',#17764);
#18872 = CURVE_STYLE('',#18873,POSITIVE_LENGTH_MEASURE(0.1),#17764);
#18873 = DRAUGHTING_PRE_DEFINED_CURVE_FONT('continuous');
#18874 = STYLED_ITEM('color',(#18875),#11710);
#18875 = PRESENTATION_STYLE_ASSIGNMENT((#18876,#18881));
#18876 = SURFACE_STYLE_USAGE(.BOTH.,#18877);
#18877 = SURFACE_SIDE_STYLE('',(#18878));
#18878 = SURFACE_STYLE_FILL_AREA(#18879);
#18879 = FILL_AREA_STYLE('',(#18880));
#18880 = FILL_AREA_STYLE_COLOUR('',#17764);
#18881 = CURVE_STYLE('',#18882,POSITIVE_LENGTH_MEASURE(0.1),#17764);
#18882 = DRAUGHTING_PRE_DEFINED_CURVE_FONT('continuous');
#18883 = STYLED_ITEM('color',(#18884),#11727);
#18884 = PRESENTATION_STYLE_ASSIGNMENT((#18885,#18890));
#18885 = SURFACE_STYLE_USAGE(.BOTH.,#18886);
#18886 = SURFACE_SIDE_STYLE('',(#18887));
#18887 = SURFACE_STYLE_FILL_AREA(#18888);
#18888 = FILL_AREA_STYLE('',(#18889));
#18889 = FILL_AREA_STYLE_COLOUR('',#17764);
#18890 = CURVE_STYLE('',#18891,POSITIVE_LENGTH_MEASURE(0.1),#17764);
#18891 = DRAUGHTING_PRE_DEFINED_CURVE_FONT('continuous');
#18892 = STYLED_ITEM('color',(#18893),#11744);
#18893 = PRESENTATION_STYLE_ASSIGNMENT((#18894,#18899));
#18894 = SURFACE_STYLE_USAGE(.BOTH.,#18895);
#18895 = SURFACE_SIDE_STYLE('',(#18896));
#18896 = SURFACE_STYLE_FILL_AREA(#18897);
#18897 = FILL_AREA_STYLE('',(#18898));
#18898 = FILL_AREA_STYLE_COLOUR('',#17764);
#18899 = CURVE_STYLE('',#18900,POSITIVE_LENGTH_MEASURE(0.1),#17764);
#18900 = DRAUGHTING_PRE_DEFINED_CURVE_FONT('continuous');
#18901 = STYLED_ITEM('color',(#18902),#11761);
#18902 = PRESENTATION_STYLE_ASSIGNMENT((#18903,#18908));
#18903 = SURFACE_STYLE_USAGE(.BOTH.,#18904);
#18904 = SURFACE_SIDE_STYLE('',(#18905));
#18905 = SURFACE_STYLE_FILL_AREA(#18906);
#18906 = FILL_AREA_STYLE('',(#18907));
#18907 = FILL_AREA_STYLE_COLOUR('',#17764);
#18908 = CURVE_STYLE('',#18909,POSITIVE_LENGTH_MEASURE(0.1),#17764);
#18909 = DRAUGHTING_PRE_DEFINED_CURVE_FONT('continuous');
#18910 = STYLED_ITEM('color',(#18911),#11778);
#18911 = PRESENTATION_STYLE_ASSIGNMENT((#18912,#18917));
#18912 = SURFACE_STYLE_USAGE(.BOTH.,#18913);
#18913 = SURFACE_SIDE_STYLE('',(#18914));
#18914 = SURFACE_STYLE_FILL_AREA(#18915);
#18915 = FILL_AREA_STYLE('',(#18916));
#18916 = FILL_AREA_STYLE_COLOUR('',#17764);
#18917 = CURVE_STYLE('',#18918,POSITIVE_LENGTH_MEASURE(0.1),#17764);
#18918 = DRAUGHTING_PRE_DEFINED_CURVE_FONT('continuous');
#18919 = STYLED_ITEM('color',(#18920),#11795);
#18920 = PRESENTATION_STYLE_ASSIGNMENT((#18921,#18926));
#18921 = SURFACE_STYLE_USAGE(.BOTH.,#18922);
#18922 = SURFACE_SIDE_STYLE('',(#18923));
#18923 = SURFACE_STYLE_FILL_AREA(#18924);
#18924 = FILL_AREA_STYLE('',(#18925));
#18925 = FILL_AREA_STYLE_COLOUR('',#17764);
#18926 = CURVE_STYLE('',#18927,POSITIVE_LENGTH_MEASURE(0.1),#17764);
#18927 = DRAUGHTING_PRE_DEFINED_CURVE_FONT('continuous');
#18928 = STYLED_ITEM('color',(#18929),#11812);
#18929 = PRESENTATION_STYLE_ASSIGNMENT((#18930,#18935));
#18930 = SURFACE_STYLE_USAGE(.BOTH.,#18931);
#18931 = SURFACE_SIDE_STYLE('',(#18932));
#18932 = SURFACE_STYLE_FILL_AREA(#18933);
#18933 = FILL_AREA_STYLE('',(#18934));
#18934 = FILL_AREA_STYLE_COLOUR('',#17764);
#18935 = CURVE_STYLE('',#18936,POSITIVE_LENGTH_MEASURE(0.1),#17764);
#18936 = DRAUGHTING_PRE_DEFINED_CURVE_FONT('continuous');
#18937 = STYLED_ITEM('color',(#18938),#11829);
#18938 = PRESENTATION_STYLE_ASSIGNMENT((#18939,#18944));
#18939 = SURFACE_STYLE_USAGE(.BOTH.,#18940);
#18940 = SURFACE_SIDE_STYLE('',(#18941));
#18941 = SURFACE_STYLE_FILL_AREA(#18942);
#18942 = FILL_AREA_STYLE('',(#18943));
#18943 = FILL_AREA_STYLE_COLOUR('',#17764);
#18944 = CURVE_STYLE('',#18945,POSITIVE_LENGTH_MEASURE(0.1),#17764);
#18945 = DRAUGHTING_PRE_DEFINED_CURVE_FONT('continuous');
#18946 = STYLED_ITEM('color',(#18947),#11841);
#18947 = PRESENTATION_STYLE_ASSIGNMENT((#18948,#18954));
#18948 = SURFACE_STYLE_USAGE(.BOTH.,#18949);
#18949 = SURFACE_SIDE_STYLE('',(#18950));
#18950 = SURFACE_STYLE_FILL_AREA(#18951);
#18951 = FILL_AREA_STYLE('',(#18952));
#18952 = FILL_AREA_STYLE_COLOUR('',#18953);
#18953 = COLOUR_RGB('',0.690999998585,0.664000007176,0.597999987832);
#18954 = CURVE_STYLE('',#18955,POSITIVE_LENGTH_MEASURE(0.1),#18953);
#18955 = DRAUGHTING_PRE_DEFINED_CURVE_FONT('continuous');
#18956 = MECHANICAL_DESIGN_GEOMETRIC_PRESENTATION_REPRESENTATION('',(
    #18957),#5799);
#18957 = STYLED_ITEM('color',(#18958),#5649);
#18958 = PRESENTATION_STYLE_ASSIGNMENT((#18959,#18965));
#18959 = SURFACE_STYLE_USAGE(.BOTH.,#18960);
#18960 = SURFACE_SIDE_STYLE('',(#18961));
#18961 = SURFACE_STYLE_FILL_AREA(#18962);
#18962 = FILL_AREA_STYLE('',(#18963));
#18963 = FILL_AREA_STYLE_COLOUR('',#18964);
#18964 = COLOUR_RGB('',0.82999997502,0.82999997502,0.82999997502);
#18965 = CURVE_STYLE('',#18966,POSITIVE_LENGTH_MEASURE(0.1),#18967);
#18966 = DRAUGHTING_PRE_DEFINED_CURVE_FONT('continuous');
#18967 = COLOUR_RGB('',9.803921802644E-02,9.803921802644E-02,
  9.803921802644E-02);
#18968 = MECHANICAL_DESIGN_GEOMETRIC_PRESENTATION_REPRESENTATION('',(
    #18969),#7351);
#18969 = STYLED_ITEM('color',(#18970),#6933);
#18970 = PRESENTATION_STYLE_ASSIGNMENT((#18971,#18976));
#18971 = SURFACE_STYLE_USAGE(.BOTH.,#18972);
#18972 = SURFACE_SIDE_STYLE('',(#18973));
#18973 = SURFACE_STYLE_FILL_AREA(#18974);
#18974 = FILL_AREA_STYLE('',(#18975));
#18975 = FILL_AREA_STYLE_COLOUR('',#18964);
#18976 = CURVE_STYLE('',#18977,POSITIVE_LENGTH_MEASURE(0.1),#18967);
#18977 = DRAUGHTING_PRE_DEFINED_CURVE_FONT('continuous');
#18978 = MECHANICAL_DESIGN_GEOMETRIC_PRESENTATION_REPRESENTATION('',(
    #18979),#16575);
#18979 = STYLED_ITEM('color',(#18980),#16391);
#18980 = PRESENTATION_STYLE_ASSIGNMENT((#18981));
#18981 = SURFACE_STYLE_USAGE(.BOTH.,#18982);
#18982 = SURFACE_SIDE_STYLE('',(#18983,#18986));
#18983 = SURFACE_STYLE_FILL_AREA(#18984);
#18984 = FILL_AREA_STYLE('',(#18985));
#18985 = FILL_AREA_STYLE_COLOUR('',#17264);
#18986 = SURFACE_STYLE_RENDERING_WITH_PROPERTIES(.NORMAL_SHADING.,#17264
  ,(#18987));
#18987 = SURFACE_STYLE_TRANSPARENT(0.170000016689);
#18988 = MECHANICAL_DESIGN_GEOMETRIC_PRESENTATION_REPRESENTATION('',(
    #18989),#5968);
#18989 = STYLED_ITEM('color',(#18990),#5818);
#18990 = PRESENTATION_STYLE_ASSIGNMENT((#18991,#18996));
#18991 = SURFACE_STYLE_USAGE(.BOTH.,#18992);
#18992 = SURFACE_SIDE_STYLE('',(#18993));
#18993 = SURFACE_STYLE_FILL_AREA(#18994);
#18994 = FILL_AREA_STYLE('',(#18995));
#18995 = FILL_AREA_STYLE_COLOUR('',#18964);
#18996 = CURVE_STYLE('',#18997,POSITIVE_LENGTH_MEASURE(0.1),#18967);
#18997 = DRAUGHTING_PRE_DEFINED_CURVE_FONT('continuous');
#18998 = MECHANICAL_DESIGN_GEOMETRIC_PRESENTATION_REPRESENTATION('',(
    #18999),#6477);
#18999 = STYLED_ITEM('color',(#19000),#6327);
#19000 = PRESENTATION_STYLE_ASSIGNMENT((#19001,#19007));
#19001 = SURFACE_STYLE_USAGE(.BOTH.,#19002);
#19002 = SURFACE_SIDE_STYLE('',(#19003));
#19003 = SURFACE_STYLE_FILL_AREA(#19004);
#19004 = FILL_AREA_STYLE('',(#19005));
#19005 = FILL_AREA_STYLE_COLOUR('',#19006);
#19006 = COLOUR_RGB('',1.,1.,0.501960817233);
#19007 = CURVE_STYLE('',#19008,POSITIVE_LENGTH_MEASURE(0.1),#18967);
#19008 = DRAUGHTING_PRE_DEFINED_CURVE_FONT('continuous');
#19009 = MECHANICAL_DESIGN_GEOMETRIC_PRESENTATION_REPRESENTATION('',(
    #19010),#4659);
#19010 = STYLED_ITEM('color',(#19011),#4509);
#19011 = PRESENTATION_STYLE_ASSIGNMENT((#19012,#19017));
#19012 = SURFACE_STYLE_USAGE(.BOTH.,#19013);
#19013 = SURFACE_SIDE_STYLE('',(#19014));
#19014 = SURFACE_STYLE_FILL_AREA(#19015);
#19015 = FILL_AREA_STYLE('',(#19016));
#19016 = FILL_AREA_STYLE_COLOUR('',#17275);
#19017 = CURVE_STYLE('',#19018,POSITIVE_LENGTH_MEASURE(0.1),#18967);
#19018 = DRAUGHTING_PRE_DEFINED_CURVE_FONT('continuous');
#19019 = MECHANICAL_DESIGN_GEOMETRIC_PRESENTATION_REPRESENTATION('',(
    #19020),#6308);
#19020 = STYLED_ITEM('color',(#19021),#6022);
#19021 = PRESENTATION_STYLE_ASSIGNMENT((#19022,#19027));
#19022 = SURFACE_STYLE_USAGE(.BOTH.,#19023);
#19023 = SURFACE_SIDE_STYLE('',(#19024));
#19024 = SURFACE_STYLE_FILL_AREA(#19025);
#19025 = FILL_AREA_STYLE('',(#19026));
#19026 = FILL_AREA_STYLE_COLOUR('',#17275);
#19027 = CURVE_STYLE('',#19028,POSITIVE_LENGTH_MEASURE(0.1),#18967);
#19028 = DRAUGHTING_PRE_DEFINED_CURVE_FONT('continuous');
#19029 = MECHANICAL_DESIGN_GEOMETRIC_PRESENTATION_REPRESENTATION('',(
    #19030),#17245);
#19030 = STYLED_ITEM('color',(#19031),#16799);
#19031 = PRESENTATION_STYLE_ASSIGNMENT((#19032));
#19032 = SURFACE_STYLE_USAGE(.BOTH.,#19033);
#19033 = SURFACE_SIDE_STYLE('',(#19034));
#19034 = SURFACE_STYLE_FILL_AREA(#19035);
#19035 = FILL_AREA_STYLE('',(#19036));
#19036 = FILL_AREA_STYLE_COLOUR('',#19037);
#19037 = COLOUR_RGB('',0.583831500637,0.583831500637,0.583831500637);
#19038 = MECHANICAL_DESIGN_GEOMETRIC_PRESENTATION_REPRESENTATION('',(
    #19039),#5261);
#19039 = STYLED_ITEM('color',(#19040),#4979);
#19040 = PRESENTATION_STYLE_ASSIGNMENT((#19041,#19046));
#19041 = SURFACE_STYLE_USAGE(.BOTH.,#19042);
#19042 = SURFACE_SIDE_STYLE('',(#19043));
#19043 = SURFACE_STYLE_FILL_AREA(#19044);
#19044 = FILL_AREA_STYLE('',(#19045));
#19045 = FILL_AREA_STYLE_COLOUR('',#18964);
#19046 = CURVE_STYLE('',#19047,POSITIVE_LENGTH_MEASURE(0.1),#18967);
#19047 = DRAUGHTING_PRE_DEFINED_CURVE_FONT('continuous');
#19048 = MECHANICAL_DESIGN_GEOMETRIC_PRESENTATION_REPRESENTATION('',(
    #19049),#5630);
#19049 = STYLED_ITEM('color',(#19050),#5480);
#19050 = PRESENTATION_STYLE_ASSIGNMENT((#19051,#19057));
#19051 = SURFACE_STYLE_USAGE(.BOTH.,#19052);
#19052 = SURFACE_SIDE_STYLE('',(#19053));
#19053 = SURFACE_STYLE_FILL_AREA(#19054);
#19054 = FILL_AREA_STYLE('',(#19055));
#19055 = FILL_AREA_STYLE_COLOUR('',#19056);
#19056 = COLOUR_RGB('',1.,0.670000024756,0.);
#19057 = CURVE_STYLE('',#19058,POSITIVE_LENGTH_MEASURE(0.1),#18967);
#19058 = DRAUGHTING_PRE_DEFINED_CURVE_FONT('continuous');
#19059 = MECHANICAL_DESIGN_GEOMETRIC_PRESENTATION_REPRESENTATION('',(
    #19060),#5430);
#19060 = STYLED_ITEM('color',(#19061),#5280);
#19061 = PRESENTATION_STYLE_ASSIGNMENT((#19062,#19068));
#19062 = SURFACE_STYLE_USAGE(.BOTH.,#19063);
#19063 = SURFACE_SIDE_STYLE('',(#19064));
#19064 = SURFACE_STYLE_FILL_AREA(#19065);
#19065 = FILL_AREA_STYLE('',(#19066));
#19066 = FILL_AREA_STYLE_COLOUR('',#19067);
#19067 = DRAUGHTING_PRE_DEFINED_COLOUR('black');
#19068 = CURVE_STYLE('',#19069,POSITIVE_LENGTH_MEASURE(0.1),#18967);
#19069 = DRAUGHTING_PRE_DEFINED_CURVE_FONT('continuous');
#19070 = MECHANICAL_DESIGN_GEOMETRIC_PRESENTATION_REPRESENTATION('',(
    #19071),#4960);
#19071 = STYLED_ITEM('color',(#19072),#4678);
#19072 = PRESENTATION_STYLE_ASSIGNMENT((#19073,#19078));
#19073 = SURFACE_STYLE_USAGE(.BOTH.,#19074);
#19074 = SURFACE_SIDE_STYLE('',(#19075));
#19075 = SURFACE_STYLE_FILL_AREA(#19076);
#19076 = FILL_AREA_STYLE('',(#19077));
#19077 = FILL_AREA_STYLE_COLOUR('',#18964);
#19078 = CURVE_STYLE('',#19079,POSITIVE_LENGTH_MEASURE(0.1),#18967);
#19079 = DRAUGHTING_PRE_DEFINED_CURVE_FONT('continuous');
#19080 = MECHANICAL_DESIGN_GEOMETRIC_PRESENTATION_REPRESENTATION('',(
    #19081),#6914);
#19081 = STYLED_ITEM('color',(#19082),#6496);
#19082 = PRESENTATION_STYLE_ASSIGNMENT((#19083,#19088));
#19083 = SURFACE_STYLE_USAGE(.BOTH.,#19084);
#19084 = SURFACE_SIDE_STYLE('',(#19085));
#19085 = SURFACE_STYLE_FILL_AREA(#19086);
#19086 = FILL_AREA_STYLE('',(#19087));
#19087 = FILL_AREA_STYLE_COLOUR('',#18964);
#19088 = CURVE_STYLE('',#19089,POSITIVE_LENGTH_MEASURE(0.1),#18967);
#19089 = DRAUGHTING_PRE_DEFINED_CURVE_FONT('continuous');
ENDSEC;
END-ISO-10303-21;
